invoice_date,product,region,retailer,sales_method,state,price_per_unit,total,units_sold
"January 1, 2020",Men's Street Footwear,Northeast,Foot Locker,In-store,New York,50,"6,000",120
"January 2, 2020",Men's Athletic Footwear,Northeast,Foot Locker,In-store,New York,50,"5,000",100
"January 3, 2020",Women's Street Footwear,Northeast,Foot Locker,In-store,New York,40,"4,000",100
"January 4, 2020",Women's Athletic Footwear,Northeast,Foot Locker,In-store,New York,45,"3,825",85
"January 5, 2020",Men's Apparel,Northeast,Foot Locker,In-store,New York,60,"5,400",90
"January 6, 2020",Women's Apparel,Northeast,Foot Locker,In-store,New York,50,"5,000",100
"January 7, 2020",Men's Street Footwear,Northeast,Foot Locker,In-store,New York,50,"6,250",125
"January 8, 2020",Men's Athletic Footwear,Northeast,Foot Locker,Outlet,New York,50,"4,500",90
"January 21, 2020",Women's Street Footwear,Northeast,Foot Locker,Outlet,New York,40,"3,800",95
"January 22, 2020",Women's Athletic Footwear,Northeast,Foot Locker,Outlet,New York,45,"3,713",83
"January 23, 2020",Men's Apparel,Northeast,Foot Locker,Outlet,New York,60,"5,400",90
"January 24, 2020",Women's Apparel,Northeast,Foot Locker,Outlet,New York,50,"5,000",100
"January 25, 2020",Men's Street Footwear,Northeast,Foot Locker,Outlet,New York,50,"6,100",122
"January 26, 2020",Men's Athletic Footwear,Northeast,Foot Locker,Outlet,New York,50,"4,625",93
"January 27, 2020",Women's Street Footwear,Northeast,Foot Locker,Outlet,New York,40,"3,800",95
"January 28, 2020",Women's Athletic Footwear,Northeast,Foot Locker,Outlet,New York,45,"3,600",80
"January 29, 2020",Men's Apparel,Northeast,Foot Locker,Outlet,New York,60,"5,100",85
"January 30, 2020",Women's Apparel,Northeast,Foot Locker,Outlet,New York,50,"4,750",95
"January 31, 2020",Men's Street Footwear,Northeast,Foot Locker,Outlet,New York,50,"6,000",120
"February 1, 2020",Men's Athletic Footwear,Northeast,Foot Locker,Outlet,New York,50,"4,500",90
"February 2, 2020",Women's Street Footwear,Northeast,Foot Locker,Outlet,New York,40,"3,600",90
"February 3, 2020",Women's Athletic Footwear,Northeast,Foot Locker,Outlet,New York,45,"3,713",83
"February 4, 2020",Men's Apparel,Northeast,Foot Locker,Outlet,New York,60,"4,950",83
"February 5, 2020",Women's Apparel,Northeast,Foot Locker,Outlet,New York,50,"4,750",95
"February 6, 2020",Men's Street Footwear,Northeast,Foot Locker,Outlet,New York,60,"7,320",122
"February 7, 2020",Men's Athletic Footwear,Northeast,Foot Locker,Outlet,New York,55,"5,088",93
"February 8, 2020",Women's Street Footwear,Northeast,Foot Locker,Outlet,New York,50,"4,500",90
"February 9, 2020",Women's Athletic Footwear,Northeast,Foot Locker,Outlet,New York,50,"4,250",85
"February 10, 2020",Men's Apparel,Northeast,Foot Locker,Outlet,New York,60,"5,250",88
"March 3, 2020",Women's Apparel,Northeast,Foot Locker,Outlet,New York,65,"6,500",100
"March 4, 2020",Men's Street Footwear,Northeast,Foot Locker,Outlet,New York,60,"7,500",125
"March 5, 2020",Men's Athletic Footwear,Northeast,Foot Locker,Outlet,New York,55,"5,500",100
"March 6, 2020",Women's Street Footwear,Northeast,Foot Locker,Outlet,New York,50,"4,625",93
"March 7, 2020",Women's Athletic Footwear,Northeast,Foot Locker,Outlet,New York,50,"4,500",90
"March 8, 2020",Men's Apparel,Northeast,Foot Locker,Outlet,New York,60,"5,400",90
"March 9, 2020",Women's Apparel,Northeast,Foot Locker,Outlet,New York,65,"6,825",105
"March 10, 2020",Men's Street Footwear,Northeast,Foot Locker,Outlet,New York,60,"7,650",128
"March 11, 2020",Men's Athletic Footwear,Northeast,Foot Locker,Outlet,New York,55,"5,638",103
"March 12, 2020",Women's Street Footwear,Northeast,Foot Locker,Outlet,New York,50,"4,750",95
"March 13, 2020",Women's Athletic Footwear,Northeast,Foot Locker,Outlet,New York,50,"4,500",90
"March 14, 2020",Men's Apparel,Northeast,Foot Locker,Outlet,New York,60,"5,550",93
"March 15, 2020",Women's Apparel,Northeast,Foot Locker,Outlet,New York,65,"7,150",110
"March 16, 2020",Men's Street Footwear,Northeast,Foot Locker,Outlet,New York,60,"7,500",125
"March 17, 2020",Men's Athletic Footwear,Northeast,Foot Locker,Outlet,New York,55,"5,638",103
"March 18, 2020",Women's Street Footwear,Northeast,Foot Locker,Outlet,New York,50,"4,750",95
"March 31, 2020",Women's Athletic Footwear,Northeast,Foot Locker,Outlet,New York,50,"4,625",93
"April 17, 2020",Men's Apparel,Northeast,Walmart,Outlet,New York,60,"5,400",90
"April 18, 2020",Women's Apparel,Northeast,Walmart,Outlet,New York,65,"6,988",108
"April 19, 2020",Men's Street Footwear,Northeast,Walmart,Outlet,New York,60,"7,200",120
"April 20, 2020",Men's Athletic Footwear,Northeast,Walmart,Outlet,New York,55,"5,500",100
"April 21, 2020",Women's Street Footwear,Northeast,Walmart,Outlet,New York,50,"4,625",93
"April 22, 2020",Women's Athletic Footwear,Northeast,Walmart,Outlet,New York,50,"4,500",90
"April 23, 2020",Men's Apparel,Northeast,Walmart,Outlet,New York,60,"5,400",90
"April 24, 2020",Women's Apparel,Northeast,Walmart,Outlet,New York,65,"6,500",100
"April 25, 2020",Men's Apparel,Northeast,Walmart,Outlet,New York,65,"5,688",88
"April 26, 2020",Women's Apparel,Northeast,Walmart,Outlet,New York,70,"7,000",100
"April 27, 2020",Men's Street Footwear,Northeast,Walmart,Outlet,New York,65,"7,475",115
"April 28, 2020",Men's Athletic Footwear,Northeast,Walmart,Outlet,New York,55,"5,363",98
"April 29, 2020",Women's Street Footwear,Northeast,Walmart,Outlet,New York,55,"5,060",92
"April 30, 2020",Women's Athletic Footwear,Northeast,Walmart,Outlet,New York,55,"4,950",90
"May 1, 2020",Men's Apparel,Northeast,Walmart,Outlet,New York,65,"5,688",88
"May 2, 2020",Women's Apparel,Northeast,Walmart,Outlet,New York,70,"6,825",98
"May 3, 2020",Men's Street Footwear,Northeast,Walmart,Outlet,New York,65,"7,800",120
"May 4, 2020",Men's Athletic Footwear,Northeast,Walmart,Outlet,New York,55,"5,500",100
"May 5, 2020",Women's Street Footwear,Northeast,Walmart,Outlet,New York,55,"5,225",95
"May 6, 2020",Women's Athletic Footwear,Northeast,Walmart,Outlet,New York,55,"4,950",90
"May 7, 2020",Men's Apparel,Northeast,Walmart,Outlet,New York,65,"5,850",90
"July 18, 2020",Women's Apparel,Northeast,Walmart,Outlet,New York,70,"7,000",100
"July 19, 2020",Men's Street Footwear,Northeast,Sports Direct,Outlet,New York,25,"2,250",90
"July 20, 2020",Men's Athletic Footwear,Northeast,Sports Direct,Outlet,New York,35,"3,150",90
"July 21, 2020",Women's Street Footwear,Northeast,Sports Direct,Outlet,New York,35,"2,450",70
"July 22, 2020",Women's Athletic Footwear,Northeast,Sports Direct,Outlet,New York,35,"2,450",70
"July 23, 2020",Men's Apparel,South,Sports Direct,Outlet,Texas,40,"2,200",55
"July 24, 2020",Women's Apparel,South,Sports Direct,Outlet,Texas,35,"2,450",70
"July 25, 2020",Men's Street Footwear,South,Sports Direct,Outlet,Texas,25,"2,125",85
"July 26, 2020",Men's Athletic Footwear,South,Sports Direct,Outlet,Texas,35,"2,975",85
"July 27, 2020",Women's Street Footwear,South,Sports Direct,Outlet,Texas,35,"2,363",68
"July 28, 2020",Women's Athletic Footwear,South,Sports Direct,Outlet,Texas,35,"2,188",63
"July 29, 2020",Men's Apparel,South,Sports Direct,Outlet,Texas,40,"2,000",50
"July 30, 2020",Women's Apparel,South,Sports Direct,Outlet,Texas,35,"2,450",70
"July 31, 2020",Men's Street Footwear,South,Sports Direct,Outlet,Texas,30,"2,625",88
"August 1, 2020",Men's Athletic Footwear,South,Sports Direct,Outlet,Texas,40,"3,500",88
"August 2, 2020",Women's Street Footwear,South,Sports Direct,Outlet,Texas,35,"2,450",70
"August 3, 2020",Women's Athletic Footwear,South,Sports Direct,Outlet,Texas,40,"2,400",60
"August 4, 2020",Men's Apparel,South,Sports Direct,Outlet,Texas,45,"2,250",50
"August 5, 2020",Women's Apparel,South,Sports Direct,Outlet,Texas,40,"2,600",65
"August 6, 2020",Men's Street Footwear,South,Sports Direct,Outlet,Texas,30,"2,700",90
"August 7, 2020",Men's Athletic Footwear,South,Sports Direct,Outlet,Texas,40,"3,600",90
"August 8, 2020",Women's Street Footwear,South,Sports Direct,Outlet,Texas,35,"2,538",73
"August 9, 2020",Women's Athletic Footwear,South,Sports Direct,Outlet,Texas,40,"2,500",63
"August 10, 2020",Men's Apparel,South,Walmart,Outlet,Texas,45,"2,363",53
"August 11, 2020",Women's Apparel,South,Walmart,Outlet,Texas,40,"3,200",80
"August 12, 2020",Men's Street Footwear,South,Walmart,Outlet,Texas,30,"2,775",93
"August 13, 2020",Men's Athletic Footwear,South,Walmart,Outlet,Texas,40,"3,700",93
"August 14, 2020",Women's Street Footwear,South,Walmart,Outlet,Texas,35,"2,713",78
"August 15, 2020",Women's Athletic Footwear,South,Walmart,Outlet,Texas,40,"2,800",70
"August 16, 2020",Men's Apparel,South,Walmart,Outlet,Texas,45,"2,700",60
"August 17, 2020",Women's Apparel,South,Walmart,Outlet,Texas,40,"3,800",95
"August 18, 2020",Men's Street Footwear,South,Walmart,Outlet,Texas,40,"3,800",95
"August 19, 2020",Men's Athletic Footwear,South,Walmart,Outlet,Texas,45,"4,275",95
"August 20, 2020",Women's Street Footwear,South,Walmart,Outlet,Texas,40,"3,200",80
"August 21, 2020",Women's Athletic Footwear,South,Walmart,Outlet,Texas,40,"3,000",75
"August 22, 2020",Men's Apparel,South,Walmart,Outlet,Texas,45,"2,925",65
"August 23, 2020",Women's Apparel,South,Walmart,Outlet,Texas,50,"5,000",100
"August 24, 2020",Men's Street Footwear,South,Walmart,Outlet,Texas,40,"3,800",95
"August 25, 2020",Men's Athletic Footwear,South,Walmart,Outlet,Texas,45,"4,275",95
"August 26, 2020",Women's Street Footwear,South,Walmart,Outlet,Texas,40,"4,400",110
"August 27, 2020",Women's Athletic Footwear,South,Walmart,Outlet,Texas,40,"2,800",70
"August 28, 2020",Men's Apparel,South,Walmart,Outlet,Texas,45,"3,150",70
"August 29, 2020",Women's Apparel,South,Walmart,Outlet,Texas,50,"4,875",98
"August 30, 2020",Men's Street Footwear,South,Walmart,Outlet,Texas,40,"3,700",93
"August 31, 2020",Men's Athletic Footwear,South,Walmart,Outlet,Texas,45,"4,163",93
"September 1, 2020",Women's Street Footwear,South,Walmart,Outlet,Texas,40,"4,400",110
"September 2, 2020",Women's Athletic Footwear,South,Walmart,Outlet,Texas,40,"2,600",65
"September 3, 2020",Men's Apparel,South,Walmart,Outlet,Texas,45,"2,925",65
"September 4, 2020",Women's Apparel,South,Walmart,Outlet,Texas,50,"4,500",90
"September 5, 2020",Men's Street Footwear,South,Walmart,Outlet,Texas,45,"3,825",85
"September 6, 2020",Men's Athletic Footwear,South,Walmart,Outlet,Texas,45,"3,825",85
"September 7, 2020",Women's Street Footwear,South,Walmart,Outlet,Texas,50,"4,500",90
"September 8, 2020",Women's Athletic Footwear,South,Walmart,Outlet,Texas,50,"3,125",63
"September 9, 2020",Men's Apparel,South,Walmart,Outlet,Texas,45,"2,813",63
"September 10, 2020",Women's Apparel,South,Walmart,Outlet,Texas,55,"4,675",85
"September 11, 2020",Men's Street Footwear,South,Walmart,Outlet,Texas,45,"3,600",80
"September 12, 2020",Men's Athletic Footwear,South,Walmart,Outlet,Texas,45,"3,600",80
"September 13, 2020",Women's Street Footwear,South,Walmart,Outlet,Texas,50,"3,750",75
"September 14, 2020",Women's Athletic Footwear,South,Walmart,Outlet,Texas,50,"3,000",60
"September 15, 2020",Men's Apparel,South,Walmart,Outlet,Texas,45,"2,588",58
"September 16, 2020",Women's Apparel,South,Walmart,Outlet,Texas,55,"4,125",75
"October 20, 2020",Men's Street Footwear,South,Walmart,Outlet,Texas,45,"4,050",90
"October 21, 2020",Men's Athletic Footwear,South,Walmart,Outlet,Texas,45,"4,050",90
"October 22, 2020",Women's Street Footwear,South,Walmart,Outlet,Texas,50,"4,125",83
"October 23, 2020",Women's Athletic Footwear,South,Walmart,Outlet,Texas,50,"3,375",68
"October 24, 2020",Men's Apparel,South,Walmart,Outlet,Texas,45,"2,925",65
"October 25, 2020",Women's Apparel,South,Walmart,Outlet,Texas,55,"4,675",85
"October 26, 2020",Men's Street Footwear,South,Walmart,Outlet,Texas,45,"4,275",95
"October 27, 2020",Men's Athletic Footwear,South,Walmart,Outlet,Texas,45,"4,275",95
"October 28, 2020",Women's Street Footwear,South,Walmart,Outlet,Texas,50,"4,250",85
"October 29, 2020",Women's Athletic Footwear,South,Walmart,Outlet,Texas,50,"3,500",70
"October 30, 2020",Men's Apparel,South,Walmart,Outlet,Texas,45,"2,925",65
"October 31, 2020",Women's Apparel,South,Walmart,Outlet,Texas,55,"4,950",90
"November 1, 2020",Men's Street Footwear,South,West Gear,Outlet,Texas,40,"3,100",78
"November 2, 2020",Men's Athletic Footwear,South,West Gear,Outlet,Texas,50,"3,875",78
"November 3, 2020",Women's Street Footwear,South,West Gear,Outlet,Texas,50,"3,875",78
"November 4, 2020",Women's Athletic Footwear,South,West Gear,Outlet,Texas,50,"3,125",63
"November 5, 2020",Men's Apparel,West,West Gear,Outlet,California,55,"3,163",58
"November 6, 2020",Women's Apparel,West,West Gear,Outlet,California,50,"3,875",78
"November 7, 2020",Men's Street Footwear,West,West Gear,Outlet,California,40,"3,300",83
"November 8, 2020",Men's Athletic Footwear,West,West Gear,Outlet,California,50,"3,625",73
"November 9, 2020",Women's Street Footwear,West,West Gear,Outlet,California,50,"3,625",73
"November 10, 2020",Women's Athletic Footwear,West,West Gear,Outlet,California,50,"2,875",58
"November 11, 2020",Men's Apparel,West,West Gear,Outlet,California,55,"2,750",50
"November 12, 2020",Women's Apparel,West,West Gear,Outlet,California,50,"3,500",70
"November 13, 2020",Men's Street Footwear,West,West Gear,Outlet,California,50,"4,250",85
"November 14, 2020",Men's Athletic Footwear,West,West Gear,Outlet,California,60,"4,200",70
"November 15, 2020",Women's Street Footwear,West,West Gear,Outlet,California,60,"4,200",70
"December 22, 2020",Women's Athletic Footwear,West,West Gear,Outlet,California,60,"3,600",60
"December 23, 2020",Men's Apparel,West,West Gear,Outlet,California,65,"3,250",50
"December 24, 2020",Women's Apparel,West,West Gear,Outlet,California,60,"4,200",70
"December 25, 2020",Men's Street Footwear,West,West Gear,Outlet,California,60,"5,250",88
"December 26, 2020",Men's Athletic Footwear,West,West Gear,Outlet,California,65,"4,388",68
"December 27, 2020",Women's Street Footwear,West,West Gear,Outlet,California,65,"4,713",73
"December 28, 2020",Women's Athletic Footwear,West,West Gear,Outlet,California,60,"3,750",63
"December 29, 2020",Men's Apparel,West,West Gear,Outlet,California,65,"3,413",53
"December 30, 2020",Women's Apparel,West,West Gear,Outlet,California,80,"5,600",70
"December 31, 2020",Men's Street Footwear,West,West Gear,Outlet,California,60,"5,400",90
"January 1, 2021",Men's Athletic Footwear,West,West Gear,Outlet,California,65,"4,875",75
"January 2, 2021",Women's Street Footwear,West,West Gear,Outlet,California,65,"4,875",75
"January 3, 2021",Women's Athletic Footwear,West,West Gear,Outlet,California,60,"3,900",65
"January 4, 2021",Men's Apparel,West,West Gear,Outlet,California,65,"3,575",55
"January 5, 2021",Women's Apparel,West,West Gear,Outlet,California,80,"5,800",73
"January 6, 2021",Men's Street Footwear,West,West Gear,Outlet,California,60,"5,850",98
"January 7, 2021",Men's Athletic Footwear,West,West Gear,Outlet,California,65,"5,363",83
"January 8, 2021",Women's Street Footwear,West,West Gear,Outlet,California,65,"5,363",83
"January 9, 2021",Women's Athletic Footwear,West,West Gear,Outlet,California,60,"4,200",70
"January 10, 2021",Men's Apparel,West,West Gear,Outlet,California,65,"3,738",58
"January 11, 2021",Women's Apparel,West,West Gear,Outlet,California,80,"7,000",88
"January 12, 2021",Men's Street Footwear,West,West Gear,Outlet,California,60,"6,150",103
"January 13, 2021",Men's Athletic Footwear,West,West Gear,Outlet,California,65,"5,688",88
"January 14, 2021",Women's Street Footwear,West,West Gear,Outlet,California,65,"5,363",83
"January 15, 2021",Women's Athletic Footwear,West,West Gear,Outlet,California,60,"4,350",73
"January 16, 2021",Men's Apparel,West,West Gear,Outlet,California,65,"5,038",78
"January 17, 2021",Women's Apparel,West,West Gear,Outlet,California,80,"6,200",78
"January 18, 2021",Men's Street Footwear,West,West Gear,Outlet,California,65,"6,338",98
"January 19, 2021",Men's Athletic Footwear,West,West Gear,Outlet,California,70,"6,475",93
"January 20, 2021",Women's Street Footwear,West,West Gear,Outlet,California,65,"5,200",80
"January 21, 2021",Women's Athletic Footwear,West,West Gear,Outlet,California,65,"4,875",75
"January 22, 2021",Men's Apparel,West,West Gear,Outlet,California,75,"5,625",75
"January 23, 2021",Women's Apparel,West,West Gear,Outlet,California,80,"5,800",73
"January 24, 2021",Men's Street Footwear,West,West Gear,Outlet,California,55,"5,088",93
"January 25, 2021",Men's Athletic Footwear,West,West Gear,Outlet,California,60,"5,550",93
"January 26, 2021",Women's Street Footwear,West,West Gear,Outlet,California,55,"4,263",78
"January 27, 2021",Women's Athletic Footwear,West,West Gear,Outlet,California,55,"3,988",73
"January 28, 2021",Men's Apparel,West,West Gear,Outlet,California,65,"4,713",73
"January 29, 2021",Women's Apparel,West,West Gear,Outlet,California,70,"5,425",78
"January 30, 2021",Men's Street Footwear,West,West Gear,Outlet,California,55,"4,813",88
"January 31, 2021",Men's Athletic Footwear,West,West Gear,Outlet,California,60,"5,250",88
"February 1, 2021",Women's Street Footwear,West,West Gear,Outlet,California,55,"3,850",70
"February 2, 2021",Women's Athletic Footwear,West,West Gear,Outlet,California,55,"3,713",68
"February 3, 2021",Men's Apparel,West,West Gear,Outlet,California,65,"4,225",65
"February 4, 2021",Women's Apparel,West,West Gear,Outlet,California,70,"4,900",70
"February 5, 2021",Men's Street Footwear,West,West Gear,Outlet,California,55,"4,813",88
"February 6, 2021",Men's Athletic Footwear,West,West Gear,Outlet,California,60,"5,250",88
"February 7, 2021",Women's Street Footwear,West,West Gear,Outlet,California,55,"3,988",73
"February 8, 2021",Women's Athletic Footwear,West,West Gear,Outlet,California,55,"3,850",70
"February 9, 2021",Men's Apparel,West,West Gear,Outlet,California,65,"4,225",65
"February 10, 2021",Women's Apparel,West,West Gear,Outlet,California,70,"5,425",78
"February 11, 2021",Men's Street Footwear,West,West Gear,Outlet,California,55,"5,363",98
"February 12, 2021",Men's Athletic Footwear,West,West Gear,Outlet,California,60,"5,850",98
"February 13, 2021",Women's Street Footwear,West,West Gear,Outlet,California,55,"4,263",78
"February 14, 2021",Women's Athletic Footwear,West,West Gear,Outlet,California,55,"4,263",78
"February 15, 2021",Men's Apparel,West,West Gear,Outlet,California,65,"4,550",70
"February 16, 2021",Women's Apparel,West,West Gear,Outlet,California,70,"5,600",80
"February 17, 2021",Men's Street Footwear,West,Kohl's,Outlet,California,35,"2,450",70
"February 18, 2021",Men's Athletic Footwear,West,Kohl's,Outlet,California,45,"3,150",70
"March 9, 2021",Women's Street Footwear,West,Kohl's,Outlet,California,45,"3,150",70
"March 10, 2021",Women's Athletic Footwear,West,Kohl's,Outlet,California,45,"2,475",55
"March 11, 2021",Men's Apparel,West,Kohl's,Outlet,California,50,"2,500",50
"March 12, 2021",Women's Apparel,West,Kohl's,Outlet,California,45,"3,150",70
"March 13, 2021",Men's Street Footwear,West,Kohl's,Outlet,California,35,"2,625",75
"March 14, 2021",Men's Athletic Footwear,West,Kohl's,Outlet,California,45,"2,925",65
"March 15, 2021",Women's Street Footwear,West,Kohl's,Outlet,California,45,"3,038",68
"March 16, 2021",Women's Athletic Footwear,West,Kohl's,Outlet,California,45,"2,363",53
"March 17, 2021",Men's Apparel,West,Kohl's,Outlet,California,50,"2,250",45
"March 18, 2021",Women's Apparel,West,Kohl's,Outlet,California,45,"2,925",65
"March 19, 2021",Men's Street Footwear,West,Kohl's,Outlet,California,35,"2,800",80
"March 20, 2021",Men's Athletic Footwear,West,Kohl's,Outlet,California,45,"2,925",65
"March 21, 2021",Women's Street Footwear,West,Kohl's,Outlet,California,45,"2,925",65
"March 22, 2021",Women's Athletic Footwear,West,Kohl's,Outlet,California,45,"2,475",55
"March 23, 2021",Men's Apparel,West,Kohl's,Outlet,California,50,"2,125",43
"April 6, 2021",Women's Apparel,West,Kohl's,Outlet,California,45,"2,813",63
"April 7, 2021",Men's Street Footwear,West,Kohl's,Outlet,California,45,"3,600",80
"April 8, 2021",Men's Athletic Footwear,West,Kohl's,Outlet,California,50,"3,000",60
"April 9, 2021",Women's Street Footwear,West,Kohl's,Outlet,California,50,"3,125",63
"April 10, 2021",Women's Athletic Footwear,West,Kohl's,Outlet,California,45,"2,363",53
"April 11, 2021",Men's Apparel,West,Kohl's,Outlet,California,50,"2,125",43
"April 12, 2021",Women's Apparel,West,Kohl's,Outlet,California,65,"3,900",60
"April 13, 2021",Men's Street Footwear,West,Kohl's,Outlet,California,45,"3,600",80
"April 14, 2021",Men's Athletic Footwear,West,Kohl's,Outlet,California,50,"3,250",65
"April 15, 2021",Women's Street Footwear,West,Kohl's,Outlet,California,50,"3,250",65
"April 16, 2021",Women's Athletic Footwear,West,Kohl's,Outlet,California,45,"2,475",55
"April 17, 2021",Men's Apparel,West,Kohl's,Outlet,California,50,"2,250",45
"April 18, 2021",Women's Apparel,West,Kohl's,Outlet,California,65,"4,063",63
"April 19, 2021",Men's Street Footwear,West,Kohl's,Outlet,California,45,"4,050",90
"April 20, 2021",Men's Athletic Footwear,West,Kohl's,Outlet,California,50,"3,750",75
"April 21, 2021",Women's Street Footwear,West,Kohl's,Outlet,California,50,"3,750",75
"April 22, 2021",Women's Athletic Footwear,West,Kohl's,Outlet,California,45,"2,813",63
"April 23, 2021",Men's Apparel,West,Kohl's,Outlet,California,50,"2,500",50
"April 24, 2021",Women's Apparel,West,Kohl's,Outlet,California,65,"5,200",80
"April 25, 2021",Men's Street Footwear,West,Kohl's,Outlet,California,45,"4,275",95
"April 26, 2021",Men's Athletic Footwear,West,Kohl's,Outlet,California,50,"4,000",80
"April 27, 2021",Women's Street Footwear,West,Kohl's,Outlet,California,50,"3,750",75
"April 28, 2021",Women's Athletic Footwear,West,Kohl's,Outlet,California,45,"2,925",65
"April 29, 2021",Men's Apparel,West,Kohl's,Outlet,California,50,"3,500",70
"April 30, 2021",Women's Apparel,West,Kohl's,Outlet,California,65,"4,550",70
"May 1, 2021",Men's Street Footwear,West,Kohl's,Outlet,California,50,"4,500",90
"May 2, 2021",Men's Athletic Footwear,West,Kohl's,Outlet,California,55,"4,675",85
"May 3, 2021",Women's Street Footwear,West,Kohl's,Outlet,California,50,"3,625",73
"May 4, 2021",Women's Athletic Footwear,West,Kohl's,Outlet,California,50,"3,375",68
"May 5, 2021",Men's Apparel,West,Kohl's,Outlet,California,60,"4,050",68
"May 6, 2021",Women's Apparel,West,Kohl's,Outlet,California,65,"4,225",65
"May 7, 2021",Men's Street Footwear,West,Kohl's,Outlet,California,50,"4,250",85
"May 8, 2021",Men's Athletic Footwear,West,Kohl's,Outlet,California,55,"4,675",85
"May 9, 2021",Women's Street Footwear,West,Kohl's,Outlet,California,50,"3,500",70
"May 10, 2021",Women's Athletic Footwear,West,Kohl's,Outlet,California,50,"3,250",65
"May 11, 2021",Men's Apparel,West,Kohl's,Outlet,California,60,"3,900",65
"May 12, 2021",Women's Apparel,West,Kohl's,Outlet,California,65,"4,550",70
"May 13, 2021",Men's Street Footwear,West,Kohl's,Outlet,California,50,"4,000",80
"May 14, 2021",Men's Athletic Footwear,West,Kohl's,Outlet,California,55,"4,400",80
"May 15, 2021",Women's Street Footwear,West,Kohl's,Outlet,California,50,"3,250",65
"May 16, 2021",Women's Athletic Footwear,West,Kohl's,Outlet,California,50,"3,125",63
"May 17, 2021",Men's Apparel,West,Kohl's,Outlet,California,60,"3,600",60
"May 18, 2021",Women's Apparel,West,Kohl's,Outlet,California,65,"4,225",65
"May 19, 2021",Men's Street Footwear,West,Kohl's,Outlet,California,50,"4,125",83
"May 20, 2021",Men's Athletic Footwear,West,Kohl's,Outlet,California,55,"4,538",83
"May 21, 2021",Women's Street Footwear,West,Kohl's,Outlet,California,50,"3,375",68
"May 22, 2021",Women's Athletic Footwear,West,Kohl's,Outlet,California,50,"3,250",65
"May 23, 2021",Men's Apparel,West,Kohl's,Outlet,California,60,"3,600",60
"May 24, 2021",Women's Apparel,West,Kohl's,Outlet,California,65,"4,550",70
"May 25, 2021",Men's Street Footwear,West,Kohl's,Outlet,California,50,"4,500",90
"May 26, 2021",Men's Athletic Footwear,West,Kohl's,Outlet,California,55,"4,950",90
"May 27, 2021",Women's Street Footwear,West,Kohl's,Outlet,California,50,"3,500",70
"May 28, 2021",Women's Athletic Footwear,West,Kohl's,Outlet,California,50,"3,500",70
"May 29, 2021",Men's Apparel,West,Kohl's,Outlet,California,60,"3,750",63
"May 30, 2021",Women's Apparel,West,Kohl's,Outlet,California,65,"4,713",73
"May 31, 2021",Men's Street Footwear,West,Foot Locker,Outlet,California,45,"2,138",48
"June 1, 2021",Men's Athletic Footwear,West,Foot Locker,Outlet,California,45,"1,238",28
"June 2, 2021",Women's Street Footwear,West,Foot Locker,Outlet,California,35,963,28
"June 3, 2021",Women's Athletic Footwear,West,Foot Locker,Outlet,California,40,500,13
"June 4, 2021",Men's Apparel,Midwest,Foot Locker,Outlet,Illinois,55,963,18
"June 5, 2021",Women's Apparel,Midwest,Foot Locker,Outlet,Illinois,45,"1,238",28
"June 6, 2021",Men's Street Footwear,Midwest,Foot Locker,Outlet,Illinois,45,"2,363",53
"June 7, 2021",Men's Athletic Footwear,Midwest,Foot Locker,Outlet,Illinois,45,788,18
"June 8, 2021",Women's Street Footwear,Midwest,Foot Locker,Outlet,Illinois,35,788,23
"June 9, 2021",Women's Athletic Footwear,Midwest,Foot Locker,Outlet,Illinois,40,400,10
"June 10, 2021",Men's Apparel,Midwest,Foot Locker,Outlet,Illinois,55,963,18
"June 11, 2021",Women's Apparel,Midwest,Foot Locker,Outlet,Illinois,45,"1,238",28
"June 12, 2021",Men's Street Footwear,Midwest,Foot Locker,Outlet,Illinois,50,"2,475",50
"June 13, 2021",Men's Athletic Footwear,Midwest,Foot Locker,Outlet,Illinois,50,"1,000",20
"June 14, 2021",Women's Street Footwear,Midwest,Foot Locker,Outlet,Illinois,40,900,23
"June 15, 2021",Women's Athletic Footwear,Midwest,Foot Locker,Outlet,Illinois,45,338,8
"June 16, 2021",Men's Apparel,Midwest,Foot Locker,Outlet,Illinois,60,750,13
"June 17, 2021",Women's Apparel,Midwest,Foot Locker,Outlet,Illinois,50,"1,125",23
"June 18, 2021",Men's Street Footwear,Midwest,Foot Locker,Outlet,Illinois,50,"2,250",45
"June 19, 2021",Men's Athletic Footwear,Midwest,Foot Locker,Outlet,Illinois,50,750,15
"June 20, 2021",Women's Street Footwear,Midwest,Foot Locker,Outlet,Illinois,40,600,15
"June 21, 2021",Women's Athletic Footwear,Midwest,Foot Locker,Outlet,Illinois,45,338,8
"June 22, 2021",Men's Apparel,Midwest,Foot Locker,Outlet,Illinois,60,600,10
"June 23, 2021",Women's Apparel,Midwest,Foot Locker,Outlet,Illinois,50,"1,125",23
"June 24, 2021",Men's Street Footwear,Midwest,Foot Locker,Outlet,Illinois,60,"2,970",50
"June 25, 2021",Men's Athletic Footwear,Midwest,Foot Locker,Outlet,Illinois,55,"1,100",20
"June 26, 2021",Women's Street Footwear,Midwest,Foot Locker,Outlet,Illinois,50,875,18
"June 27, 2021",Women's Athletic Footwear,Midwest,Foot Locker,Outlet,Illinois,50,500,10
"June 28, 2021",Men's Apparel,Midwest,Foot Locker,Outlet,Illinois,60,750,13
"June 29, 2021",Women's Apparel,Midwest,Foot Locker,Outlet,Illinois,65,"1,625",25
"June 30, 2021",Men's Street Footwear,Midwest,Foot Locker,Outlet,Illinois,50,"2,500",50
"July 1, 2021",Men's Athletic Footwear,Midwest,Foot Locker,Outlet,Illinois,45,"1,125",25
"July 2, 2021",Women's Street Footwear,Midwest,Foot Locker,Outlet,Illinois,40,800,20
"July 3, 2021",Women's Athletic Footwear,Midwest,Foot Locker,Outlet,Illinois,40,700,18
"July 4, 2021",Men's Apparel,Midwest,Foot Locker,Outlet,Illinois,50,875,18
"July 5, 2021",Women's Apparel,Midwest,Foot Locker,Outlet,Illinois,55,"1,925",35
"July 6, 2021",Men's Street Footwear,Midwest,Foot Locker,Outlet,Illinois,50,"2,875",58
"July 7, 2021",Men's Athletic Footwear,Midwest,Foot Locker,Outlet,Illinois,45,"1,463",33
"July 8, 2021",Women's Street Footwear,Midwest,Foot Locker,Outlet,Illinois,40,"1,000",25
"July 9, 2021",Women's Athletic Footwear,Midwest,Foot Locker,Outlet,Illinois,40,800,20
"July 10, 2021",Men's Apparel,Midwest,Foot Locker,Outlet,Illinois,50,"1,125",23
"July 11, 2021",Women's Apparel,Midwest,Foot Locker,Outlet,Illinois,55,"2,200",40
"July 12, 2021",Men's Street Footwear,Midwest,Foot Locker,Outlet,Illinois,50,"2,750",55
"July 13, 2021",Men's Athletic Footwear,Midwest,Foot Locker,Outlet,Illinois,45,"1,463",33
"July 14, 2021",Women's Street Footwear,Midwest,Foot Locker,Outlet,Illinois,40,"1,000",25
"July 15, 2021",Women's Athletic Footwear,Midwest,Foot Locker,Outlet,Illinois,40,900,23
"July 16, 2021",Men's Apparel,Midwest,Foot Locker,Outlet,Illinois,50,"1,000",20
"July 17, 2021",Women's Apparel,Midwest,Foot Locker,Outlet,Illinois,55,"2,063",38
"July 18, 2021",Men's Street Footwear,Midwest,Foot Locker,Outlet,Illinois,50,"2,500",50
"July 19, 2021",Men's Athletic Footwear,Midwest,Foot Locker,Outlet,Illinois,45,"1,350",30
"July 20, 2021",Women's Street Footwear,Midwest,Foot Locker,Outlet,Illinois,40,800,20
"July 21, 2021",Women's Athletic Footwear,Midwest,Foot Locker,Outlet,Illinois,40,700,18
"July 22, 2021",Men's Apparel,Midwest,Foot Locker,Outlet,Illinois,50,875,18
"July 23, 2021",Women's Apparel,Midwest,Foot Locker,Outlet,Illinois,55,"1,375",25
"July 24, 2021",Men's Street Footwear,Midwest,Foot Locker,Outlet,Illinois,60,"2,550",43
"July 25, 2021",Men's Athletic Footwear,Midwest,Foot Locker,Outlet,Illinois,50,"1,250",25
"July 26, 2021",Women's Street Footwear,Midwest,Foot Locker,Outlet,Illinois,50,750,15
"July 27, 2021",Women's Athletic Footwear,Midwest,Foot Locker,Outlet,Illinois,50,625,13
"July 28, 2021",Men's Apparel,Midwest,Foot Locker,Outlet,Illinois,60,750,13
"July 29, 2021",Women's Apparel,Midwest,Foot Locker,Outlet,Illinois,65,"1,625",25
"July 30, 2021",Men's Street Footwear,Midwest,Foot Locker,Outlet,Illinois,60,"2,400",40
"July 31, 2021",Men's Athletic Footwear,Midwest,Foot Locker,Outlet,Illinois,50,"1,250",25
"August 1, 2021",Women's Street Footwear,Midwest,Foot Locker,Outlet,Illinois,50,975,20
"August 2, 2021",Women's Athletic Footwear,Midwest,Foot Locker,Outlet,Illinois,50,875,18
"August 3, 2021",Men's Apparel,Midwest,Foot Locker,Outlet,Illinois,60,900,15
"August 4, 2021",Women's Apparel,Midwest,Foot Locker,Outlet,Illinois,65,"1,625",25
"August 5, 2021",Men's Street Footwear,Midwest,Foot Locker,Outlet,Illinois,60,"3,000",50
"August 6, 2021",Men's Athletic Footwear,Midwest,Foot Locker,Outlet,Illinois,50,"1,500",30
"August 7, 2021",Women's Street Footwear,Midwest,Foot Locker,Outlet,Illinois,50,"1,250",25
"August 8, 2021",Women's Athletic Footwear,Midwest,Foot Locker,Outlet,Illinois,50,"1,000",20
"August 9, 2021",Men's Apparel,Midwest,Foot Locker,Outlet,Illinois,60,"1,200",20
"August 10, 2021",Women's Apparel,Midwest,Foot Locker,Outlet,Illinois,65,"1,950",30
"August 11, 2021",Men's Street Footwear,Midwest,Sports Direct,Outlet,Illinois,20,"1,450",73
"August 12, 2021",Men's Athletic Footwear,Midwest,Sports Direct,Outlet,Illinois,30,"2,175",73
"August 13, 2021",Women's Street Footwear,Midwest,Sports Direct,Outlet,Illinois,30,"1,575",53
"August 14, 2021",Women's Athletic Footwear,Midwest,Sports Direct,Outlet,Illinois,35,"1,838",53
"August 15, 2021",Men's Apparel,South,Sports Direct,Outlet,Texas,40,"1,500",38
"August 16, 2021",Women's Apparel,South,Sports Direct,Outlet,Texas,35,"1,838",53
"August 17, 2021",Men's Street Footwear,South,Sports Direct,Outlet,Texas,25,"1,688",68
"August 18, 2021",Men's Athletic Footwear,South,Sports Direct,Outlet,Texas,35,"2,275",65
"August 19, 2021",Women's Street Footwear,South,Sports Direct,Outlet,Texas,35,"1,663",48
"August 20, 2021",Women's Athletic Footwear,South,Sports Direct,Outlet,Texas,35,"1,488",43
"August 21, 2021",Men's Apparel,South,Sports Direct,Outlet,Texas,40,"1,200",30
"August 22, 2021",Women's Apparel,South,Sports Direct,Outlet,Texas,35,"1,750",50
"August 23, 2021",Men's Street Footwear,South,Sports Direct,Outlet,Texas,30,"2,025",68
"August 24, 2021",Men's Athletic Footwear,South,Sports Direct,Outlet,Texas,40,"2,700",68
"August 25, 2021",Women's Street Footwear,South,Sports Direct,Outlet,Texas,30,"1,500",50
"August 26, 2021",Women's Athletic Footwear,South,Sports Direct,Outlet,Texas,35,"1,400",40
"August 27, 2021",Men's Apparel,South,Sports Direct,Outlet,Texas,40,"1,200",30
"August 28, 2021",Women's Apparel,South,Sports Direct,Outlet,Texas,35,"1,575",45
"August 29, 2021",Men's Street Footwear,South,Sports Direct,Outlet,Texas,20,"1,400",70
"August 30, 2021",Men's Athletic Footwear,South,Sports Direct,Outlet,Texas,30,"2,100",70
"August 31, 2021",Women's Street Footwear,South,Sports Direct,Outlet,Texas,25,"1,313",53
"September 1, 2021",Women's Athletic Footwear,South,Sports Direct,Outlet,Texas,30,"1,275",43
"September 2, 2021",Men's Apparel,South,Sports Direct,Outlet,Texas,35,"1,138",33
"September 3, 2021",Women's Apparel,South,Sports Direct,Outlet,Texas,30,"1,800",60
"September 4, 2021",Men's Street Footwear,South,Sports Direct,Outlet,Texas,20,"1,500",75
"September 5, 2021",Men's Athletic Footwear,South,Sports Direct,Outlet,Texas,30,"2,325",78
"September 6, 2021",Women's Street Footwear,South,Sports Direct,Outlet,Texas,25,"1,563",63
"September 7, 2021",Women's Athletic Footwear,South,Sports Direct,Outlet,Texas,35,"1,925",55
"September 8, 2021",Men's Apparel,South,Sports Direct,Outlet,Texas,50,"2,250",45
"September 9, 2021",Women's Apparel,South,Sports Direct,Outlet,Texas,45,"3,600",80
"September 10, 2021",Men's Street Footwear,South,Sports Direct,Outlet,Texas,45,"3,600",80
"September 11, 2021",Men's Athletic Footwear,South,Sports Direct,Outlet,Texas,50,"4,000",80
"September 12, 2021",Women's Street Footwear,South,Sports Direct,Outlet,Texas,45,"2,925",65
"September 13, 2021",Women's Athletic Footwear,South,Sports Direct,Outlet,Texas,45,"2,700",60
"September 14, 2021",Men's Apparel,South,Sports Direct,Outlet,Texas,50,"2,500",50
"September 15, 2021",Women's Apparel,South,Sports Direct,Outlet,Texas,55,"4,813",88
"September 16, 2021",Men's Street Footwear,South,Sports Direct,Outlet,Texas,45,"3,713",83
"September 17, 2021",Men's Athletic Footwear,South,Sports Direct,Outlet,Texas,50,"4,125",83
"September 18, 2021",Women's Street Footwear,South,Sports Direct,Outlet,Texas,45,"4,388",98
"September 19, 2021",Women's Athletic Footwear,South,Sports Direct,Outlet,Texas,45,"2,588",58
"September 20, 2021",Men's Apparel,South,Sports Direct,Outlet,Texas,50,"2,875",58
"September 21, 2021",Women's Apparel,South,Sports Direct,Outlet,Texas,60,"5,100",85
"September 22, 2021",Men's Street Footwear,South,Sports Direct,Outlet,Texas,50,"4,000",80
"September 23, 2021",Men's Athletic Footwear,South,Sports Direct,Outlet,Texas,55,"4,400",80
"September 24, 2021",Women's Street Footwear,South,Sports Direct,Outlet,Texas,50,"4,875",98
"September 25, 2021",Women's Athletic Footwear,South,Sports Direct,Outlet,Texas,50,"2,625",53
"September 26, 2021",Men's Apparel,South,Sports Direct,Outlet,Texas,55,"2,888",53
"September 27, 2021",Women's Apparel,South,Sports Direct,Outlet,Texas,60,"4,650",78
"September 28, 2021",Men's Street Footwear,South,Sports Direct,Outlet,Texas,55,"3,988",73
"September 29, 2021",Men's Athletic Footwear,South,Sports Direct,Outlet,Texas,55,"3,713",68
"September 30, 2021",Women's Street Footwear,South,Sports Direct,Outlet,Texas,60,"4,350",73
"October 1, 2021",Women's Athletic Footwear,South,Sports Direct,Outlet,Texas,60,"2,700",45
"October 2, 2021",Men's Apparel,South,Sports Direct,Outlet,Texas,55,"2,475",45
"October 3, 2021",Women's Apparel,South,Sports Direct,Outlet,Texas,50,"3,375",68
"October 4, 2021",Men's Street Footwear,South,Sports Direct,Outlet,Texas,40,"2,500",63
"October 5, 2021",Men's Athletic Footwear,South,Sports Direct,Outlet,Texas,40,"2,500",63
"October 6, 2021",Women's Street Footwear,South,Sports Direct,Outlet,Texas,45,"2,588",58
"October 7, 2021",Women's Athletic Footwear,South,Sports Direct,Outlet,Texas,45,"1,913",43
"October 8, 2021",Men's Apparel,South,Sports Direct,Outlet,Texas,40,"1,600",40
"October 9, 2021",Women's Apparel,South,Sports Direct,Outlet,Texas,50,"2,875",58
"October 10, 2021",Men's Street Footwear,South,Sports Direct,Outlet,Texas,40,"2,900",73
"October 11, 2021",Men's Athletic Footwear,South,Sports Direct,Outlet,Texas,40,"2,900",73
"October 12, 2021",Women's Street Footwear,South,Sports Direct,Outlet,Texas,65,"4,225",65
"October 13, 2021",Women's Athletic Footwear,South,Sports Direct,Outlet,Texas,65,"3,250",50
"October 14, 2021",Men's Apparel,South,Sports Direct,Outlet,Texas,60,"2,850",48
"October 15, 2021",Women's Apparel,South,Sports Direct,Outlet,Texas,70,"4,725",68
"October 16, 2021",Men's Street Footwear,South,Sports Direct,Outlet,Texas,60,"4,950",83
"October 17, 2021",Men's Athletic Footwear,South,Sports Direct,Outlet,Texas,60,"4,950",83
"October 18, 2021",Women's Street Footwear,South,Sports Direct,Outlet,Texas,65,"4,713",73
"October 19, 2021",Women's Athletic Footwear,South,Sports Direct,Outlet,Texas,65,"3,738",58
"October 20, 2021",Men's Apparel,South,Sports Direct,Outlet,Texas,60,"3,150",53
"October 21, 2021",Women's Apparel,South,Sports Direct,Outlet,Texas,70,"5,425",78
"October 22, 2021",Men's Street Footwear,South,Foot Locker,Outlet,Texas,45,"1,913",43
"October 23, 2021",Men's Athletic Footwear,South,Foot Locker,Outlet,Texas,45,"1,013",23
"October 24, 2021",Women's Street Footwear,South,Foot Locker,Outlet,Texas,35,788,23
"October 25, 2021",Women's Athletic Footwear,South,Foot Locker,Outlet,Texas,40,300,8
"October 26, 2021",Men's Apparel,Northeast,Foot Locker,Outlet,Pennsylvania,55,688,13
"October 27, 2021",Women's Apparel,Northeast,Foot Locker,Outlet,Pennsylvania,45,"1,013",23
"October 28, 2021",Men's Street Footwear,Northeast,Foot Locker,Outlet,Pennsylvania,45,"2,138",48
"October 29, 2021",Men's Athletic Footwear,Northeast,Foot Locker,Outlet,Pennsylvania,45,563,13
"October 30, 2021",Women's Street Footwear,Northeast,Foot Locker,Outlet,Pennsylvania,35,613,18
"October 31, 2021",Women's Athletic Footwear,Northeast,Foot Locker,Outlet,Pennsylvania,40,200,5
"November 1, 2021",Men's Apparel,Northeast,Foot Locker,Outlet,Pennsylvania,55,688,13
"November 2, 2021",Women's Apparel,Northeast,Foot Locker,Outlet,Pennsylvania,45,"1,013",23
"November 3, 2021",Men's Street Footwear,Northeast,Foot Locker,Outlet,Pennsylvania,50,"2,225",45
"November 4, 2021",Men's Athletic Footwear,Northeast,Foot Locker,Outlet,Pennsylvania,50,750,15
"November 5, 2021",Women's Street Footwear,Northeast,Foot Locker,Outlet,Pennsylvania,40,700,18
"November 6, 2021",Women's Athletic Footwear,Northeast,Foot Locker,Outlet,Pennsylvania,45,113,3
"November 7, 2021",Men's Apparel,Northeast,Foot Locker,Outlet,Pennsylvania,60,450,8
"November 8, 2021",Women's Apparel,Northeast,Foot Locker,Outlet,Pennsylvania,50,875,18
"November 9, 2021",Men's Street Footwear,Northeast,Foot Locker,Outlet,Pennsylvania,50,"2,250",45
"November 10, 2021",Men's Athletic Footwear,Northeast,Foot Locker,Outlet,Pennsylvania,50,750,15
"November 11, 2021",Women's Street Footwear,Northeast,Foot Locker,Outlet,Pennsylvania,40,600,15
"November 12, 2021",Women's Athletic Footwear,Northeast,Foot Locker,Outlet,Pennsylvania,45,338,8
"November 13, 2021",Men's Apparel,Northeast,Foot Locker,Outlet,Pennsylvania,60,450,8
"November 14, 2021",Women's Apparel,Northeast,Foot Locker,Outlet,Pennsylvania,50,"1,000",20
"November 15, 2021",Men's Street Footwear,Northeast,Foot Locker,Outlet,Pennsylvania,60,"2,820",47
"November 16, 2021",Men's Athletic Footwear,Northeast,Foot Locker,Outlet,Pennsylvania,60,"1,050",18
"November 17, 2021",Women's Street Footwear,Northeast,Foot Locker,Outlet,Pennsylvania,55,825,15
"November 18, 2021",Women's Athletic Footwear,Northeast,Foot Locker,Outlet,Pennsylvania,55,550,10
"November 19, 2021",Men's Apparel,Northeast,Foot Locker,Outlet,Pennsylvania,65,813,13
"November 20, 2021",Women's Apparel,Northeast,Foot Locker,Outlet,Pennsylvania,70,"1,750",25
"November 21, 2021",Men's Street Footwear,Northeast,Foot Locker,Outlet,Pennsylvania,65,"3,250",50
"November 22, 2021",Men's Athletic Footwear,Northeast,Foot Locker,Outlet,Pennsylvania,60,"1,500",25
"November 23, 2021",Women's Street Footwear,Northeast,Foot Locker,Outlet,Pennsylvania,55,963,18
"November 24, 2021",Women's Athletic Footwear,Northeast,Foot Locker,Outlet,Pennsylvania,55,825,15
"November 25, 2021",Men's Apparel,Northeast,Foot Locker,Outlet,Pennsylvania,65,975,15
"November 26, 2021",Women's Apparel,Northeast,Foot Locker,Outlet,Pennsylvania,70,"2,100",30
"November 27, 2021",Men's Street Footwear,Northeast,Foot Locker,Outlet,Pennsylvania,65,"3,250",50
"November 28, 2021",Men's Athletic Footwear,Northeast,Foot Locker,Outlet,Pennsylvania,60,"1,800",30
"November 29, 2021",Women's Street Footwear,Northeast,Foot Locker,Outlet,Pennsylvania,55,"1,238",23
"November 30, 2021",Women's Athletic Footwear,Northeast,Foot Locker,Outlet,Pennsylvania,55,963,18
"December 1, 2021",Men's Apparel,Northeast,Foot Locker,Outlet,Pennsylvania,65,"1,300",20
"December 2, 2021",Women's Apparel,Northeast,Foot Locker,Outlet,Pennsylvania,70,"2,625",38
"December 3, 2021",Men's Street Footwear,Northeast,Foot Locker,Outlet,Pennsylvania,65,"3,413",53
"December 4, 2021",Men's Athletic Footwear,Northeast,Foot Locker,Outlet,Pennsylvania,60,"1,800",30
"December 5, 2021",Women's Street Footwear,Northeast,Foot Locker,Outlet,Pennsylvania,55,"1,238",23
"December 6, 2021",Women's Athletic Footwear,Northeast,Foot Locker,Outlet,Pennsylvania,55,"1,100",20
"December 7, 2021",Men's Apparel,Northeast,Foot Locker,Outlet,Pennsylvania,65,"1,138",18
"December 8, 2021",Women's Apparel,Northeast,Foot Locker,Outlet,Pennsylvania,70,"2,450",35
"December 9, 2021",Men's Street Footwear,Northeast,Foot Locker,Outlet,Pennsylvania,65,"3,088",48
"December 10, 2021",Men's Athletic Footwear,Northeast,Foot Locker,Outlet,Pennsylvania,50,"1,375",28
"December 11, 2021",Women's Street Footwear,Northeast,Foot Locker,Outlet,Pennsylvania,45,900,20
"December 12, 2021",Women's Athletic Footwear,Northeast,Foot Locker,Outlet,Pennsylvania,45,788,18
"December 13, 2021",Men's Apparel,Northeast,Foot Locker,Outlet,Pennsylvania,55,688,13
"December 14, 2021",Women's Apparel,Northeast,Foot Locker,Outlet,Pennsylvania,60,"1,350",23
"December 15, 2021",Men's Street Footwear,Northeast,Foot Locker,Outlet,Pennsylvania,60,"2,400",40
"December 16, 2021",Men's Athletic Footwear,Northeast,Foot Locker,Outlet,Pennsylvania,50,"1,125",23
"December 17, 2021",Women's Street Footwear,Northeast,Foot Locker,Outlet,Pennsylvania,50,625,13
"December 18, 2021",Women's Athletic Footwear,Northeast,Foot Locker,Outlet,Pennsylvania,50,500,10
"December 19, 2021",Men's Apparel,Northeast,Foot Locker,Outlet,Pennsylvania,60,600,10
"December 20, 2021",Women's Apparel,Northeast,Foot Locker,Outlet,Pennsylvania,65,"1,463",23
"December 21, 2021",Men's Street Footwear,Northeast,Foot Locker,Outlet,Pennsylvania,70,"2,625",38
"December 22, 2021",Men's Athletic Footwear,Northeast,Foot Locker,Outlet,Pennsylvania,60,"1,200",20
"December 23, 2021",Women's Street Footwear,Northeast,Foot Locker,Outlet,Pennsylvania,60,"1,170",20
"December 24, 2021",Women's Athletic Footwear,Northeast,Foot Locker,Outlet,Pennsylvania,60,"1,050",18
"December 25, 2021",Men's Apparel,Northeast,Foot Locker,Outlet,Pennsylvania,70,"1,050",15
"December 26, 2021",Women's Apparel,Northeast,Foot Locker,Outlet,Pennsylvania,75,"1,875",25
"December 27, 2021",Men's Street Footwear,Northeast,Foot Locker,Outlet,Pennsylvania,70,"3,325",48
"December 28, 2021",Men's Athletic Footwear,Northeast,Foot Locker,Outlet,Pennsylvania,60,"1,650",28
"December 29, 2021",Women's Street Footwear,Northeast,Foot Locker,Outlet,Pennsylvania,60,"1,350",23
"December 30, 2021",Women's Athletic Footwear,Northeast,Foot Locker,Outlet,Pennsylvania,60,"1,050",18
"December 31, 2021",Men's Apparel,Northeast,Foot Locker,Outlet,Pennsylvania,70,"1,225",18
"January 1, 2020",Women's Apparel,Northeast,Foot Locker,Outlet,Pennsylvania,75,"2,063",28
"January 2, 2020",Men's Street Footwear,Northeast,West Gear,Outlet,Pennsylvania,35,"1,575",45
"January 3, 2020",Men's Athletic Footwear,Northeast,West Gear,Outlet,Pennsylvania,45,"2,025",45
"January 4, 2020",Women's Street Footwear,Northeast,West Gear,Outlet,Pennsylvania,45,"2,025",45
"January 5, 2020",Women's Athletic Footwear,Northeast,West Gear,Outlet,Pennsylvania,45,"1,350",30
"January 6, 2020",Men's Apparel,West,West Gear,Outlet,Nevada,50,"1,250",25
"January 7, 2020",Women's Apparel,West,West Gear,Outlet,Nevada,45,"2,138",48
"January 8, 2020",Men's Street Footwear,West,West Gear,Outlet,Nevada,35,"1,838",53
"January 9, 2020",Men's Athletic Footwear,West,West Gear,Outlet,Nevada,45,"1,913",43
"January 10, 2020",Women's Street Footwear,West,West Gear,Outlet,Nevada,45,"1,913",43
"January 11, 2020",Women's Athletic Footwear,West,West Gear,Outlet,Nevada,45,"1,238",28
"January 12, 2020",Men's Apparel,West,West Gear,Outlet,Nevada,50,"1,000",20
"January 13, 2020",Women's Apparel,West,West Gear,Outlet,Nevada,45,"1,800",40
"January 14, 2020",Men's Street Footwear,West,West Gear,Outlet,Nevada,45,"2,475",55
"January 15, 2020",Men's Athletic Footwear,West,West Gear,Outlet,Nevada,55,"2,200",40
"January 16, 2020",Women's Street Footwear,West,West Gear,Outlet,Nevada,55,"2,200",40
"January 17, 2020",Women's Athletic Footwear,West,West Gear,Outlet,Nevada,55,"1,650",30
"January 18, 2020",Men's Apparel,West,West Gear,Outlet,Nevada,60,"1,050",18
"January 19, 2020",Women's Apparel,West,West Gear,Outlet,Nevada,55,"2,063",38
"January 20, 2020",Men's Street Footwear,West,West Gear,Outlet,Nevada,60,"3,300",55
"January 21, 2020",Men's Athletic Footwear,West,West Gear,Outlet,Nevada,65,"2,275",35
"January 22, 2020",Women's Street Footwear,West,West Gear,Outlet,Nevada,65,"2,600",40
"January 23, 2020",Women's Athletic Footwear,West,West Gear,Outlet,Nevada,60,"1,800",30
"January 24, 2020",Men's Apparel,West,West Gear,Outlet,Nevada,65,"1,300",20
"January 25, 2020",Women's Apparel,West,West Gear,Outlet,Nevada,80,"2,800",35
"January 26, 2020",Men's Street Footwear,West,West Gear,Outlet,Nevada,60,"3,300",55
"January 27, 2020",Men's Athletic Footwear,West,West Gear,Outlet,Nevada,65,"2,600",40
"January 28, 2020",Women's Street Footwear,West,West Gear,Outlet,Nevada,65,"2,600",40
"January 29, 2020",Women's Athletic Footwear,West,West Gear,Outlet,Nevada,60,"1,800",30
"January 30, 2020",Men's Apparel,West,West Gear,Outlet,Nevada,65,"1,300",20
"January 31, 2020",Women's Apparel,West,West Gear,Outlet,Nevada,80,"3,600",45
"February 1, 2020",Men's Street Footwear,West,West Gear,Outlet,Nevada,60,"4,200",70
"February 2, 2020",Men's Athletic Footwear,West,West Gear,Outlet,Nevada,65,"3,575",55
"February 3, 2020",Women's Street Footwear,West,West Gear,Outlet,Nevada,65,"3,575",55
"February 4, 2020",Women's Athletic Footwear,West,West Gear,Outlet,Nevada,60,"2,550",43
"February 5, 2020",Men's Apparel,West,West Gear,Outlet,Nevada,65,"1,950",30
"February 6, 2020",Women's Apparel,West,West Gear,Outlet,Nevada,80,"4,800",60
"February 7, 2020",Men's Street Footwear,West,West Gear,Outlet,Nevada,60,"4,500",75
"February 8, 2020",Men's Athletic Footwear,West,West Gear,Outlet,Nevada,65,"3,900",60
"February 9, 2020",Women's Street Footwear,West,West Gear,In-store,Nevada,65,"3,575",55
"February 10, 2020",Women's Athletic Footwear,West,West Gear,In-store,Nevada,60,"2,700",45
"February 11, 2020",Men's Apparel,West,West Gear,In-store,Nevada,65,"3,250",50
"February 12, 2020",Women's Apparel,West,West Gear,In-store,Nevada,80,"4,000",50
"February 13, 2020",Men's Street Footwear,West,West Gear,In-store,Nevada,65,"4,550",70
"February 14, 2020",Men's Athletic Footwear,West,West Gear,In-store,Nevada,70,"4,550",65
"February 15, 2020",Women's Street Footwear,West,West Gear,In-store,Nevada,65,"3,413",53
"February 16, 2020",Women's Athletic Footwear,West,West Gear,In-store,Nevada,65,"3,088",48
"February 17, 2020",Men's Apparel,West,West Gear,In-store,Nevada,75,"3,563",48
"February 18, 2020",Women's Apparel,West,West Gear,In-store,Nevada,80,"3,200",40
"February 19, 2020",Men's Street Footwear,West,West Gear,In-store,Nevada,60,"3,600",60
"February 20, 2020",Men's Athletic Footwear,West,West Gear,In-store,Nevada,65,"3,900",60
"February 21, 2020",Women's Street Footwear,West,West Gear,In-store,Nevada,60,"2,700",45
"February 22, 2020",Women's Athletic Footwear,West,West Gear,In-store,Nevada,60,"2,400",40
"February 23, 2020",Men's Apparel,West,West Gear,In-store,Nevada,70,"2,800",40
"February 24, 2020",Women's Apparel,West,West Gear,In-store,Nevada,75,"3,375",45
"February 25, 2020",Men's Street Footwear,West,West Gear,In-store,Nevada,60,"3,300",55
"February 26, 2020",Men's Athletic Footwear,West,West Gear,In-store,Nevada,65,"3,575",55
"February 27, 2020",Women's Street Footwear,West,West Gear,In-store,Nevada,60,"2,250",38
"February 28, 2020",Women's Athletic Footwear,West,West Gear,In-store,Nevada,60,"2,100",35
"March 1, 2020",Men's Apparel,West,West Gear,In-store,Nevada,70,"2,275",33
"March 2, 2020",Women's Apparel,West,West Gear,In-store,Nevada,75,"2,813",38
"March 3, 2020",Men's Street Footwear,West,West Gear,In-store,Nevada,60,"3,450",58
"March 4, 2020",Men's Athletic Footwear,West,West Gear,In-store,Nevada,65,"3,738",58
"March 5, 2020",Women's Street Footwear,West,West Gear,In-store,Nevada,60,"2,550",43
"March 6, 2020",Women's Athletic Footwear,West,West Gear,In-store,Nevada,60,"2,400",40
"March 7, 2020",Men's Apparel,West,West Gear,In-store,Nevada,70,"2,450",35
"March 8, 2020",Women's Apparel,West,West Gear,In-store,Nevada,75,"3,563",48
"March 9, 2020",Men's Street Footwear,West,West Gear,In-store,Nevada,60,"4,050",68
"March 10, 2020",Men's Athletic Footwear,West,West Gear,In-store,Nevada,65,"4,388",68
"March 11, 2020",Women's Street Footwear,West,West Gear,In-store,Nevada,60,"2,850",48
"March 12, 2020",Women's Athletic Footwear,West,West Gear,In-store,Nevada,60,"2,850",48
"March 13, 2020",Men's Apparel,West,West Gear,In-store,Nevada,70,"2,800",40
"March 14, 2020",Women's Apparel,West,West Gear,In-store,Nevada,75,"3,750",50
"March 15, 2020",Men's Street Footwear,West,West Gear,In-store,Nevada,30,"1,275",43
"March 16, 2020",Men's Athletic Footwear,West,West Gear,In-store,Nevada,40,"1,700",43
"March 17, 2020",Women's Street Footwear,West,West Gear,In-store,Nevada,40,"1,700",43
"March 18, 2020",Women's Athletic Footwear,West,West Gear,In-store,Nevada,40,"1,100",28
"March 19, 2020",Men's Apparel,West,West Gear,In-store,Colorado,45,"1,013",23
"March 20, 2020",Women's Apparel,West,West Gear,In-store,Colorado,40,"1,900",48
"March 21, 2020",Men's Street Footwear,West,West Gear,In-store,Colorado,30,"1,575",53
"March 22, 2020",Men's Athletic Footwear,West,West Gear,In-store,Colorado,40,"1,700",43
"March 23, 2020",Women's Street Footwear,West,West Gear,In-store,Colorado,40,"1,700",43
"March 24, 2020",Women's Athletic Footwear,West,West Gear,In-store,Colorado,40,"1,100",28
"March 25, 2020",Men's Apparel,West,West Gear,In-store,Colorado,45,900,20
"March 26, 2020",Women's Apparel,West,West Gear,In-store,Colorado,40,"1,600",40
"March 27, 2020",Men's Street Footwear,West,West Gear,In-store,Colorado,40,"2,200",55
"March 28, 2020",Men's Athletic Footwear,West,West Gear,In-store,Colorado,50,"2,000",40
"March 29, 2020",Women's Street Footwear,West,West Gear,In-store,Colorado,55,"2,200",40
"March 30, 2020",Women's Athletic Footwear,West,West Gear,In-store,Colorado,55,"1,650",30
"March 31, 2020",Men's Apparel,West,West Gear,In-store,Colorado,60,900,15
"April 1, 2020",Women's Apparel,West,West Gear,In-store,Colorado,55,"1,925",35
"April 2, 2020",Men's Street Footwear,West,West Gear,In-store,Colorado,60,"3,150",53
"April 3, 2020",Men's Athletic Footwear,West,West Gear,In-store,Colorado,65,"2,113",33
"April 4, 2020",Women's Street Footwear,West,West Gear,In-store,Colorado,65,"2,438",38
"April 5, 2020",Women's Athletic Footwear,West,West Gear,In-store,Colorado,60,"1,650",28
"April 6, 2020",Men's Apparel,West,West Gear,In-store,Colorado,65,"1,138",18
"April 7, 2020",Women's Apparel,West,West Gear,In-store,Colorado,80,"2,600",33
"April 8, 2020",Men's Street Footwear,West,West Gear,In-store,Colorado,60,"3,150",53
"April 9, 2020",Men's Athletic Footwear,West,West Gear,In-store,Colorado,65,"2,438",38
"April 10, 2020",Women's Street Footwear,West,West Gear,In-store,Colorado,65,"2,438",38
"April 11, 2020",Women's Athletic Footwear,West,West Gear,In-store,Colorado,60,"1,650",28
"April 12, 2020",Men's Apparel,West,West Gear,In-store,Colorado,65,"1,138",18
"April 13, 2020",Women's Apparel,West,West Gear,In-store,Colorado,80,"3,800",48
"April 14, 2020",Men's Street Footwear,West,West Gear,In-store,Colorado,60,"4,350",73
"April 15, 2020",Men's Athletic Footwear,West,West Gear,In-store,Colorado,65,"3,738",58
"April 16, 2020",Women's Street Footwear,West,West Gear,In-store,Colorado,65,"3,738",58
"April 17, 2020",Women's Athletic Footwear,West,West Gear,In-store,Colorado,65,"2,925",45
"April 18, 2020",Men's Apparel,West,West Gear,In-store,Colorado,70,"2,275",33
"April 19, 2020",Women's Apparel,West,West Gear,In-store,Colorado,85,"5,313",63
"April 20, 2020",Men's Street Footwear,West,West Gear,In-store,Colorado,65,"5,038",78
"April 21, 2020",Men's Athletic Footwear,West,West Gear,In-store,Colorado,70,"4,375",63
"April 22, 2020",Women's Street Footwear,West,West Gear,In-store,Colorado,70,"4,025",58
"April 23, 2020",Women's Athletic Footwear,West,West Gear,In-store,Colorado,65,"3,088",48
"April 24, 2020",Men's Apparel,West,West Gear,In-store,Colorado,70,"3,675",53
"April 25, 2020",Women's Apparel,West,West Gear,In-store,Colorado,85,"4,463",53
"April 26, 2020",Men's Street Footwear,West,West Gear,In-store,Colorado,70,"5,075",73
"April 27, 2020",Men's Athletic Footwear,West,West Gear,In-store,Colorado,75,"5,063",68
"April 28, 2020",Women's Street Footwear,West,West Gear,In-store,Colorado,70,"3,850",55
"April 29, 2020",Women's Athletic Footwear,West,West Gear,In-store,Colorado,70,"3,500",50
"April 30, 2020",Men's Apparel,West,West Gear,In-store,Colorado,75,"3,750",50
"May 1, 2020",Women's Apparel,West,West Gear,In-store,Colorado,80,"3,200",40
"May 2, 2020",Men's Street Footwear,West,West Gear,In-store,Colorado,65,"3,900",60
"May 3, 2020",Men's Athletic Footwear,West,West Gear,In-store,Colorado,70,"4,200",60
"May 4, 2020",Women's Street Footwear,West,West Gear,In-store,Colorado,65,"2,925",45
"May 5, 2020",Women's Athletic Footwear,West,West Gear,In-store,Colorado,65,"2,600",40
"May 6, 2020",Men's Apparel,West,West Gear,In-store,Colorado,75,"3,000",40
"May 7, 2020",Women's Apparel,West,West Gear,In-store,Colorado,70,"2,975",43
"May 8, 2020",Men's Street Footwear,West,West Gear,In-store,Colorado,55,"2,888",53
"May 9, 2020",Men's Athletic Footwear,West,West Gear,In-store,Colorado,60,"3,150",53
"May 10, 2020",Women's Street Footwear,West,West Gear,In-store,Colorado,55,"1,925",35
"May 11, 2020",Women's Athletic Footwear,West,West Gear,In-store,Colorado,55,"1,788",33
"May 12, 2020",Men's Apparel,West,West Gear,In-store,Colorado,65,"1,950",30
"May 13, 2020",Women's Apparel,West,West Gear,In-store,Colorado,70,"2,450",35
"May 14, 2020",Men's Street Footwear,West,West Gear,In-store,Colorado,55,"3,163",58
"May 15, 2020",Men's Athletic Footwear,West,West Gear,In-store,Colorado,60,"3,450",58
"May 16, 2020",Women's Street Footwear,West,West Gear,In-store,Colorado,55,"2,338",43
"May 17, 2020",Women's Athletic Footwear,West,West Gear,In-store,Colorado,65,"2,600",40
"May 18, 2020",Men's Apparel,West,West Gear,In-store,Colorado,75,"2,813",38
"May 19, 2020",Women's Apparel,West,West Gear,In-store,Colorado,80,"4,000",50
"May 20, 2020",Men's Street Footwear,West,West Gear,In-store,Colorado,65,"4,550",70
"May 21, 2020",Men's Athletic Footwear,West,West Gear,In-store,Colorado,70,"4,900",70
"May 22, 2020",Women's Street Footwear,West,West Gear,In-store,Colorado,65,"3,250",50
"May 23, 2020",Women's Athletic Footwear,West,West Gear,In-store,Colorado,65,"3,250",50
"May 24, 2020",Men's Apparel,West,West Gear,In-store,Colorado,75,"3,188",43
"May 25, 2020",Women's Apparel,West,West Gear,In-store,Colorado,80,"4,200",53
"May 26, 2020",Men's Street Footwear,West,West Gear,In-store,Colorado,40,"1,800",45
"May 27, 2020",Men's Athletic Footwear,West,West Gear,In-store,Colorado,50,"2,250",45
"May 28, 2020",Women's Street Footwear,West,West Gear,In-store,Colorado,50,"2,250",45
"May 29, 2020",Women's Athletic Footwear,West,West Gear,In-store,Colorado,50,"1,500",30
"May 30, 2020",Men's Apparel,West,West Gear,In-store,Washington,55,"1,375",25
"May 31, 2020",Women's Apparel,West,West Gear,In-store,Washington,50,"2,500",50
"June 1, 2020",Men's Street Footwear,West,West Gear,In-store,Washington,40,"2,200",55
"June 2, 2020",Men's Athletic Footwear,West,West Gear,In-store,Washington,50,"2,250",45
"June 3, 2020",Women's Street Footwear,West,West Gear,In-store,Washington,50,"2,250",45
"June 4, 2020",Women's Athletic Footwear,West,West Gear,In-store,Washington,50,"1,500",30
"June 5, 2020",Men's Apparel,West,West Gear,In-store,Washington,55,"1,238",23
"June 6, 2020",Women's Apparel,West,West Gear,In-store,Washington,50,"2,125",43
"June 7, 2020",Men's Street Footwear,West,West Gear,In-store,Washington,50,"2,875",58
"June 8, 2020",Men's Athletic Footwear,West,West Gear,In-store,Washington,60,"2,550",43
"June 9, 2020",Women's Street Footwear,West,West Gear,In-store,Washington,65,"2,763",43
"June 10, 2020",Women's Athletic Footwear,West,West Gear,In-store,Washington,65,"2,113",33
"June 11, 2020",Men's Apparel,West,West Gear,In-store,Washington,70,"1,225",18
"June 12, 2020",Women's Apparel,West,West Gear,In-store,Washington,65,"2,438",38
"June 13, 2020",Men's Street Footwear,West,West Gear,In-store,Washington,70,"3,850",55
"June 14, 2020",Men's Athletic Footwear,West,West Gear,In-store,Washington,75,"2,625",35
"June 15, 2020",Women's Street Footwear,West,West Gear,In-store,Washington,75,"3,000",40
"June 16, 2020",Women's Athletic Footwear,West,West Gear,In-store,Washington,60,"1,800",30
"June 17, 2020",Men's Apparel,West,West Gear,In-store,Washington,65,"1,300",20
"June 18, 2020",Women's Apparel,West,West Gear,In-store,Washington,80,"2,800",35
"June 19, 2020",Men's Street Footwear,West,West Gear,In-store,Washington,60,"3,300",55
"June 20, 2020",Men's Athletic Footwear,West,West Gear,In-store,Washington,65,"2,600",40
"June 21, 2020",Women's Street Footwear,West,West Gear,In-store,Washington,65,"2,600",40
"June 22, 2020",Women's Athletic Footwear,West,West Gear,In-store,Washington,60,"1,800",30
"June 23, 2020",Men's Apparel,West,West Gear,In-store,Washington,65,"1,300",20
"June 24, 2020",Women's Apparel,West,West Gear,In-store,Washington,80,"4,000",50
"June 25, 2020",Men's Street Footwear,West,West Gear,In-store,Washington,75,"5,625",75
"June 26, 2020",Men's Athletic Footwear,West,West Gear,In-store,Washington,80,"5,000",63
"June 27, 2020",Women's Street Footwear,West,West Gear,In-store,Washington,80,"5,000",63
"June 28, 2020",Women's Athletic Footwear,West,West Gear,In-store,Washington,80,"4,000",50
"June 29, 2020",Men's Apparel,West,West Gear,In-store,Washington,85,"3,188",38
"June 30, 2020",Women's Apparel,West,West Gear,In-store,Washington,100,"6,750",68
"July 1, 2020",Men's Street Footwear,West,West Gear,In-store,Washington,80,"6,600",83
"July 2, 2020",Men's Athletic Footwear,West,West Gear,In-store,Washington,85,"5,738",68
"July 3, 2020",Women's Street Footwear,West,West Gear,In-store,Washington,85,"5,313",63
"July 4, 2020",Women's Athletic Footwear,West,West Gear,In-store,Washington,80,"4,200",53
"July 5, 2020",Men's Apparel,West,West Gear,In-store,Washington,85,"4,888",58
"July 6, 2020",Women's Apparel,West,West Gear,In-store,Washington,100,"5,750",58
"July 7, 2020",Men's Street Footwear,West,West Gear,In-store,Washington,85,"6,588",78
"July 8, 2020",Men's Athletic Footwear,West,West Gear,In-store,Washington,80,"6,000",75
"July 9, 2020",Women's Street Footwear,West,West Gear,In-store,Washington,75,"4,688",63
"July 10, 2020",Women's Athletic Footwear,West,West Gear,In-store,Washington,75,"4,313",58
"July 11, 2020",Men's Apparel,West,West Gear,In-store,Washington,75,"4,313",58
"July 12, 2020",Women's Apparel,West,West Gear,In-store,Washington,80,"3,200",40
"July 13, 2020",Men's Street Footwear,West,West Gear,In-store,Washington,70,"4,200",60
"July 14, 2020",Men's Athletic Footwear,West,West Gear,In-store,Washington,75,"4,500",60
"July 15, 2020",Women's Street Footwear,West,West Gear,In-store,Washington,70,"3,150",45
"July 16, 2020",Women's Athletic Footwear,West,West Gear,In-store,Washington,70,"2,800",40
"July 17, 2020",Men's Apparel,West,West Gear,In-store,Washington,80,"3,400",43
"July 18, 2020",Women's Apparel,West,West Gear,In-store,Washington,65,"2,925",45
"July 19, 2020",Men's Street Footwear,West,West Gear,In-store,Washington,60,"3,300",55
"July 20, 2020",Men's Athletic Footwear,West,West Gear,In-store,Washington,65,"3,575",55
"July 21, 2020",Women's Street Footwear,West,West Gear,In-store,Washington,60,"2,250",38
"July 22, 2020",Women's Athletic Footwear,West,West Gear,In-store,Washington,60,"2,100",35
"July 23, 2020",Men's Apparel,West,West Gear,In-store,Washington,70,"2,275",33
"July 24, 2020",Women's Apparel,West,West Gear,In-store,Washington,75,"2,813",38
"July 25, 2020",Men's Street Footwear,West,West Gear,In-store,Washington,60,"3,600",60
"July 26, 2020",Men's Athletic Footwear,West,West Gear,In-store,Washington,65,"4,063",63
"July 27, 2020",Women's Street Footwear,West,West Gear,In-store,Washington,60,"2,850",48
"July 28, 2020",Women's Athletic Footwear,West,West Gear,In-store,Washington,70,"3,150",45
"July 29, 2020",Men's Apparel,West,West Gear,In-store,Washington,90,"3,825",43
"July 30, 2020",Women's Apparel,West,West Gear,In-store,Washington,95,"5,225",55
"July 31, 2020",Men's Street Footwear,West,West Gear,In-store,Washington,80,"6,000",75
"August 1, 2020",Men's Athletic Footwear,West,West Gear,In-store,Washington,85,"6,375",75
"August 2, 2020",Women's Street Footwear,West,West Gear,In-store,Washington,80,"4,400",55
"August 3, 2020",Women's Athletic Footwear,West,West Gear,In-store,Washington,80,"4,400",55
"August 4, 2020",Men's Apparel,West,West Gear,In-store,Washington,90,"4,275",48
"August 5, 2020",Women's Apparel,West,West Gear,In-store,Washington,95,"5,463",58
"August 6, 2020",Men's Street Footwear,West,Foot Locker,In-store,Washington,45,"4,725",105
"August 7, 2020",Men's Athletic Footwear,West,Foot Locker,In-store,Washington,45,"3,825",85
"August 8, 2020",Women's Street Footwear,West,Foot Locker,In-store,Washington,35,"2,975",85
"August 9, 2020",Women's Athletic Footwear,West,Foot Locker,In-store,Washington,40,"2,800",70
"August 10, 2020",Men's Apparel,Southeast,Foot Locker,In-store,Florida,55,"4,125",75
"August 11, 2020",Women's Apparel,Southeast,Foot Locker,In-store,Florida,45,"3,825",85
"August 12, 2020",Men's Street Footwear,Southeast,Foot Locker,In-store,Florida,45,"4,950",110
"August 13, 2020",Men's Athletic Footwear,Southeast,Foot Locker,In-store,Florida,45,"3,375",75
"August 14, 2020",Women's Street Footwear,Southeast,Foot Locker,In-store,Florida,35,"2,800",80
"August 15, 2020",Women's Athletic Footwear,Southeast,West Gear,In-store,Florida,40,"2,700",68
"August 16, 2020",Men's Apparel,Southeast,Foot Locker,In-store,Florida,55,"4,125",75
"August 17, 2020",Women's Apparel,Southeast,Foot Locker,In-store,Florida,45,"3,825",85
"August 18, 2020",Men's Street Footwear,Southeast,Foot Locker,In-store,Florida,45,"4,815",107
"August 19, 2020",Men's Athletic Footwear,Southeast,Foot Locker,In-store,Florida,45,"3,375",75
"August 20, 2020",Women's Street Footwear,Southeast,Foot Locker,In-store,Florida,35,"2,713",78
"August 21, 2020",Women's Athletic Footwear,Southeast,Foot Locker,In-store,Florida,40,"2,500",63
"August 22, 2020",Men's Apparel,Southeast,Foot Locker,In-store,Florida,55,"3,713",68
"August 23, 2020",Women's Apparel,Southeast,Foot Locker,In-store,Florida,45,"3,488",78
"April 24, 2020",Men's Street Footwear,Southeast,Foot Locker,In-store,Florida,45,"4,613",103
"April 24, 2020",Men's Athletic Footwear,Southeast,Foot Locker,In-store,Florida,45,"3,263",73
"April 24, 2020",Women's Street Footwear,Southeast,West Gear,In-store,Florida,35,"2,538",73
"April 24, 2020",Women's Athletic Footwear,Southeast,West Gear,In-store,Florida,40,"2,600",65
"April 24, 2020",Men's Apparel,Southeast,West Gear,In-store,Florida,55,"3,713",68
"April 24, 2020",Women's Apparel,Southeast,West Gear,In-store,Florida,45,"3,600",80
"April 24, 2020",Men's Street Footwear,Southeast,West Gear,In-store,Florida,55,"5,885",107
"April 24, 2020",Men's Athletic Footwear,Southeast,West Gear,In-store,Florida,55,"4,263",78
"April 24, 2020",Women's Street Footwear,Southeast,West Gear,In-store,Florida,50,"3,750",75
"April 24, 2020",Women's Athletic Footwear,Southeast,West Gear,In-store,Florida,50,"3,500",70
"April 24, 2020",Men's Apparel,Southeast,West Gear,In-store,Florida,60,"4,350",73
"April 24, 2020",Women's Apparel,Southeast,West Gear,In-store,Florida,65,"5,363",83
"April 24, 2020",Men's Street Footwear,Southeast,West Gear,In-store,Florida,60,"6,450",108
"April 24, 2020",Men's Athletic Footwear,Southeast,West Gear,In-store,Florida,55,"4,538",83
"September 7, 2020",Women's Street Footwear,Southeast,West Gear,In-store,Florida,50,"4,000",80
"September 8, 2020",Women's Athletic Footwear,Southeast,West Gear,In-store,Florida,50,"3,875",78
"September 9, 2020",Men's Apparel,Southeast,West Gear,In-store,Florida,65,"5,038",78
"September 10, 2020",Women's Apparel,Southeast,West Gear,In-store,Florida,70,"6,475",93
"September 11, 2020",Men's Street Footwear,Southeast,West Gear,In-store,Florida,65,"7,475",115
"September 12, 2020",Men's Athletic Footwear,Southeast,West Gear,In-store,Florida,60,"5,400",90
"September 13, 2020",Women's Street Footwear,Southeast,West Gear,In-store,Florida,55,"4,538",83
"September 14, 2020",Women's Athletic Footwear,Southeast,West Gear,In-store,Florida,55,"4,263",78
"September 15, 2020",Men's Apparel,Southeast,West Gear,In-store,Florida,65,"5,200",80
"September 16, 2020",Women's Apparel,Southeast,West Gear,In-store,Florida,70,"6,825",98
"September 17, 2020",Men's Street Footwear,Southeast,West Gear,In-store,Florida,65,"7,313",113
"September 18, 2020",Men's Athletic Footwear,Southeast,West Gear,In-store,Florida,60,"5,400",90
"September 19, 2020",Women's Street Footwear,Southeast,West Gear,In-store,Florida,55,"4,538",83
"September 20, 2020",Women's Athletic Footwear,Southeast,Foot Locker,In-store,Florida,45,"3,488",78
"September 21, 2020",Men's Apparel,Southeast,Foot Locker,In-store,Florida,55,"4,125",75
"September 22, 2020",Women's Apparel,Southeast,Foot Locker,In-store,Florida,60,"5,550",93
"September 23, 2020",Men's Street Footwear,Southeast,Foot Locker,In-store,Florida,55,"5,775",105
"September 24, 2020",Men's Athletic Footwear,Southeast,Foot Locker,In-store,Florida,50,"4,250",85
"September 25, 2020",Women's Street Footwear,Southeast,Sports Direct,In-store,Florida,45,"3,375",75
"September 26, 2020",Women's Athletic Footwear,Southeast,Sports Direct,In-store,Florida,45,"3,263",73
"September 27, 2020",Men's Apparel,Southeast,Sports Direct,In-store,Florida,55,"3,988",73
"September 28, 2020",Women's Apparel,Southeast,Sports Direct,In-store,Florida,60,"4,950",83
"September 29, 2020",Men's Street Footwear,Southeast,Sports Direct,In-store,Florida,60,"6,000",100
"September 30, 2020",Men's Athletic Footwear,Southeast,Sports Direct,In-store,Florida,50,"4,125",83
"October 1, 2020",Women's Street Footwear,Southeast,Sports Direct,In-store,Florida,50,"3,625",73
"October 2, 2020",Women's Athletic Footwear,Southeast,Sports Direct,In-store,Florida,50,"3,500",70
"October 3, 2020",Men's Apparel,Southeast,Sports Direct,In-store,Florida,60,"4,200",70
"October 4, 2020",Women's Apparel,Southeast,Sports Direct,In-store,Florida,65,"5,363",83
"October 5, 2020",Men's Street Footwear,Southeast,Sports Direct,In-store,Florida,60,"5,850",98
"October 6, 2020",Men's Athletic Footwear,Southeast,Sports Direct,In-store,Florida,50,"4,000",80
"October 7, 2020",Women's Street Footwear,Southeast,Sports Direct,In-store,Florida,50,"3,725",75
"October 8, 2020",Women's Athletic Footwear,Southeast,Sports Direct,In-store,Florida,50,"3,875",78
"October 9, 2020",Men's Apparel,Southeast,Sports Direct,In-store,Florida,65,"4,875",75
"October 10, 2020",Women's Apparel,Southeast,Sports Direct,In-store,Florida,70,"5,950",85
"May 24, 2020",Men's Street Footwear,Southeast,Sports Direct,In-store,Florida,65,"6,988",108
"May 24, 2020",Men's Athletic Footwear,Southeast,Sports Direct,In-store,Florida,55,"4,813",88
"May 24, 2020",Women's Street Footwear,Southeast,Sports Direct,In-store,Florida,55,"4,538",83
"May 24, 2020",Women's Athletic Footwear,Southeast,Sports Direct,In-store,Florida,55,"4,263",78
"May 24, 2020",Men's Apparel,Southeast,Foot Locker,In-store,Florida,65,"5,038",78
"May 24, 2020",Women's Apparel,Southeast,Foot Locker,In-store,Florida,70,"6,125",88
"October 17, 2020",Men's Street Footwear,Southeast,Foot Locker,In-store,Florida,35,"1,575",45
"October 18, 2020",Men's Athletic Footwear,Southeast,Foot Locker,In-store,Florida,35,875,25
"October 19, 2020",Women's Street Footwear,Southeast,Foot Locker,In-store,Florida,25,625,25
"October 20, 2020",Women's Athletic Footwear,Southeast,Foot Locker,In-store,Florida,30,300,10
"October 21, 2020",Men's Apparel,Midwest,Foot Locker,In-store,Minnesota,45,675,15
"October 22, 2020",Women's Apparel,Midwest,Foot Locker,In-store,Minnesota,35,875,25
"October 23, 2020",Men's Street Footwear,Midwest,Foot Locker,In-store,Minnesota,35,"1,750",50
"October 24, 2020",Men's Athletic Footwear,Midwest,Foot Locker,In-store,Minnesota,35,525,15
"October 25, 2020",Women's Street Footwear,Midwest,Foot Locker,In-store,Minnesota,25,500,20
"October 26, 2020",Women's Athletic Footwear,Midwest,Foot Locker,In-store,Minnesota,30,225,8
"October 27, 2020",Men's Apparel,Midwest,Foot Locker,In-store,Minnesota,45,675,15
"October 28, 2020",Women's Apparel,Midwest,Foot Locker,In-store,Minnesota,35,788,23
"October 29, 2020",Men's Street Footwear,Midwest,Foot Locker,In-store,Minnesota,40,"1,780",45
"October 30, 2020",Men's Athletic Footwear,Midwest,Foot Locker,In-store,Minnesota,40,500,13
"October 31, 2020",Women's Street Footwear,Midwest,Foot Locker,In-store,Minnesota,30,525,18
"November 1, 2020",Women's Athletic Footwear,Midwest,Foot Locker,In-store,Minnesota,35,88,3
"November 2, 2020",Men's Apparel,Midwest,Foot Locker,In-store,Minnesota,50,375,8
"November 3, 2020",Women's Apparel,Midwest,Foot Locker,In-store,Minnesota,40,700,18
"November 4, 2020",Men's Street Footwear,Midwest,Foot Locker,In-store,Minnesota,40,"1,600",40
"November 5, 2020",Men's Athletic Footwear,Midwest,Foot Locker,In-store,Minnesota,40,400,10
"November 6, 2020",Women's Street Footwear,Midwest,Foot Locker,In-store,Minnesota,30,300,10
"November 7, 2020",Women's Athletic Footwear,Midwest,Foot Locker,In-store,Minnesota,35,88,3
"November 8, 2020",Men's Apparel,Midwest,Foot Locker,In-store,Minnesota,50,250,5
"November 9, 2020",Women's Apparel,Midwest,Foot Locker,In-store,Minnesota,40,700,18
"November 10, 2020",Men's Street Footwear,Midwest,Foot Locker,In-store,Minnesota,50,"2,225",45
"November 11, 2020",Men's Athletic Footwear,Midwest,Foot Locker,In-store,Minnesota,45,675,15
"November 12, 2020",Women's Street Footwear,Midwest,Foot Locker,In-store,Minnesota,40,500,13
"November 13, 2020",Women's Athletic Footwear,Midwest,Foot Locker,In-store,Minnesota,40,200,5
"November 14, 2020",Men's Apparel,Midwest,Foot Locker,In-store,Minnesota,55,413,8
"November 15, 2020",Women's Apparel,Midwest,Foot Locker,In-store,Minnesota,60,"1,050",18
"November 16, 2020",Men's Street Footwear,Midwest,Foot Locker,Outlet,Minnesota,45,"1,913",43
"November 17, 2020",Men's Athletic Footwear,Midwest,Foot Locker,Outlet,Minnesota,40,700,18
"November 18, 2020",Women's Street Footwear,Midwest,Foot Locker,Outlet,Minnesota,35,613,18
"November 19, 2020",Women's Athletic Footwear,Midwest,Foot Locker,Outlet,Minnesota,35,525,15
"November 20, 2020",Men's Apparel,Midwest,Foot Locker,Outlet,Minnesota,50,750,15
"November 21, 2020",Women's Apparel,Midwest,Foot Locker,Outlet,Minnesota,55,"1,788",33
"November 22, 2020",Men's Street Footwear,Midwest,Foot Locker,Outlet,Minnesota,50,"2,750",55
"November 23, 2020",Men's Athletic Footwear,Midwest,Foot Locker,Outlet,Minnesota,45,"1,350",30
"November 24, 2020",Women's Street Footwear,Midwest,Foot Locker,Outlet,Minnesota,40,900,23
"November 25, 2020",Women's Athletic Footwear,Midwest,Foot Locker,Outlet,Minnesota,40,700,18
"November 26, 2020",Men's Apparel,Midwest,Foot Locker,Outlet,Minnesota,50,"1,000",20
"November 27, 2020",Women's Apparel,Midwest,Foot Locker,Outlet,Minnesota,55,"2,063",38
"November 28, 2020",Men's Street Footwear,Midwest,Foot Locker,Outlet,Minnesota,50,"2,625",53
"November 29, 2020",Men's Athletic Footwear,Midwest,Foot Locker,Outlet,Minnesota,45,"1,350",30
"November 30, 2020",Women's Street Footwear,Midwest,Foot Locker,Outlet,Minnesota,40,900,23
"December 1, 2020",Women's Athletic Footwear,Midwest,Foot Locker,Outlet,Minnesota,35,613,18
"December 2, 2020",Men's Apparel,Midwest,Foot Locker,Outlet,Minnesota,45,675,15
"December 3, 2020",Women's Apparel,Midwest,Foot Locker,Outlet,Minnesota,50,"1,625",33
"December 4, 2020",Men's Street Footwear,Midwest,Foot Locker,Outlet,Minnesota,45,"2,025",45
"December 5, 2020",Men's Athletic Footwear,Midwest,Foot Locker,Outlet,Minnesota,40,"1,000",25
"December 6, 2020",Women's Street Footwear,Midwest,Foot Locker,Outlet,Minnesota,25,375,15
"December 7, 2020",Women's Athletic Footwear,Midwest,Foot Locker,Outlet,Minnesota,25,313,13
"December 8, 2020",Men's Apparel,Midwest,Foot Locker,Outlet,Minnesota,35,438,13
"December 9, 2020",Women's Apparel,Midwest,Foot Locker,Outlet,Minnesota,40,800,20
"December 10, 2020",Men's Street Footwear,Midwest,Foot Locker,Outlet,Minnesota,45,"1,688",38
"December 11, 2020",Men's Athletic Footwear,Midwest,Foot Locker,Outlet,Minnesota,35,700,20
"December 12, 2020",Women's Street Footwear,Midwest,Foot Locker,Outlet,Minnesota,35,350,10
"December 13, 2020",Women's Athletic Footwear,Midwest,Foot Locker,Outlet,Minnesota,35,263,8
"December 14, 2020",Men's Apparel,Midwest,Foot Locker,Outlet,Minnesota,45,338,8
"December 15, 2020",Women's Apparel,Midwest,Foot Locker,Outlet,Minnesota,50,"1,000",20
"December 16, 2020",Men's Street Footwear,Midwest,Foot Locker,Outlet,Minnesota,50,"1,750",35
"December 17, 2020",Men's Athletic Footwear,Midwest,Foot Locker,Outlet,Minnesota,40,800,20
"December 18, 2020",Women's Street Footwear,Midwest,Foot Locker,Outlet,Minnesota,40,580,15
"December 19, 2020",Women's Athletic Footwear,Midwest,Foot Locker,Outlet,Minnesota,40,600,15
"December 20, 2020",Men's Apparel,Midwest,Foot Locker,Outlet,Minnesota,55,688,13
"December 21, 2020",Women's Apparel,Midwest,Foot Locker,Outlet,Minnesota,60,"1,350",23
"December 22, 2020",Men's Street Footwear,Midwest,Foot Locker,Outlet,Minnesota,55,"2,613",48
"December 23, 2020",Men's Athletic Footwear,Midwest,Foot Locker,Outlet,Minnesota,45,"1,238",28
"December 24, 2020",Women's Street Footwear,Midwest,Foot Locker,Outlet,Minnesota,45,"1,013",23
"December 25, 2020",Women's Athletic Footwear,Midwest,Foot Locker,Outlet,Minnesota,45,788,18
"December 26, 2020",Men's Apparel,Midwest,Foot Locker,Outlet,Minnesota,55,963,18
"December 27, 2020",Women's Apparel,Midwest,Foot Locker,Outlet,Minnesota,60,"1,650",28
"December 28, 2020",Men's Street Footwear,Midwest,Kohl's,Outlet,Minnesota,35,"1,663",48
"December 29, 2020",Men's Athletic Footwear,Midwest,Kohl's,Outlet,Minnesota,45,"2,138",48
"December 30, 2020",Women's Street Footwear,Midwest,Kohl's,Outlet,Minnesota,45,"2,138",48
"December 31, 2020",Women's Athletic Footwear,Midwest,Kohl's,Outlet,Minnesota,45,"1,463",33
"January 1, 2021",Men's Apparel,Midwest,Kohl's,Outlet,Montana,50,"1,375",28
"January 2, 2021",Women's Apparel,Midwest,Kohl's,Outlet,Montana,45,"2,138",48
"January 3, 2021",Men's Street Footwear,Midwest,Kohl's,Outlet,Montana,35,"1,838",53
"January 4, 2021",Men's Athletic Footwear,Midwest,Kohl's,Outlet,Montana,45,"1,913",43
"January 5, 2021",Women's Street Footwear,Midwest,Kohl's,Outlet,Montana,45,"2,025",45
"January 6, 2021",Women's Athletic Footwear,Midwest,Kohl's,Outlet,Montana,45,"1,350",30
"January 7, 2021",Men's Apparel,Midwest,Kohl's,Outlet,Montana,50,"1,125",23
"January 8, 2021",Women's Apparel,Midwest,Kohl's,Outlet,Montana,45,"1,913",43
"January 9, 2021",Men's Street Footwear,Midwest,Kohl's,Outlet,Montana,35,"2,013",58
"January 10, 2021",Men's Athletic Footwear,Midwest,Kohl's,Outlet,Montana,45,"1,913",43
"January 11, 2021",Women's Street Footwear,Midwest,Kohl's,Outlet,Montana,45,"1,913",43
"January 12, 2021",Women's Athletic Footwear,Midwest,Kohl's,Outlet,Montana,45,"1,463",33
"January 13, 2021",Men's Apparel,Midwest,Kohl's,Outlet,Montana,50,"1,000",20
"January 14, 2021",Women's Apparel,Midwest,Kohl's,Outlet,Montana,45,"1,800",40
"January 15, 2021",Men's Street Footwear,Midwest,Kohl's,Outlet,Montana,45,"2,588",58
"January 16, 2021",Men's Athletic Footwear,Midwest,Kohl's,Outlet,Montana,45,"1,688",38
"January 17, 2021",Women's Street Footwear,Midwest,Kohl's,Outlet,Montana,45,"1,800",40
"January 18, 2021",Women's Athletic Footwear,Midwest,Kohl's,Outlet,Montana,40,"1,200",30
"January 19, 2021",Men's Apparel,Midwest,Kohl's,Outlet,Montana,45,900,20
"January 20, 2021",Women's Apparel,Midwest,Kohl's,Outlet,Montana,60,"2,250",38
"January 21, 2021",Men's Street Footwear,Midwest,Kohl's,Outlet,Montana,40,"2,300",58
"January 22, 2021",Men's Athletic Footwear,Midwest,Kohl's,Outlet,Montana,45,"1,913",43
"January 23, 2021",Women's Street Footwear,Midwest,Kohl's,Outlet,Montana,45,"1,913",43
"January 24, 2021",Women's Athletic Footwear,Midwest,Kohl's,Outlet,Montana,40,"1,300",33
"January 25, 2021",Men's Apparel,Midwest,Kohl's,Outlet,Montana,45,"1,013",23
"January 26, 2021",Women's Apparel,Midwest,Kohl's,Outlet,Montana,60,"2,400",40
"January 27, 2021",Men's Street Footwear,Midwest,Kohl's,Outlet,Montana,40,"2,700",68
"January 28, 2021",Men's Athletic Footwear,Midwest,Kohl's,Outlet,Montana,45,"2,363",53
"January 29, 2021",Women's Street Footwear,Midwest,Kohl's,Outlet,Montana,45,"2,475",55
"January 30, 2021",Women's Athletic Footwear,Midwest,Kohl's,Outlet,Montana,40,"1,700",43
"January 31, 2021",Men's Apparel,Midwest,Kohl's,Outlet,Montana,45,"1,350",30
"February 1, 2021",Women's Apparel,Midwest,Kohl's,Outlet,Montana,60,"3,600",60
"February 2, 2021",Men's Street Footwear,Midwest,Kohl's,Outlet,Montana,40,"3,000",75
"February 3, 2021",Men's Athletic Footwear,Midwest,Kohl's,Outlet,Montana,45,"2,700",60
"February 4, 2021",Women's Street Footwear,Midwest,Kohl's,Outlet,Montana,45,"2,475",55
"February 5, 2021",Women's Athletic Footwear,Midwest,Kohl's,Outlet,Montana,40,"1,800",45
"February 6, 2021",Men's Apparel,Midwest,Kohl's,Outlet,Montana,45,"2,138",48
"February 7, 2021",Women's Apparel,Midwest,Kohl's,Outlet,Montana,60,"2,850",48
"February 8, 2021",Men's Street Footwear,Midwest,Kohl's,Outlet,Montana,45,"3,038",68
"February 9, 2021",Men's Athletic Footwear,Midwest,Kohl's,Outlet,Montana,55,"3,438",63
"February 10, 2021",Women's Street Footwear,Midwest,Kohl's,Outlet,Montana,50,"2,500",50
"February 11, 2021",Women's Athletic Footwear,Midwest,Kohl's,Outlet,Montana,45,"1,913",43
"February 12, 2021",Men's Apparel,Midwest,Kohl's,Outlet,Montana,55,"2,338",43
"February 13, 2021",Women's Apparel,Midwest,Kohl's,Outlet,Montana,60,"2,400",40
"February 14, 2021",Men's Street Footwear,Midwest,Kohl's,Outlet,Montana,45,"2,700",60
"February 15, 2021",Men's Athletic Footwear,Midwest,Kohl's,Outlet,Montana,50,"3,000",60
"February 16, 2021",Women's Street Footwear,Midwest,Kohl's,Outlet,Montana,45,"2,025",45
"February 17, 2021",Women's Athletic Footwear,Midwest,Kohl's,Outlet,Montana,45,"1,800",40
"February 18, 2021",Men's Apparel,Midwest,Kohl's,Outlet,Montana,55,"2,200",40
"February 19, 2021",Women's Apparel,Midwest,Kohl's,Outlet,Montana,60,"2,700",45
"February 20, 2021",Men's Street Footwear,Midwest,Kohl's,Outlet,Montana,45,"2,475",55
"February 21, 2021",Men's Athletic Footwear,Midwest,Kohl's,Outlet,Montana,50,"2,750",55
"February 22, 2021",Women's Street Footwear,Midwest,Kohl's,Outlet,Montana,45,"1,800",40
"February 23, 2021",Women's Athletic Footwear,Midwest,Kohl's,Outlet,Montana,45,"1,688",38
"February 24, 2021",Men's Apparel,Midwest,Kohl's,Outlet,Montana,55,"1,925",35
"February 25, 2021",Women's Apparel,Midwest,Kohl's,Outlet,Montana,60,"2,400",40
"February 26, 2021",Men's Street Footwear,Midwest,Kohl's,Outlet,Montana,40,"2,300",58
"February 27, 2021",Men's Athletic Footwear,Midwest,Kohl's,Outlet,Montana,45,"2,588",58
"February 28, 2021",Women's Street Footwear,Midwest,Kohl's,Outlet,Montana,40,"1,700",43
"March 1, 2021",Women's Athletic Footwear,Midwest,Kohl's,Outlet,Montana,40,"1,700",43
"March 2, 2021",Men's Apparel,Midwest,Kohl's,Outlet,Montana,55,"2,063",38
"March 3, 2021",Women's Apparel,Midwest,Kohl's,Outlet,Montana,60,"2,850",48
"March 4, 2021",Men's Street Footwear,Midwest,Kohl's,Outlet,Montana,45,"3,038",68
"March 5, 2021",Men's Athletic Footwear,Midwest,Kohl's,Outlet,Montana,50,"3,375",68
"March 6, 2021",Women's Street Footwear,Midwest,Kohl's,Outlet,Montana,45,"2,138",48
"March 7, 2021",Women's Athletic Footwear,Midwest,Kohl's,Outlet,Montana,45,"2,138",48
"March 8, 2021",Men's Apparel,Midwest,Kohl's,Outlet,Montana,55,"2,200",40
"March 9, 2021",Women's Apparel,Midwest,Kohl's,Outlet,Montana,60,"3,000",50
"March 10, 2021",Men's Street Footwear,Midwest,Sports Direct,Outlet,Montana,20,"1,400",70
"March 11, 2021",Men's Athletic Footwear,Midwest,Sports Direct,Outlet,Montana,30,"2,100",70
"March 12, 2021",Women's Street Footwear,Midwest,Sports Direct,Outlet,Montana,30,"1,500",50
"March 13, 2021",Women's Athletic Footwear,Midwest,Sports Direct,Outlet,Montana,35,"1,750",50
"March 14, 2021",Men's Apparel,South,Sports Direct,Outlet,Tennessee,40,"1,400",35
"March 15, 2021",Women's Apparel,South,Sports Direct,Outlet,Tennessee,35,"1,750",50
"March 16, 2021",Men's Street Footwear,South,Sports Direct,Outlet,Tennessee,25,"1,625",65
"March 17, 2021",Men's Athletic Footwear,South,Sports Direct,Outlet,Tennessee,35,"2,188",63
"March 18, 2021",Women's Street Footwear,South,Sports Direct,Outlet,Tennessee,35,"1,575",45
"March 19, 2021",Women's Athletic Footwear,South,Sports Direct,Outlet,Tennessee,35,"1,400",40
"March 20, 2021",Men's Apparel,South,Sports Direct,Outlet,Tennessee,40,"1,100",28
"March 21, 2021",Women's Apparel,South,Sports Direct,Outlet,Tennessee,35,"1,663",48
"March 22, 2021",Men's Street Footwear,South,Sports Direct,Outlet,Tennessee,30,"1,950",65
"March 23, 2021",Men's Athletic Footwear,South,Sports Direct,Outlet,Tennessee,40,"2,600",65
"March 24, 2021",Women's Street Footwear,South,Sports Direct,Outlet,Tennessee,30,"1,425",48
"March 25, 2021",Women's Athletic Footwear,South,Sports Direct,Outlet,Tennessee,35,"1,313",38
"March 26, 2021",Men's Apparel,South,Sports Direct,Outlet,Tennessee,40,"1,100",28
"March 27, 2021",Women's Apparel,South,Sports Direct,Outlet,Tennessee,35,"1,488",43
"March 28, 2021",Men's Street Footwear,South,Sports Direct,Outlet,Tennessee,20,"1,350",68
"March 29, 2021",Men's Athletic Footwear,South,Sports Direct,Outlet,Tennessee,25,"1,688",68
"March 30, 2021",Women's Street Footwear,South,Sports Direct,Outlet,Tennessee,20,"1,000",50
"March 31, 2021",Women's Athletic Footwear,South,Sports Direct,Outlet,Tennessee,25,"1,000",40
"April 1, 2021",Men's Apparel,South,Sports Direct,Outlet,Tennessee,30,900,30
"April 2, 2021",Women's Apparel,South,Sports Direct,Outlet,Tennessee,25,"1,438",58
"April 3, 2021",Men's Street Footwear,South,Sports Direct,Outlet,Tennessee,15,"1,088",73
"April 4, 2021",Men's Athletic Footwear,South,Sports Direct,Outlet,Tennessee,25,"1,875",75
"April 5, 2021",Women's Street Footwear,South,Sports Direct,Outlet,Tennessee,20,"1,200",60
"April 6, 2021",Women's Athletic Footwear,South,Sports Direct,Outlet,Tennessee,30,"1,575",53
"April 7, 2021",Men's Apparel,South,Sports Direct,Outlet,Tennessee,45,"1,913",43
"April 8, 2021",Women's Apparel,South,Sports Direct,Outlet,Tennessee,40,"3,100",78
"April 9, 2021",Men's Street Footwear,South,Sports Direct,Outlet,Tennessee,40,"3,100",78
"April 10, 2021",Men's Athletic Footwear,South,Sports Direct,Outlet,Tennessee,45,"3,488",78
"April 11, 2021",Women's Street Footwear,South,Sports Direct,Outlet,Tennessee,40,"2,600",65
"April 12, 2021",Women's Athletic Footwear,South,Sports Direct,Outlet,Tennessee,40,"2,400",60
"April 13, 2021",Men's Apparel,South,Sports Direct,Outlet,Tennessee,45,"2,250",50
"April 14, 2021",Women's Apparel,South,Sports Direct,Outlet,Tennessee,50,"4,375",88
"April 15, 2021",Men's Street Footwear,South,Sports Direct,Outlet,Tennessee,40,"3,300",83
"April 16, 2021",Men's Athletic Footwear,South,Sports Direct,Outlet,Tennessee,45,"3,713",83
"April 17, 2021",Women's Street Footwear,South,Sports Direct,Outlet,Tennessee,40,"3,900",98
"April 18, 2021",Women's Athletic Footwear,South,Sports Direct,Outlet,Tennessee,40,"2,300",58
"April 19, 2021",Men's Apparel,South,Sports Direct,Outlet,Tennessee,45,"2,475",55
"April 20, 2021",Women's Apparel,South,Sports Direct,Outlet,Tennessee,55,"4,538",83
"April 21, 2021",Men's Street Footwear,South,Sports Direct,Outlet,Tennessee,45,"3,488",78
"April 22, 2021",Men's Athletic Footwear,South,Sports Direct,Outlet,Tennessee,55,"4,263",78
"April 23, 2021",Women's Street Footwear,South,Sports Direct,Outlet,Tennessee,50,"4,750",95
"April 24, 2021",Women's Athletic Footwear,South,Sports Direct,Outlet,Tennessee,45,"2,138",48
"April 25, 2021",Men's Apparel,South,Sports Direct,Outlet,Tennessee,50,"2,375",48
"April 26, 2021",Women's Apparel,South,Sports Direct,Outlet,Tennessee,55,"3,988",73
"April 27, 2021",Men's Street Footwear,South,Sports Direct,Outlet,Tennessee,50,"3,375",68
"April 28, 2021",Men's Athletic Footwear,South,Sports Direct,Outlet,Tennessee,50,"3,125",63
"April 29, 2021",Women's Street Footwear,South,Sports Direct,Outlet,Tennessee,55,"3,713",68
"April 30, 2021",Women's Athletic Footwear,South,Sports Direct,Outlet,Tennessee,55,"2,200",40
"May 1, 2021",Men's Apparel,South,Sports Direct,Outlet,Tennessee,50,"2,000",40
"May 2, 2021",Women's Apparel,South,Sports Direct,Outlet,Tennessee,45,"2,813",63
"May 3, 2021",Men's Street Footwear,South,Sports Direct,Outlet,Tennessee,35,"2,013",58
"May 4, 2021",Men's Athletic Footwear,South,Sports Direct,Outlet,Tennessee,35,"2,013",58
"May 5, 2021",Women's Street Footwear,South,Sports Direct,Outlet,Tennessee,40,"2,100",53
"May 6, 2021",Women's Athletic Footwear,South,Sports Direct,Outlet,Tennessee,40,"1,500",38
"May 7, 2021",Men's Apparel,South,Sports Direct,Outlet,Tennessee,35,"1,225",35
"May 8, 2021",Women's Apparel,South,Sports Direct,Outlet,Tennessee,45,"2,363",53
"May 9, 2021",Men's Street Footwear,South,Sports Direct,Outlet,Tennessee,30,"2,025",68
"May 10, 2021",Men's Athletic Footwear,South,Sports Direct,Outlet,Tennessee,30,"2,025",68
"May 11, 2021",Women's Street Footwear,South,Sports Direct,Outlet,Tennessee,55,"3,300",60
"May 12, 2021",Women's Athletic Footwear,South,Sports Direct,Outlet,Tennessee,55,"2,613",48
"May 13, 2021",Men's Apparel,South,Sports Direct,Outlet,Tennessee,55,"2,475",45
"May 14, 2021",Women's Apparel,South,Sports Direct,Outlet,Tennessee,65,"4,225",65
"May 15, 2021",Men's Street Footwear,South,Sports Direct,Outlet,Tennessee,55,"4,400",80
"May 16, 2021",Men's Athletic Footwear,South,Sports Direct,Outlet,Tennessee,55,"4,400",80
"May 18, 2021",Men's Apparel,South,West Gear,In-store,Louisiana,40,900,23
"April 17, 2021",Men's Apparel,South,West Gear,In-store,Louisiana,45,788,18
"February 17, 2021",Men's Apparel,South,West Gear,In-store,Louisiana,50,875,18
"March 16, 2021",Men's Apparel,South,West Gear,In-store,Louisiana,60,900,15
"May 18, 2021",Men's Athletic Footwear,South,West Gear,In-store,Louisiana,50,"2,000",40
"April 17, 2021",Men's Athletic Footwear,South,West Gear,In-store,Louisiana,55,"1,788",33
"March 16, 2021",Men's Athletic Footwear,South,West Gear,In-store,Louisiana,55,"2,063",38
"March 16, 2021",Men's Street Footwear,South,West Gear,In-store,Louisiana,45,"2,363",53
"May 18, 2021",Men's Street Footwear,South,West Gear,In-store,Louisiana,45,"2,475",55
"April 17, 2021",Men's Street Footwear,South,West Gear,In-store,Louisiana,50,"2,625",53
"March 16, 2021",Women's Apparel,South,West Gear,In-store,Louisiana,45,"1,575",35
"February 17, 2021",Women's Apparel,South,West Gear,In-store,Louisiana,45,"1,688",38
"April 17, 2021",Women's Apparel,South,West Gear,In-store,Louisiana,60,"2,100",35
"April 17, 2021",Women's Athletic Footwear,South,West Gear,In-store,Louisiana,40,"1,100",28
"February 17, 2021",Women's Athletic Footwear,South,West Gear,In-store,Louisiana,45,"1,125",25
"May 18, 2021",Women's Athletic Footwear,South,West Gear,In-store,Louisiana,45,"1,463",33
"March 16, 2021",Women's Athletic Footwear,South,West Gear,In-store,Louisiana,55,"1,650",30
"May 18, 2021",Women's Street Footwear,South,West Gear,In-store,Louisiana,50,"2,000",40
"April 17, 2021",Women's Street Footwear,South,West Gear,In-store,Louisiana,55,"2,063",38
"March 16, 2021",Women's Street Footwear,South,West Gear,In-store,Louisiana,60,"2,400",40
"May 25, 2021",Men's Apparel,Southeast,Foot Locker,In-store,Virginia,45,788,18
"February 24, 2021",Men's Apparel,Southeast,Foot Locker,In-store,Virginia,45,563,13
"April 24, 2021",Men's Apparel,Southeast,Foot Locker,In-store,Virginia,50,625,13
"March 23, 2021",Men's Apparel,Southeast,Foot Locker,In-store,Virginia,55,550,10
"October 24, 2021",Men's Apparel,Southeast,Foot Locker,In-store,Virginia,55,"1,650",30
"September 25, 2021",Men's Apparel,Southeast,Foot Locker,In-store,Virginia,60,"1,350",23
"August 24, 2021",Men's Apparel,Southeast,Foot Locker,In-store,Virginia,70,"2,975",43
"November 24, 2021",Men's Apparel,Southeast,Foot Locker,In-store,Virginia,75,"3,188",43
"June 24, 2021",Men's Apparel,Southeast,Foot Locker,In-store,Virginia,90,"3,600",40
"July 23, 2021",Men's Apparel,Southeast,Foot Locker,In-store,Virginia,90,"5,400",60
"March 23, 2021",Men's Athletic Footwear,Southeast,Foot Locker,In-store,Virginia,50,"1,625",33
"November 24, 2021",Men's Athletic Footwear,Southeast,Foot Locker,In-store,Virginia,50,"3,250",65
"May 25, 2021",Men's Athletic Footwear,Southeast,Foot Locker,In-store,Virginia,55,"1,925",35
"September 25, 2021",Men's Athletic Footwear,Southeast,Foot Locker,In-store,Virginia,55,"2,475",45
"October 24, 2021",Men's Athletic Footwear,Southeast,Foot Locker,In-store,Virginia,55,"2,888",53
"April 24, 2021",Men's Athletic Footwear,Southeast,Foot Locker,In-store,Virginia,60,"1,650",28
"June 24, 2021",Men's Athletic Footwear,Southeast,Foot Locker,In-store,Virginia,65,"4,225",65
"December 23, 2021",Men's Athletic Footwear,Southeast,Foot Locker,In-store,Virginia,75,"5,625",75
"August 24, 2021",Men's Athletic Footwear,Southeast,Foot Locker,In-store,Virginia,80,"6,200",78
"July 23, 2021",Men's Athletic Footwear,Southeast,Foot Locker,In-store,Virginia,90,"6,300",70
"October 24, 2021",Men's Street Footwear,Southeast,Foot Locker,In-store,Virginia,40,"1,400",35
"March 23, 2021",Men's Street Footwear,Southeast,Foot Locker,In-store,Virginia,40,"1,900",48
"November 24, 2021",Men's Street Footwear,Southeast,Foot Locker,In-store,Virginia,45,"2,588",58
"May 25, 2021",Men's Street Footwear,Southeast,Foot Locker,In-store,Virginia,50,"2,500",50
"September 25, 2021",Men's Street Footwear,Southeast,Foot Locker,In-store,Virginia,50,"2,250",45
"June 24, 2021",Men's Street Footwear,Southeast,Foot Locker,In-store,Virginia,55,"4,263",78
"April 24, 2021",Men's Street Footwear,Southeast,Foot Locker,In-store,Virginia,55,"2,613",48
"December 23, 2021",Men's Street Footwear,Southeast,Foot Locker,In-store,Virginia,65,"4,875",75
"July 23, 2021",Men's Street Footwear,Southeast,Foot Locker,In-store,Virginia,85,"7,225",85
"August 24, 2021",Men's Street Footwear,Southeast,Foot Locker,In-store,Virginia,90,"7,200",80
"February 24, 2021",Women's Apparel,Southeast,Foot Locker,In-store,Virginia,40,"1,300",33
"September 25, 2021",Women's Apparel,Southeast,Foot Locker,In-store,Virginia,45,"1,125",25
"March 23, 2021",Women's Apparel,Southeast,Foot Locker,In-store,Virginia,50,"1,500",30
"May 25, 2021",Women's Apparel,Southeast,Foot Locker,In-store,Virginia,60,"3,150",53
"October 24, 2021",Women's Apparel,Southeast,Foot Locker,In-store,Virginia,60,"2,100",35
"April 24, 2021",Women's Apparel,Southeast,Foot Locker,In-store,Virginia,65,"1,950",30
"August 24, 2021",Women's Apparel,Southeast,Foot Locker,In-store,Virginia,75,"1,875",25
"November 24, 2021",Women's Apparel,Southeast,Foot Locker,In-store,Virginia,80,"4,400",55
"July 23, 2021",Women's Apparel,Southeast,Foot Locker,In-store,Virginia,105,"6,300",60
"June 24, 2021",Women's Apparel,Southeast,Foot Locker,In-store,Virginia,105,"7,350",70
"February 24, 2021",Women's Athletic Footwear,Southeast,Foot Locker,In-store,Virginia,40,800,20
"April 24, 2021",Women's Athletic Footwear,Southeast,Foot Locker,In-store,Virginia,45,"1,013",23
"October 24, 2021",Women's Athletic Footwear,Southeast,Foot Locker,In-store,Virginia,45,"1,463",33
"March 23, 2021",Women's Athletic Footwear,Southeast,Foot Locker,In-store,Virginia,50,"1,250",25
"May 25, 2021",Women's Athletic Footwear,Southeast,Foot Locker,In-store,Virginia,50,"1,375",28
"September 25, 2021",Women's Athletic Footwear,Southeast,Foot Locker,In-store,Virginia,50,"1,000",20
"November 24, 2021",Women's Athletic Footwear,Southeast,Foot Locker,In-store,Virginia,55,"2,475",45
"August 24, 2021",Women's Athletic Footwear,Southeast,Foot Locker,In-store,Virginia,70,"2,975",43
"June 24, 2021",Women's Athletic Footwear,Southeast,Foot Locker,In-store,Virginia,80,"4,200",53
"July 23, 2021",Women's Athletic Footwear,Southeast,Foot Locker,In-store,Virginia,85,"4,675",55
"November 24, 2021",Women's Street Footwear,Southeast,Foot Locker,In-store,Virginia,45,"2,138",48
"September 25, 2021",Women's Street Footwear,Southeast,Foot Locker,In-store,Virginia,50,"1,250",25
"October 24, 2021",Women's Street Footwear,Southeast,Foot Locker,In-store,Virginia,50,"1,750",35
"March 23, 2021",Women's Street Footwear,Southeast,Foot Locker,In-store,Virginia,55,"1,925",35
"May 25, 2021",Women's Street Footwear,Southeast,Foot Locker,In-store,Virginia,55,"1,925",35
"April 24, 2021",Women's Street Footwear,Southeast,Foot Locker,In-store,Virginia,60,"1,950",33
"August 24, 2021",Women's Street Footwear,Southeast,Foot Locker,In-store,Virginia,70,"4,550",65
"June 24, 2021",Women's Street Footwear,Southeast,Foot Locker,In-store,Virginia,80,"5,200",65
"July 23, 2021",Women's Street Footwear,Southeast,Foot Locker,In-store,Virginia,90,"5,850",65
"December 23, 2021",Men's Apparel,Southeast,Sports Direct,In-store,Virginia,80,"3,800",48
"December 23, 2021",Women's Apparel,Southeast,Sports Direct,In-store,Virginia,85,"4,888",58
"December 23, 2021",Women's Athletic Footwear,Southeast,Sports Direct,In-store,Virginia,70,"3,850",55
"December 23, 2021",Women's Street Footwear,Southeast,Sports Direct,In-store,Virginia,70,"3,850",55
"October 17, 2021",Men's Apparel,Southeast,Walmart,In-store,Florida,65,"2,275",35
"September 18, 2021",Men's Apparel,Southeast,Walmart,In-store,Florida,70,"1,925",28
"August 17, 2021",Men's Apparel,Southeast,Walmart,In-store,Florida,80,"3,800",48
"November 17, 2021",Men's Apparel,Southeast,Walmart,In-store,Florida,85,"4,038",48
"June 17, 2021",Men's Apparel,Southeast,Walmart,In-store,Florida,95,"4,275",45
"July 16, 2021",Men's Apparel,Southeast,Walmart,In-store,Florida,95,"6,175",65
"November 17, 2021",Men's Athletic Footwear,Southeast,Walmart,In-store,Florida,60,"4,200",70
"September 18, 2021",Men's Athletic Footwear,Southeast,Walmart,In-store,Florida,65,"3,250",50
"October 17, 2021",Men's Athletic Footwear,Southeast,Walmart,In-store,Florida,65,"3,738",58
"June 17, 2021",Men's Athletic Footwear,Southeast,Walmart,In-store,Florida,70,"4,900",70
"December 16, 2021",Men's Athletic Footwear,Southeast,Walmart,In-store,Florida,85,"6,800",80
"August 17, 2021",Men's Athletic Footwear,Southeast,Walmart,In-store,Florida,85,"7,013",83
"July 16, 2021",Men's Athletic Footwear,Southeast,Walmart,In-store,Florida,95,"7,125",75
"October 17, 2021",Men's Street Footwear,Southeast,Walmart,In-store,Florida,50,"2,000",40
"November 17, 2021",Men's Street Footwear,Southeast,Walmart,In-store,Florida,55,"3,438",63
"September 18, 2021",Men's Street Footwear,Southeast,Walmart,In-store,Florida,60,"3,000",50
"December 16, 2021",Men's Street Footwear,Southeast,Walmart,In-store,Florida,75,"6,000",80
"July 16, 2021",Men's Street Footwear,Southeast,Walmart,In-store,Florida,90,"8,100",90
"August 17, 2021",Men's Street Footwear,Southeast,Walmart,In-store,Florida,95,"8,075",85
"September 18, 2021",Women's Apparel,Southeast,Walmart,In-store,Florida,55,"1,650",30
"October 17, 2021",Women's Apparel,Southeast,Walmart,In-store,Florida,70,"2,800",40
"August 17, 2021",Women's Apparel,Southeast,Walmart,In-store,Florida,85,"2,550",30
"November 17, 2021",Women's Apparel,Southeast,Walmart,In-store,Florida,90,"5,400",60
"July 16, 2021",Women's Apparel,Southeast,Walmart,In-store,Florida,110,"7,150",65
"June 17, 2021",Women's Apparel,Southeast,Walmart,In-store,Florida,110,"8,250",75
"October 17, 2021",Women's Athletic Footwear,Southeast,Walmart,In-store,Florida,55,"2,063",38
"September 18, 2021",Women's Athletic Footwear,Southeast,Walmart,In-store,Florida,60,"1,500",25
"November 17, 2021",Women's Athletic Footwear,Southeast,Walmart,In-store,Florida,65,"3,250",50
"August 17, 2021",Women's Athletic Footwear,Southeast,Walmart,In-store,Florida,80,"3,800",48
"June 17, 2021",Women's Athletic Footwear,Southeast,Walmart,In-store,Florida,85,"4,888",58
"July 16, 2021",Women's Athletic Footwear,Southeast,Walmart,In-store,Florida,90,"5,400",60
"November 17, 2021",Women's Street Footwear,Southeast,Walmart,In-store,Florida,55,"2,888",53
"September 18, 2021",Women's Street Footwear,Southeast,Walmart,In-store,Florida,60,"1,800",30
"October 17, 2021",Women's Street Footwear,Southeast,Walmart,In-store,Florida,60,"2,400",40
"August 17, 2021",Women's Street Footwear,Southeast,Walmart,In-store,Florida,80,"5,600",70
"June 17, 2021",Women's Street Footwear,Southeast,Walmart,In-store,Florida,85,"5,950",70
"July 16, 2021",Women's Street Footwear,Southeast,Walmart,In-store,Florida,95,"6,650",70
"December 16, 2021",Men's Apparel,Southeast,West Gear,In-store,Florida,90,"4,725",53
"December 16, 2021",Women's Apparel,Southeast,West Gear,In-store,Florida,95,"5,938",63
"December 16, 2021",Women's Athletic Footwear,Southeast,West Gear,In-store,Florida,80,"4,800",60
"December 16, 2021",Women's Street Footwear,Southeast,West Gear,In-store,Florida,80,"4,800",60
"January 24, 2021",Men's Apparel,West,Foot Locker,In-store,Wyoming,45,675,15
"January 24, 2021",Men's Athletic Footwear,West,Foot Locker,In-store,Wyoming,40,"1,400",35
"February 24, 2021",Men's Athletic Footwear,West,Foot Locker,In-store,Wyoming,40,"1,400",35
"January 24, 2021",Men's Street Footwear,West,Foot Locker,In-store,Wyoming,30,"1,050",35
"February 24, 2021",Men's Street Footwear,West,Foot Locker,In-store,Wyoming,30,"1,350",45
"January 24, 2021",Women's Apparel,West,Foot Locker,In-store,Wyoming,40,"1,600",40
"January 24, 2021",Women's Athletic Footwear,West,Foot Locker,In-store,Wyoming,40,800,20
"January 24, 2021",Women's Street Footwear,West,Foot Locker,In-store,Wyoming,40,"1,400",35
"February 24, 2021",Women's Street Footwear,West,Foot Locker,In-store,Wyoming,40,"1,400",35
"May 25, 2021",Men's Apparel,West,West Gear,In-store,Oregon,45,788,18
"February 24, 2021",Men's Apparel,West,West Gear,In-store,Oregon,45,563,13
"April 24, 2021",Men's Apparel,West,West Gear,In-store,Oregon,50,625,13
"March 23, 2021",Men's Apparel,West,West Gear,In-store,Oregon,55,550,10
"October 24, 2021",Men's Apparel,West,West Gear,In-store,Oregon,55,"1,650",30
"September 25, 2021",Men's Apparel,West,West Gear,In-store,Oregon,60,"1,350",23
"August 24, 2021",Men's Apparel,West,West Gear,In-store,Oregon,70,"2,975",43
"November 24, 2021",Men's Apparel,West,West Gear,In-store,Oregon,75,"3,188",43
"December 23, 2021",Men's Apparel,West,West Gear,In-store,Oregon,80,"3,800",48
"June 24, 2021",Men's Apparel,West,West Gear,In-store,Oregon,90,"3,600",40
"July 23, 2021",Men's Apparel,West,West Gear,In-store,Oregon,90,"5,400",60
"January 17, 2021",Men's Apparel,West,West Gear,In-store,Oregon,50,"1,000",20
"January 24, 2021",Men's Apparel,West,West Gear,In-store,Utah,45,675,15
"March 23, 2021",Men's Athletic Footwear,West,West Gear,In-store,Oregon,50,"1,625",33
"November 24, 2021",Men's Athletic Footwear,West,West Gear,In-store,Oregon,50,"3,250",65
"May 25, 2021",Men's Athletic Footwear,West,West Gear,In-store,Oregon,55,"1,925",35
"September 25, 2021",Men's Athletic Footwear,West,West Gear,In-store,Oregon,55,"2,475",45
"October 24, 2021",Men's Athletic Footwear,West,West Gear,In-store,Oregon,55,"2,888",53
"April 24, 2021",Men's Athletic Footwear,West,West Gear,In-store,Oregon,60,"1,650",28
"June 24, 2021",Men's Athletic Footwear,West,West Gear,In-store,Oregon,65,"4,225",65
"December 23, 2021",Men's Athletic Footwear,West,West Gear,In-store,Oregon,75,"5,625",75
"August 24, 2021",Men's Athletic Footwear,West,West Gear,In-store,Oregon,80,"6,200",78
"July 23, 2021",Men's Athletic Footwear,West,West Gear,In-store,Oregon,90,"6,300",70
"January 17, 2021",Men's Athletic Footwear,West,West Gear,In-store,Oregon,45,"1,800",40
"February 17, 2021",Men's Athletic Footwear,West,West Gear,In-store,Oregon,45,"1,800",40
"January 24, 2021",Men's Athletic Footwear,West,West Gear,In-store,Utah,40,"1,400",35
"February 24, 2021",Men's Athletic Footwear,West,West Gear,In-store,Utah,40,"1,400",35
"October 24, 2021",Men's Street Footwear,West,West Gear,In-store,Oregon,40,"1,400",35
"March 23, 2021",Men's Street Footwear,West,West Gear,In-store,Oregon,40,"1,900",48
"November 24, 2021",Men's Street Footwear,West,West Gear,In-store,Oregon,45,"2,588",58
"May 25, 2021",Men's Street Footwear,West,West Gear,In-store,Oregon,50,"2,500",50
"September 25, 2021",Men's Street Footwear,West,West Gear,In-store,Oregon,50,"2,250",45
"June 24, 2021",Men's Street Footwear,West,West Gear,In-store,Oregon,55,"4,263",78
"April 24, 2021",Men's Street Footwear,West,West Gear,In-store,Oregon,55,"2,613",48
"December 23, 2021",Men's Street Footwear,West,West Gear,In-store,Oregon,65,"4,875",75
"July 23, 2021",Men's Street Footwear,West,West Gear,In-store,Oregon,85,"7,225",85
"August 24, 2021",Men's Street Footwear,West,West Gear,In-store,Oregon,90,"7,200",80
"January 17, 2021",Men's Street Footwear,West,West Gear,In-store,Oregon,35,"1,400",40
"February 17, 2021",Men's Street Footwear,West,West Gear,In-store,Oregon,35,"1,750",50
"January 24, 2021",Men's Street Footwear,West,West Gear,In-store,Utah,30,"1,050",35
"February 24, 2021",Men's Street Footwear,West,West Gear,In-store,Utah,30,"1,350",45
"February 24, 2021",Women's Apparel,West,West Gear,In-store,Oregon,40,"1,300",33
"September 25, 2021",Women's Apparel,West,West Gear,In-store,Oregon,45,"1,125",25
"March 23, 2021",Women's Apparel,West,West Gear,In-store,Oregon,50,"1,500",30
"May 25, 2021",Women's Apparel,West,West Gear,In-store,Oregon,60,"3,150",53
"October 24, 2021",Women's Apparel,West,West Gear,In-store,Oregon,60,"2,100",35
"April 24, 2021",Women's Apparel,West,West Gear,In-store,Oregon,65,"1,950",30
"August 24, 2021",Women's Apparel,West,West Gear,In-store,Oregon,75,"1,875",25
"November 24, 2021",Women's Apparel,West,West Gear,In-store,Oregon,80,"4,400",55
"December 23, 2021",Women's Apparel,West,West Gear,In-store,Oregon,85,"4,888",58
"July 23, 2021",Women's Apparel,West,West Gear,In-store,Oregon,105,"6,300",60
"June 24, 2021",Women's Apparel,West,West Gear,In-store,Oregon,105,"7,350",70
"January 17, 2021",Women's Apparel,West,West Gear,In-store,Oregon,45,"2,025",45
"January 24, 2021",Women's Apparel,West,West Gear,In-store,Utah,40,"1,600",40
"February 24, 2021",Women's Athletic Footwear,West,West Gear,In-store,Oregon,40,800,20
"April 24, 2021",Women's Athletic Footwear,West,West Gear,In-store,Oregon,45,"1,013",23
"October 24, 2021",Women's Athletic Footwear,West,West Gear,In-store,Oregon,45,"1,463",33
"March 23, 2021",Women's Athletic Footwear,West,West Gear,In-store,Oregon,50,"1,250",25
"May 25, 2021",Women's Athletic Footwear,West,West Gear,In-store,Oregon,50,"1,375",28
"September 25, 2021",Women's Athletic Footwear,West,West Gear,In-store,Oregon,50,"1,000",20
"November 24, 2021",Women's Athletic Footwear,West,West Gear,In-store,Oregon,55,"2,475",45
"August 24, 2021",Women's Athletic Footwear,West,West Gear,In-store,Oregon,70,"2,975",43
"December 23, 2021",Women's Athletic Footwear,West,West Gear,In-store,Oregon,70,"3,850",55
"June 24, 2021",Women's Athletic Footwear,West,West Gear,In-store,Oregon,80,"4,200",53
"July 23, 2021",Women's Athletic Footwear,West,West Gear,In-store,Oregon,85,"4,675",55
"January 17, 2021",Women's Athletic Footwear,West,West Gear,In-store,Oregon,45,"1,125",25
"January 24, 2021",Women's Athletic Footwear,West,West Gear,In-store,Utah,40,800,20
"November 24, 2021",Women's Street Footwear,West,West Gear,In-store,Oregon,45,"2,138",48
"September 25, 2021",Women's Street Footwear,West,West Gear,In-store,Oregon,50,"1,250",25
"October 24, 2021",Women's Street Footwear,West,West Gear,In-store,Oregon,50,"1,750",35
"March 23, 2021",Women's Street Footwear,West,West Gear,In-store,Oregon,55,"1,925",35
"May 25, 2021",Women's Street Footwear,West,West Gear,In-store,Oregon,55,"1,925",35
"April 24, 2021",Women's Street Footwear,West,West Gear,In-store,Oregon,60,"1,950",33
"August 24, 2021",Women's Street Footwear,West,West Gear,In-store,Oregon,70,"4,550",65
"December 23, 2021",Women's Street Footwear,West,West Gear,In-store,Oregon,70,"3,850",55
"June 24, 2021",Women's Street Footwear,West,West Gear,In-store,Oregon,80,"5,200",65
"July 23, 2021",Women's Street Footwear,West,West Gear,In-store,Oregon,90,"5,850",65
"January 17, 2021",Women's Street Footwear,West,West Gear,In-store,Oregon,45,"1,800",40
"February 17, 2021",Women's Street Footwear,West,West Gear,In-store,Oregon,45,"1,800",40
"January 24, 2021",Women's Street Footwear,West,West Gear,In-store,Utah,40,"1,400",35
"February 24, 2021",Women's Street Footwear,West,West Gear,In-store,Utah,40,"1,400",35
"March 5, 2021",Men's Apparel,Midwest,Foot Locker,In-store,Iowa,30,450,15
"September 7, 2021",Men's Apparel,Midwest,Foot Locker,In-store,Iowa,35,525,15
"June 6, 2021",Men's Apparel,Midwest,Foot Locker,In-store,Iowa,35,613,18
"February 6, 2021",Men's Apparel,Midwest,Foot Locker,In-store,Iowa,40,600,15
"October 6, 2021",Men's Apparel,Midwest,Foot Locker,In-store,Iowa,45,563,13
"May 7, 2021",Men's Apparel,Midwest,Foot Locker,In-store,Iowa,45,675,15
"August 6, 2021",Men's Apparel,Midwest,Foot Locker,In-store,Iowa,50,875,18
"July 5, 2021",Men's Apparel,Midwest,Foot Locker,In-store,Iowa,50,"1,000",20
"April 6, 2021",Men's Apparel,Midwest,Foot Locker,In-store,Iowa,60,750,13
"January 18, 2021",Men's Apparel,Midwest,Foot Locker,In-store,Michigan,40,"1,300",33
"December 15, 2021",Men's Apparel,Midwest,Foot Locker,In-store,Michigan,60,"3,300",55
"September 19, 2021",Men's Apparel,Midwest,Foot Locker,In-store,Missouri,25,688,28
"October 18, 2021",Men's Apparel,Midwest,Foot Locker,In-store,Missouri,35,788,23
"August 18, 2021",Men's Apparel,Midwest,Foot Locker,In-store,Missouri,35,"1,050",30
"April 18, 2021",Men's Apparel,Midwest,Foot Locker,In-store,Missouri,40,900,23
"February 18, 2021",Men's Apparel,Midwest,Foot Locker,In-store,Missouri,40,"1,300",33
"June 18, 2021",Men's Apparel,Midwest,Foot Locker,In-store,Missouri,40,"1,400",35
"July 17, 2021",Men's Apparel,Midwest,Foot Locker,In-store,Missouri,40,"1,500",38
"May 19, 2021",Men's Apparel,Midwest,Foot Locker,In-store,Missouri,45,"1,125",25
"November 18, 2021",Men's Apparel,Midwest,Foot Locker,In-store,Missouri,45,"1,350",30
"March 17, 2021",Men's Apparel,Midwest,Foot Locker,In-store,Missouri,45,"1,125",25
"November 9, 2021",Men's Apparel,Midwest,Foot Locker,In-store,North Dakota,60,900,15
"December 8, 2021",Men's Apparel,Midwest,Foot Locker,In-store,North Dakota,60,"1,200",20
"January 6, 2021",Men's Apparel,Midwest,Foot Locker,In-store,North Dakota,40,600,15
"March 5, 2021",Men's Athletic Footwear,Midwest,Foot Locker,In-store,Iowa,20,350,18
"April 6, 2021",Men's Athletic Footwear,Midwest,Foot Locker,In-store,Iowa,20,350,18
"June 6, 2021",Men's Athletic Footwear,Midwest,Foot Locker,In-store,Iowa,30,825,28
"September 7, 2021",Men's Athletic Footwear,Midwest,Foot Locker,In-store,Iowa,30,825,28
"October 6, 2021",Men's Athletic Footwear,Midwest,Foot Locker,In-store,Iowa,35,875,25
"May 7, 2021",Men's Athletic Footwear,Midwest,Foot Locker,In-store,Iowa,40,900,23
"July 5, 2021",Men's Athletic Footwear,Midwest,Foot Locker,In-store,Iowa,45,"1,350",30
"August 6, 2021",Men's Athletic Footwear,Midwest,Foot Locker,In-store,Iowa,45,"1,350",30
"February 18, 2021",Men's Athletic Footwear,Midwest,Foot Locker,In-store,Michigan,30,975,33
"January 18, 2021",Men's Athletic Footwear,Midwest,Foot Locker,In-store,Michigan,30,"1,275",43
"October 18, 2021",Men's Athletic Footwear,Midwest,Foot Locker,In-store,Missouri,25,875,35
"November 18, 2021",Men's Athletic Footwear,Midwest,Foot Locker,In-store,Missouri,25,875,35
"April 18, 2021",Men's Athletic Footwear,Midwest,Foot Locker,In-store,Missouri,30,825,28
"June 18, 2021",Men's Athletic Footwear,Midwest,Foot Locker,In-store,Missouri,30,"1,050",35
"September 19, 2021",Men's Athletic Footwear,Midwest,Foot Locker,In-store,Missouri,30,"1,200",40
"March 17, 2021",Men's Athletic Footwear,Midwest,Foot Locker,In-store,Missouri,35,"1,050",30
"December 17, 2021",Men's Athletic Footwear,Midwest,Foot Locker,In-store,Missouri,35,"1,575",45
"May 19, 2021",Men's Athletic Footwear,Midwest,Foot Locker,In-store,Missouri,35,"1,138",33
"July 17, 2021",Men's Athletic Footwear,Midwest,Foot Locker,In-store,Missouri,35,"1,750",50
"August 18, 2021",Men's Athletic Footwear,Midwest,Foot Locker,In-store,Missouri,40,"1,900",48
"November 9, 2021",Men's Athletic Footwear,Midwest,Foot Locker,In-store,North Dakota,40,"1,000",25
"December 8, 2021",Men's Athletic Footwear,Midwest,Foot Locker,In-store,North Dakota,50,"1,500",30
"February 6, 2021",Men's Athletic Footwear,Midwest,Foot Locker,In-store,North Dakota,30,450,15
"January 6, 2021",Men's Athletic Footwear,Midwest,Foot Locker,In-store,North Dakota,30,750,25
"March 5, 2021",Men's Street Footwear,Midwest,Foot Locker,In-store,Iowa,20,940,47
"April 6, 2021",Men's Street Footwear,Midwest,Foot Locker,In-store,Iowa,20,950,48
"September 7, 2021",Men's Street Footwear,Midwest,Foot Locker,In-store,Iowa,35,"1,663",48
"June 6, 2021",Men's Street Footwear,Midwest,Foot Locker,In-store,Iowa,35,"1,838",53
"October 6, 2021",Men's Street Footwear,Midwest,Foot Locker,In-store,Iowa,45,"1,800",40
"August 6, 2021",Men's Street Footwear,Midwest,Foot Locker,In-store,Iowa,50,"2,625",53
"July 5, 2021",Men's Street Footwear,Midwest,Foot Locker,In-store,Iowa,50,"2,750",55
"May 7, 2021",Men's Street Footwear,Midwest,Foot Locker,In-store,Iowa,60,"3,120",52
"January 18, 2021",Men's Street Footwear,Midwest,Foot Locker,In-store,Michigan,30,"1,875",63
"February 18, 2021",Men's Street Footwear,Midwest,Foot Locker,In-store,Michigan,30,"2,025",68
"November 18, 2021",Men's Street Footwear,Midwest,Foot Locker,In-store,Missouri,35,"1,750",50
"October 18, 2021",Men's Street Footwear,Midwest,Foot Locker,In-store,Missouri,35,"1,838",53
"April 18, 2021",Men's Street Footwear,Midwest,Foot Locker,In-store,Missouri,35,"2,013",58
"June 18, 2021",Men's Street Footwear,Midwest,Foot Locker,In-store,Missouri,35,"2,100",60
"September 19, 2021",Men's Street Footwear,Midwest,Foot Locker,In-store,Missouri,35,"2,100",60
"March 17, 2021",Men's Street Footwear,Midwest,Foot Locker,In-store,Missouri,35,"2,170",62
"May 19, 2021",Men's Street Footwear,Midwest,Foot Locker,In-store,Missouri,40,"2,480",62
"August 18, 2021",Men's Street Footwear,Midwest,Foot Locker,In-store,Missouri,40,"2,800",70
"July 17, 2021",Men's Street Footwear,Midwest,Foot Locker,In-store,Missouri,40,"3,000",75
"December 17, 2021",Men's Street Footwear,Midwest,Foot Locker,In-store,Missouri,45,"2,925",65
"January 6, 2021",Men's Street Footwear,Midwest,Foot Locker,In-store,North Dakota,30,"1,350",45
"February 6, 2021",Men's Street Footwear,Midwest,Foot Locker,In-store,North Dakota,30,"1,500",50
"November 9, 2021",Men's Street Footwear,Midwest,Foot Locker,In-store,North Dakota,50,"2,000",40
"December 8, 2021",Men's Street Footwear,Midwest,Foot Locker,In-store,North Dakota,60,"3,000",50
"February 6, 2021",Women's Apparel,Midwest,Foot Locker,In-store,Iowa,15,375,25
"March 5, 2021",Women's Apparel,Midwest,Foot Locker,In-store,Iowa,20,500,25
"September 7, 2021",Women's Apparel,Midwest,Foot Locker,In-store,Iowa,40,900,23
"May 7, 2021",Women's Apparel,Midwest,Foot Locker,In-store,Iowa,50,"1,375",28
"April 6, 2021",Women's Apparel,Midwest,Foot Locker,In-store,Iowa,50,"1,250",25
"June 6, 2021",Women's Apparel,Midwest,Foot Locker,In-store,Iowa,55,"1,788",33
"August 6, 2021",Women's Apparel,Midwest,Foot Locker,In-store,Iowa,55,"1,925",35
"July 5, 2021",Women's Apparel,Midwest,Foot Locker,In-store,Iowa,55,"2,063",38
"January 18, 2021",Women's Apparel,Midwest,Foot Locker,In-store,Michigan,30,"1,275",43
"December 15, 2021",Women's Apparel,Midwest,Foot Locker,In-store,Michigan,65,"4,225",65
"February 18, 2021",Women's Apparel,Midwest,Foot Locker,In-store,Missouri,30,"1,200",40
"April 18, 2021",Women's Apparel,Midwest,Foot Locker,In-store,Missouri,30,"1,050",35
"September 19, 2021",Women's Apparel,Midwest,Foot Locker,In-store,Missouri,30,"1,050",35
"March 17, 2021",Women's Apparel,Midwest,Foot Locker,In-store,Missouri,35,"1,225",35
"October 18, 2021",Women's Apparel,Midwest,Foot Locker,In-store,Missouri,40,"1,400",35
"August 18, 2021",Women's Apparel,Midwest,Foot Locker,In-store,Missouri,40,"1,900",48
"June 18, 2021",Women's Apparel,Midwest,Foot Locker,In-store,Missouri,45,"2,363",53
"July 17, 2021",Women's Apparel,Midwest,Foot Locker,In-store,Missouri,45,"2,475",55
"November 18, 2021",Women's Apparel,Midwest,Foot Locker,In-store,Missouri,50,"2,000",40
"May 19, 2021",Women's Apparel,Midwest,Foot Locker,In-store,Missouri,50,"1,750",35
"January 6, 2021",Women's Apparel,Midwest,Foot Locker,In-store,North Dakota,30,750,25
"October 9, 2021",Women's Apparel,Midwest,Foot Locker,In-store,North Dakota,55,"1,375",25
"November 9, 2021",Women's Apparel,Midwest,Foot Locker,In-store,North Dakota,65,"1,625",25
"December 8, 2021",Women's Apparel,Midwest,Foot Locker,In-store,North Dakota,65,"1,950",30
"March 5, 2021",Women's Athletic Footwear,Midwest,Foot Locker,In-store,Iowa,15,150,10
"April 6, 2021",Women's Athletic Footwear,Midwest,Foot Locker,In-store,Iowa,15,150,10
"February 6, 2021",Women's Athletic Footwear,Midwest,Foot Locker,In-store,Iowa,25,188,8
"September 7, 2021",Women's Athletic Footwear,Midwest,Foot Locker,In-store,Iowa,25,375,15
"June 6, 2021",Women's Athletic Footwear,Midwest,Foot Locker,In-store,Iowa,25,438,18
"May 7, 2021",Women's Athletic Footwear,Midwest,Foot Locker,In-store,Iowa,35,438,13
"October 6, 2021",Women's Athletic Footwear,Midwest,Foot Locker,In-store,Iowa,35,438,13
"July 5, 2021",Women's Athletic Footwear,Midwest,Foot Locker,In-store,Iowa,40,700,18
"August 6, 2021",Women's Athletic Footwear,Midwest,Foot Locker,In-store,Iowa,40,800,20
"December 15, 2021",Women's Athletic Footwear,Midwest,Foot Locker,In-store,Michigan,50,"2,750",55
"January 18, 2021",Women's Athletic Footwear,Midwest,Foot Locker,In-store,Michigan,25,688,28
"September 19, 2021",Women's Athletic Footwear,Midwest,Foot Locker,In-store,Missouri,15,413,28
"April 18, 2021",Women's Athletic Footwear,Midwest,Foot Locker,In-store,Missouri,25,500,20
"October 18, 2021",Women's Athletic Footwear,Midwest,Foot Locker,In-store,Missouri,25,563,23
"February 18, 2021",Women's Athletic Footwear,Midwest,Foot Locker,In-store,Missouri,25,625,25
"August 18, 2021",Women's Athletic Footwear,Midwest,Foot Locker,In-store,Missouri,25,813,33
"November 18, 2021",Women's Athletic Footwear,Midwest,Foot Locker,In-store,Missouri,25,813,33
"June 18, 2021",Women's Athletic Footwear,Midwest,Foot Locker,In-store,Missouri,25,875,35
"March 17, 2021",Women's Athletic Footwear,Midwest,Foot Locker,In-store,Missouri,30,600,20
"May 19, 2021",Women's Athletic Footwear,Midwest,Foot Locker,In-store,Missouri,30,675,23
"July 17, 2021",Women's Athletic Footwear,Midwest,Foot Locker,In-store,Missouri,30,"1,125",38
"January 6, 2021",Women's Athletic Footwear,Midwest,Foot Locker,In-store,North Dakota,25,250,10
"November 9, 2021",Women's Athletic Footwear,Midwest,Foot Locker,In-store,North Dakota,40,700,18
"December 8, 2021",Women's Athletic Footwear,Midwest,Foot Locker,In-store,North Dakota,50,"1,000",20
"April 6, 2021",Women's Street Footwear,Midwest,Foot Locker,In-store,Iowa,10,175,18
"March 5, 2021",Women's Street Footwear,Midwest,Foot Locker,In-store,Iowa,10,225,23
"September 7, 2021",Women's Street Footwear,Midwest,Foot Locker,In-store,Iowa,25,438,18
"June 6, 2021",Women's Street Footwear,Midwest,Foot Locker,In-store,Iowa,25,500,20
"October 6, 2021",Women's Street Footwear,Midwest,Foot Locker,In-store,Iowa,35,525,15
"May 7, 2021",Women's Street Footwear,Midwest,Foot Locker,In-store,Iowa,35,700,20
"July 5, 2021",Women's Street Footwear,Midwest,Foot Locker,In-store,Iowa,40,900,23
"August 6, 2021",Women's Street Footwear,Midwest,Foot Locker,In-store,Iowa,40,900,23
"December 15, 2021",Women's Street Footwear,Midwest,Foot Locker,In-store,Michigan,50,"3,000",60
"February 18, 2021",Women's Street Footwear,Midwest,Foot Locker,In-store,Michigan,20,750,38
"January 18, 2021",Women's Street Footwear,Midwest,Foot Locker,In-store,Michigan,20,850,43
"September 19, 2021",Women's Street Footwear,Midwest,Foot Locker,In-store,Missouri,15,450,30
"April 18, 2021",Women's Street Footwear,Midwest,Foot Locker,In-store,Missouri,20,550,28
"October 18, 2021",Women's Street Footwear,Midwest,Foot Locker,In-store,Missouri,25,625,25
"November 18, 2021",Women's Street Footwear,Midwest,Foot Locker,In-store,Missouri,25,738,30
"March 17, 2021",Women's Street Footwear,Midwest,Foot Locker,In-store,Missouri,25,875,35
"June 18, 2021",Women's Street Footwear,Midwest,Foot Locker,In-store,Missouri,25,938,38
"May 19, 2021",Women's Street Footwear,Midwest,Foot Locker,In-store,Missouri,30,900,30
"July 17, 2021",Women's Street Footwear,Midwest,Foot Locker,In-store,Missouri,30,"1,275",43
"August 18, 2021",Women's Street Footwear,Midwest,Foot Locker,In-store,Missouri,35,"1,400",40
"February 6, 2021",Women's Street Footwear,Midwest,Foot Locker,In-store,North Dakota,20,400,20
"January 6, 2021",Women's Street Footwear,Midwest,Foot Locker,In-store,North Dakota,20,500,25
"November 9, 2021",Women's Street Footwear,Midwest,Foot Locker,In-store,North Dakota,40,780,20
"December 8, 2021",Women's Street Footwear,Midwest,Foot Locker,In-store,North Dakota,50,"1,250",25
"March 15, 2021",Men's Apparel,Midwest,Sports Direct,In-store,Michigan,45,"1,688",38
"February 17, 2021",Men's Apparel,Midwest,Sports Direct,In-store,Michigan,45,"2,025",45
"September 15, 2021",Men's Apparel,Midwest,Sports Direct,In-store,Michigan,45,"2,138",48
"August 16, 2021",Men's Apparel,Midwest,Sports Direct,In-store,Michigan,45,"2,250",50
"April 16, 2021",Men's Apparel,Midwest,Sports Direct,In-store,Michigan,50,"2,000",40
"October 17, 2021",Men's Apparel,Midwest,Sports Direct,In-store,Michigan,50,"2,000",40
"May 15, 2021",Men's Apparel,Midwest,Sports Direct,In-store,Michigan,55,"2,613",48
"November 16, 2021",Men's Apparel,Midwest,Sports Direct,In-store,Michigan,60,"2,700",45
"June 17, 2021",Men's Apparel,Midwest,Sports Direct,In-store,Michigan,60,"3,150",53
"July 15, 2021",Men's Apparel,Midwest,Sports Direct,In-store,Michigan,60,"3,300",55
"September 10, 2021",Men's Apparel,Midwest,Sports Direct,In-store,North Dakota,40,600,15
"June 9, 2021",Men's Apparel,Midwest,Sports Direct,In-store,North Dakota,40,700,18
"May 10, 2021",Men's Apparel,Midwest,Sports Direct,In-store,North Dakota,50,625,13
"October 9, 2021",Men's Apparel,Midwest,Sports Direct,In-store,North Dakota,50,625,13
"August 9, 2021",Men's Apparel,Midwest,Sports Direct,In-store,North Dakota,50,875,18
"July 8, 2021",Men's Apparel,Midwest,Sports Direct,In-store,North Dakota,50,"1,000",20
"April 9, 2021",Men's Apparel,Midwest,Sports Direct,In-store,North Dakota,60,600,10
"March 15, 2021",Men's Athletic Footwear,Midwest,Sports Direct,In-store,Michigan,35,"1,575",45
"April 16, 2021",Men's Athletic Footwear,Midwest,Sports Direct,In-store,Michigan,40,"1,700",43
"October 17, 2021",Men's Athletic Footwear,Midwest,Sports Direct,In-store,Michigan,40,"2,300",58
"September 15, 2021",Men's Athletic Footwear,Midwest,Sports Direct,In-store,Michigan,40,"2,400",60
"November 16, 2021",Men's Athletic Footwear,Midwest,Sports Direct,In-store,Michigan,45,"2,250",50
"May 15, 2021",Men's Athletic Footwear,Midwest,Sports Direct,In-store,Michigan,50,"2,500",50
"June 17, 2021",Men's Athletic Footwear,Midwest,Sports Direct,In-store,Michigan,50,"2,875",58
"December 15, 2021",Men's Athletic Footwear,Midwest,Sports Direct,In-store,Michigan,50,"3,250",65
"July 15, 2021",Men's Athletic Footwear,Midwest,Sports Direct,In-store,Michigan,55,"3,575",65
"August 16, 2021",Men's Athletic Footwear,Midwest,Sports Direct,In-store,Michigan,55,"3,575",65
"June 9, 2021",Men's Athletic Footwear,Midwest,Sports Direct,In-store,North Dakota,35,875,25
"September 10, 2021",Men's Athletic Footwear,Midwest,Sports Direct,In-store,North Dakota,35,963,28
"October 9, 2021",Men's Athletic Footwear,Midwest,Sports Direct,In-store,North Dakota,40,"1,000",25
"May 10, 2021",Men's Athletic Footwear,Midwest,Sports Direct,In-store,North Dakota,45,900,20
"July 8, 2021",Men's Athletic Footwear,Midwest,Sports Direct,In-store,North Dakota,45,"1,350",30
"August 9, 2021",Men's Athletic Footwear,Midwest,Sports Direct,In-store,North Dakota,45,"1,350",30
"April 16, 2021",Men's Street Footwear,Midwest,Sports Direct,In-store,Michigan,35,"2,538",73
"March 15, 2021",Men's Street Footwear,Midwest,Sports Direct,In-store,Michigan,35,"2,695",77
"September 15, 2021",Men's Street Footwear,Midwest,Sports Direct,In-store,Michigan,45,"3,600",80
"May 15, 2021",Men's Street Footwear,Midwest,Sports Direct,In-store,Michigan,50,"3,975",80
"November 16, 2021",Men's Street Footwear,Midwest,Sports Direct,In-store,Michigan,50,"3,375",68
"October 17, 2021",Men's Street Footwear,Midwest,Sports Direct,In-store,Michigan,50,"3,750",75
"June 17, 2021",Men's Street Footwear,Midwest,Sports Direct,In-store,Michigan,55,"4,538",83
"December 15, 2021",Men's Street Footwear,Midwest,Sports Direct,In-store,Michigan,60,"5,100",85
"August 16, 2021",Men's Street Footwear,Midwest,Sports Direct,In-store,Michigan,60,"5,250",88
"July 15, 2021",Men's Street Footwear,Midwest,Sports Direct,In-store,Michigan,60,"5,400",90
"September 10, 2021",Men's Street Footwear,Midwest,Sports Direct,In-store,North Dakota,40,"1,900",48
"June 9, 2021",Men's Street Footwear,Midwest,Sports Direct,In-store,North Dakota,40,"2,000",50
"October 9, 2021",Men's Street Footwear,Midwest,Sports Direct,In-store,North Dakota,50,"2,000",40
"August 9, 2021",Men's Street Footwear,Midwest,Sports Direct,In-store,North Dakota,50,"2,625",53
"July 8, 2021",Men's Street Footwear,Midwest,Sports Direct,In-store,North Dakota,50,"2,750",55
"May 10, 2021",Men's Street Footwear,Midwest,Sports Direct,In-store,North Dakota,60,"2,970",50
"March 15, 2021",Women's Apparel,Midwest,Sports Direct,In-store,Michigan,35,"1,663",48
"February 17, 2021",Women's Apparel,Midwest,Sports Direct,In-store,Michigan,35,"1,925",55
"April 16, 2021",Women's Apparel,Midwest,Sports Direct,In-store,Michigan,40,"2,100",53
"September 15, 2021",Women's Apparel,Midwest,Sports Direct,In-store,Michigan,50,"2,875",58
"August 16, 2021",Women's Apparel,Midwest,Sports Direct,In-store,Michigan,50,"3,375",68
"October 17, 2021",Women's Apparel,Midwest,Sports Direct,In-store,Michigan,55,"2,888",53
"May 15, 2021",Women's Apparel,Midwest,Sports Direct,In-store,Michigan,60,"3,450",58
"November 16, 2021",Women's Apparel,Midwest,Sports Direct,In-store,Michigan,65,"4,063",63
"June 17, 2021",Women's Apparel,Midwest,Sports Direct,In-store,Michigan,65,"4,388",68
"July 15, 2021",Women's Apparel,Midwest,Sports Direct,In-store,Michigan,65,"4,713",73
"September 10, 2021",Women's Apparel,Midwest,Sports Direct,In-store,North Dakota,45,"1,013",23
"April 9, 2021",Women's Apparel,Midwest,Sports Direct,In-store,North Dakota,50,"1,125",23
"May 10, 2021",Women's Apparel,Midwest,Sports Direct,In-store,North Dakota,55,"1,375",25
"June 9, 2021",Women's Apparel,Midwest,Sports Direct,In-store,North Dakota,55,"1,788",33
"August 9, 2021",Women's Apparel,Midwest,Sports Direct,In-store,North Dakota,55,"1,925",35
"July 8, 2021",Women's Apparel,Midwest,Sports Direct,In-store,North Dakota,55,"2,063",38
"March 15, 2021",Women's Athletic Footwear,Midwest,Sports Direct,In-store,Michigan,30,975,33
"February 17, 2021",Women's Athletic Footwear,Midwest,Sports Direct,In-store,Michigan,30,"1,125",38
"April 16, 2021",Women's Athletic Footwear,Midwest,Sports Direct,In-store,Michigan,35,"1,313",38
"September 15, 2021",Women's Athletic Footwear,Midwest,Sports Direct,In-store,Michigan,35,"1,663",48
"August 16, 2021",Women's Athletic Footwear,Midwest,Sports Direct,In-store,Michigan,35,"1,838",53
"October 17, 2021",Women's Athletic Footwear,Midwest,Sports Direct,In-store,Michigan,40,"1,600",40
"May 15, 2021",Women's Athletic Footwear,Midwest,Sports Direct,In-store,Michigan,45,"2,025",45
"June 17, 2021",Women's Athletic Footwear,Midwest,Sports Direct,In-store,Michigan,45,"2,363",53
"November 16, 2021",Women's Athletic Footwear,Midwest,Sports Direct,In-store,Michigan,45,"2,138",48
"July 15, 2021",Women's Athletic Footwear,Midwest,Sports Direct,In-store,Michigan,50,"2,625",53
"September 10, 2021",Women's Athletic Footwear,Midwest,Sports Direct,In-store,North Dakota,30,450,15
"June 9, 2021",Women's Athletic Footwear,Midwest,Sports Direct,In-store,North Dakota,30,525,18
"May 10, 2021",Women's Athletic Footwear,Midwest,Sports Direct,In-store,North Dakota,40,400,10
"October 9, 2021",Women's Athletic Footwear,Midwest,Sports Direct,In-store,North Dakota,40,500,13
"July 8, 2021",Women's Athletic Footwear,Midwest,Sports Direct,In-store,North Dakota,40,700,18
"August 9, 2021",Women's Athletic Footwear,Midwest,Sports Direct,In-store,North Dakota,40,800,20
"March 15, 2021",Women's Street Footwear,Midwest,Sports Direct,In-store,Michigan,25,"1,188",48
"April 16, 2021",Women's Street Footwear,Midwest,Sports Direct,In-store,Michigan,30,"1,350",45
"September 15, 2021",Women's Street Footwear,Midwest,Sports Direct,In-store,Michigan,35,"1,750",50
"October 17, 2021",Women's Street Footwear,Midwest,Sports Direct,In-store,Michigan,40,"1,700",43
"May 15, 2021",Women's Street Footwear,Midwest,Sports Direct,In-store,Michigan,45,"2,138",48
"June 17, 2021",Women's Street Footwear,Midwest,Sports Direct,In-store,Michigan,45,"2,475",55
"August 16, 2021",Women's Street Footwear,Midwest,Sports Direct,In-store,Michigan,45,"2,588",58
"November 16, 2021",Women's Street Footwear,Midwest,Sports Direct,In-store,Michigan,45,"2,003",45
"July 15, 2021",Women's Street Footwear,Midwest,Sports Direct,In-store,Michigan,50,"2,875",58
"September 10, 2021",Women's Street Footwear,Midwest,Sports Direct,In-store,North Dakota,30,525,18
"June 9, 2021",Women's Street Footwear,Midwest,Sports Direct,In-store,North Dakota,30,600,20
"October 9, 2021",Women's Street Footwear,Midwest,Sports Direct,In-store,North Dakota,40,600,15
"May 10, 2021",Women's Street Footwear,Midwest,Sports Direct,In-store,North Dakota,40,700,18
"July 8, 2021",Women's Street Footwear,Midwest,Sports Direct,In-store,North Dakota,40,900,23
"August 9, 2021",Women's Street Footwear,Midwest,Sports Direct,In-store,North Dakota,40,900,23
"September 11, 2021",Men's Apparel,Midwest,West Gear,In-store,Indiana,35,525,15
"March 9, 2021",Men's Apparel,Midwest,West Gear,In-store,Indiana,35,613,18
"June 10, 2021",Men's Apparel,Midwest,West Gear,In-store,Indiana,40,700,18
"October 10, 2021",Men's Apparel,Midwest,West Gear,In-store,Indiana,45,675,15
"February 10, 2021",Men's Apparel,Midwest,West Gear,In-store,Indiana,45,900,20
"May 11, 2021",Men's Apparel,Midwest,West Gear,In-store,Indiana,45,900,20
"August 10, 2021",Men's Apparel,Midwest,West Gear,In-store,Indiana,50,875,18
"July 9, 2021",Men's Apparel,Midwest,West Gear,In-store,Indiana,55,"1,100",20
"November 10, 2021",Men's Apparel,Midwest,West Gear,In-store,Indiana,60,"1,500",25
"December 9, 2021",Men's Apparel,Midwest,West Gear,In-store,Indiana,60,"1,800",30
"April 10, 2021",Men's Apparel,Midwest,West Gear,In-store,Indiana,65,975,15
"January 17, 2021",Men's Apparel,Midwest,West Gear,In-store,Indiana,45,900,20
"January 3, 2021",Men's Apparel,Midwest,West Gear,In-store,Iowa,40,600,15
"November 6, 2021",Men's Apparel,Midwest,West Gear,In-store,Iowa,60,"1,050",18
"December 5, 2021",Men's Apparel,Midwest,West Gear,In-store,Iowa,60,"1,350",23
"January 11, 2021",Men's Apparel,Midwest,West Gear,In-store,Missouri,35,"1,313",38
"December 17, 2021",Men's Apparel,Midwest,West Gear,In-store,Missouri,45,"1,575",35
"January 10, 2021",Men's Apparel,Midwest,West Gear,In-store,Wisconsin,45,900,20
"March 2, 2021",Men's Apparel,Midwest,West Gear,In-store,Wisconsin,30,375,13
"September 4, 2021",Men's Apparel,Midwest,West Gear,In-store,Wisconsin,35,438,13
"June 3, 2021",Men's Apparel,Midwest,West Gear,In-store,Wisconsin,35,613,18
"February 3, 2021",Men's Apparel,Midwest,West Gear,In-store,Wisconsin,40,600,15
"October 3, 2021",Men's Apparel,Midwest,West Gear,In-store,Wisconsin,45,563,13
"May 4, 2021",Men's Apparel,Midwest,West Gear,In-store,Wisconsin,45,788,18
"August 3, 2021",Men's Apparel,Midwest,West Gear,In-store,Wisconsin,50,875,18
"July 2, 2021",Men's Apparel,Midwest,West Gear,In-store,Wisconsin,50,"1,000",20
"April 3, 2021",Men's Apparel,Midwest,West Gear,In-store,Wisconsin,60,600,10
"November 3, 2021",Men's Apparel,Midwest,West Gear,In-store,Wisconsin,60,"1,200",20
"December 2, 2021",Men's Apparel,Midwest,West Gear,In-store,Wisconsin,60,"1,500",25
"April 10, 2021",Men's Athletic Footwear,Midwest,West Gear,In-store,Indiana,25,500,20
"March 9, 2021",Men's Athletic Footwear,Midwest,West Gear,In-store,Indiana,25,563,23
"September 11, 2021",Men's Athletic Footwear,Midwest,West Gear,In-store,Indiana,30,825,28
"October 10, 2021",Men's Athletic Footwear,Midwest,West Gear,In-store,Indiana,35,875,25
"January 17, 2021",Men's Athletic Footwear,Midwest,West Gear,In-store,Indiana,35,"1,050",30
"November 10, 2021",Men's Athletic Footwear,Midwest,West Gear,In-store,Indiana,35,"1,138",33
"June 10, 2021",Men's Athletic Footwear,Midwest,West Gear,In-store,Indiana,35,"1,138",33
"February 17, 2021",Men's Athletic Footwear,Midwest,West Gear,In-store,Indiana,40,800,20
"May 11, 2021",Men's Athletic Footwear,Midwest,West Gear,In-store,Indiana,40,"1,000",25
"August 10, 2021",Men's Athletic Footwear,Midwest,West Gear,In-store,Indiana,45,"1,350",30
"December 9, 2021",Men's Athletic Footwear,Midwest,West Gear,In-store,Indiana,50,"2,000",40
"July 9, 2021",Men's Athletic Footwear,Midwest,West Gear,In-store,Indiana,50,"1,500",30
"February 3, 2021",Men's Athletic Footwear,Midwest,West Gear,In-store,Iowa,30,450,15
"January 3, 2021",Men's Athletic Footwear,Midwest,West Gear,In-store,Iowa,30,750,25
"November 6, 2021",Men's Athletic Footwear,Midwest,West Gear,In-store,Iowa,35,963,28
"December 5, 2021",Men's Athletic Footwear,Midwest,West Gear,In-store,Iowa,50,"1,625",33
"February 11, 2021",Men's Athletic Footwear,Midwest,West Gear,In-store,Missouri,25,938,38
"January 11, 2021",Men's Athletic Footwear,Midwest,West Gear,In-store,Missouri,25,"1,188",48
"April 3, 2021",Men's Athletic Footwear,Midwest,West Gear,In-store,Wisconsin,20,300,15
"March 2, 2021",Men's Athletic Footwear,Midwest,West Gear,In-store,Wisconsin,20,350,18
"September 4, 2021",Men's Athletic Footwear,Midwest,West Gear,In-store,Wisconsin,30,750,25
"June 3, 2021",Men's Athletic Footwear,Midwest,West Gear,In-store,Wisconsin,30,900,30
"October 3, 2021",Men's Athletic Footwear,Midwest,West Gear,In-store,Wisconsin,35,788,23
"November 3, 2021",Men's Athletic Footwear,Midwest,West Gear,In-store,Wisconsin,35,"1,050",30
"May 4, 2021",Men's Athletic Footwear,Midwest,West Gear,In-store,Wisconsin,40,800,20
"July 2, 2021",Men's Athletic Footwear,Midwest,West Gear,In-store,Wisconsin,45,"1,350",30
"August 3, 2021",Men's Athletic Footwear,Midwest,West Gear,In-store,Wisconsin,45,"1,350",30
"December 2, 2021",Men's Athletic Footwear,Midwest,West Gear,In-store,Wisconsin,50,"1,750",35
"February 10, 2021",Men's Athletic Footwear,Midwest,West Gear,In-store,Wisconsin,35,700,20
"January 10, 2021",Men's Athletic Footwear,Midwest,West Gear,In-store,Wisconsin,35,"1,050",30
"April 10, 2021",Men's Street Footwear,Midwest,West Gear,In-store,Indiana,25,"1,250",50
"March 9, 2021",Men's Street Footwear,Midwest,West Gear,In-store,Indiana,25,"1,300",52
"September 11, 2021",Men's Street Footwear,Midwest,West Gear,In-store,Indiana,35,"1,663",48
"January 17, 2021",Men's Street Footwear,Midwest,West Gear,In-store,Indiana,35,"1,750",50
"February 17, 2021",Men's Street Footwear,Midwest,West Gear,In-store,Indiana,35,"1,925",55
"June 10, 2021",Men's Street Footwear,Midwest,West Gear,In-store,Indiana,40,"2,300",58
"October 10, 2021",Men's Street Footwear,Midwest,West Gear,In-store,Indiana,45,"1,800",40
"November 10, 2021",Men's Street Footwear,Midwest,West Gear,In-store,Indiana,45,"1,913",43
"August 10, 2021",Men's Street Footwear,Midwest,West Gear,In-store,Indiana,50,"2,625",53
"July 9, 2021",Men's Street Footwear,Midwest,West Gear,In-store,Indiana,55,"3,025",55
"May 11, 2021",Men's Street Footwear,Midwest,West Gear,In-store,Indiana,60,"3,270",55
"December 9, 2021",Men's Street Footwear,Midwest,West Gear,In-store,Indiana,60,"3,600",60
"January 3, 2021",Men's Street Footwear,Midwest,West Gear,In-store,Iowa,30,"1,350",45
"February 3, 2021",Men's Street Footwear,Midwest,West Gear,In-store,Iowa,30,"1,500",50
"November 6, 2021",Men's Street Footwear,Midwest,West Gear,In-store,Iowa,45,"1,800",40
"December 5, 2021",Men's Street Footwear,Midwest,West Gear,In-store,Iowa,60,"3,150",53
"January 11, 2021",Men's Street Footwear,Midwest,West Gear,In-store,Missouri,25,"1,688",68
"February 11, 2021",Men's Street Footwear,Midwest,West Gear,In-store,Missouri,25,"1,813",73
"April 3, 2021",Men's Street Footwear,Midwest,West Gear,In-store,Wisconsin,20,900,45
"March 2, 2021",Men's Street Footwear,Midwest,West Gear,In-store,Wisconsin,20,940,47
"September 4, 2021",Men's Street Footwear,Midwest,West Gear,In-store,Wisconsin,35,"1,663",48
"June 3, 2021",Men's Street Footwear,Midwest,West Gear,In-store,Wisconsin,35,"1,925",55
"October 3, 2021",Men's Street Footwear,Midwest,West Gear,In-store,Wisconsin,45,"1,688",38
"November 3, 2021",Men's Street Footwear,Midwest,West Gear,In-store,Wisconsin,45,"1,800",40
"August 3, 2021",Men's Street Footwear,Midwest,West Gear,In-store,Wisconsin,50,"2,625",53
"July 2, 2021",Men's Street Footwear,Midwest,West Gear,In-store,Wisconsin,50,"2,750",55
"May 4, 2021",Men's Street Footwear,Midwest,West Gear,In-store,Wisconsin,60,"2,970",50
"December 2, 2021",Men's Street Footwear,Midwest,West Gear,In-store,Wisconsin,60,"3,300",55
"January 10, 2021",Men's Street Footwear,Midwest,West Gear,In-store,Wisconsin,35,"1,750",50
"February 10, 2021",Men's Street Footwear,Midwest,West Gear,In-store,Wisconsin,35,"1,925",55
"February 10, 2021",Women's Apparel,Midwest,West Gear,In-store,Indiana,20,600,30
"March 9, 2021",Women's Apparel,Midwest,West Gear,In-store,Indiana,25,688,28
"January 17, 2021",Women's Apparel,Midwest,West Gear,In-store,Indiana,35,"1,050",30
"September 11, 2021",Women's Apparel,Midwest,West Gear,In-store,Indiana,40,900,23
"October 10, 2021",Women's Apparel,Midwest,West Gear,In-store,Indiana,50,"1,375",28
"April 10, 2021",Women's Apparel,Midwest,West Gear,In-store,Indiana,50,"1,375",28
"May 11, 2021",Women's Apparel,Midwest,West Gear,In-store,Indiana,55,"1,788",33
"August 10, 2021",Women's Apparel,Midwest,West Gear,In-store,Indiana,55,"1,925",35
"June 10, 2021",Women's Apparel,Midwest,West Gear,In-store,Indiana,60,"1,950",33
"July 9, 2021",Women's Apparel,Midwest,West Gear,In-store,Indiana,60,"2,250",38
"November 10, 2021",Women's Apparel,Midwest,West Gear,In-store,Indiana,65,"2,275",35
"December 9, 2021",Women's Apparel,Midwest,West Gear,In-store,Indiana,65,"2,600",40
"January 3, 2021",Women's Apparel,Midwest,West Gear,In-store,Iowa,30,750,25
"October 6, 2021",Women's Apparel,Midwest,West Gear,In-store,Iowa,50,"1,250",25
"November 6, 2021",Women's Apparel,Midwest,West Gear,In-store,Iowa,65,"1,788",28
"December 5, 2021",Women's Apparel,Midwest,West Gear,In-store,Iowa,65,"2,113",33
"January 11, 2021",Women's Apparel,Midwest,West Gear,In-store,Missouri,25,"1,188",48
"December 17, 2021",Women's Apparel,Midwest,West Gear,In-store,Missouri,50,"2,250",45
"February 3, 2021",Women's Apparel,Midwest,West Gear,In-store,Wisconsin,15,375,25
"March 2, 2021",Women's Apparel,Midwest,West Gear,In-store,Wisconsin,20,450,23
"January 10, 2021",Women's Apparel,Midwest,West Gear,In-store,Wisconsin,35,"1,050",30
"September 4, 2021",Women's Apparel,Midwest,West Gear,In-store,Wisconsin,40,800,20
"October 3, 2021",Women's Apparel,Midwest,West Gear,In-store,Wisconsin,50,"1,250",25
"May 4, 2021",Women's Apparel,Midwest,West Gear,In-store,Wisconsin,50,"1,500",30
"April 3, 2021",Women's Apparel,Midwest,West Gear,In-store,Wisconsin,50,"1,125",23
"June 3, 2021",Women's Apparel,Midwest,West Gear,In-store,Wisconsin,55,"1,788",33
"August 3, 2021",Women's Apparel,Midwest,West Gear,In-store,Wisconsin,55,"1,925",35
"July 2, 2021",Women's Apparel,Midwest,West Gear,In-store,Wisconsin,55,"2,063",38
"November 3, 2021",Women's Apparel,Midwest,West Gear,In-store,Wisconsin,65,"1,950",30
"December 2, 2021",Women's Apparel,Midwest,West Gear,In-store,Wisconsin,65,"2,275",35
"March 9, 2021",Women's Athletic Footwear,Midwest,West Gear,In-store,Indiana,20,250,13
"April 10, 2021",Women's Athletic Footwear,Midwest,West Gear,In-store,Indiana,20,250,13
"September 11, 2021",Women's Athletic Footwear,Midwest,West Gear,In-store,Indiana,25,375,15
"February 10, 2021",Women's Athletic Footwear,Midwest,West Gear,In-store,Indiana,30,375,13
"June 10, 2021",Women's Athletic Footwear,Midwest,West Gear,In-store,Indiana,30,525,18
"October 10, 2021",Women's Athletic Footwear,Midwest,West Gear,In-store,Indiana,35,525,15
"May 11, 2021",Women's Athletic Footwear,Midwest,West Gear,In-store,Indiana,35,613,18
"November 10, 2021",Women's Athletic Footwear,Midwest,West Gear,In-store,Indiana,35,963,28
"August 10, 2021",Women's Athletic Footwear,Midwest,West Gear,In-store,Indiana,40,800,20
"July 9, 2021",Women's Athletic Footwear,Midwest,West Gear,In-store,Indiana,45,788,18
"December 9, 2021",Women's Athletic Footwear,Midwest,West Gear,In-store,Indiana,50,"1,500",30
"January 17, 2021",Women's Athletic Footwear,Midwest,West Gear,In-store,Indiana,30,450,15
"January 3, 2021",Women's Athletic Footwear,Midwest,West Gear,In-store,Iowa,25,250,10
"November 6, 2021",Women's Athletic Footwear,Midwest,West Gear,In-store,Iowa,35,700,20
"December 5, 2021",Women's Athletic Footwear,Midwest,West Gear,In-store,Iowa,50,"1,125",23
"January 11, 2021",Women's Athletic Footwear,Midwest,West Gear,In-store,Missouri,20,650,33
"December 17, 2021",Women's Athletic Footwear,Midwest,West Gear,In-store,Missouri,35,"1,225",35
"March 2, 2021",Women's Athletic Footwear,Midwest,West Gear,In-store,Wisconsin,15,113,8
"April 3, 2021",Women's Athletic Footwear,Midwest,West Gear,In-store,Wisconsin,15,113,8
"February 3, 2021",Women's Athletic Footwear,Midwest,West Gear,In-store,Wisconsin,25,188,8
"September 4, 2021",Women's Athletic Footwear,Midwest,West Gear,In-store,Wisconsin,25,313,13
"June 3, 2021",Women's Athletic Footwear,Midwest,West Gear,In-store,Wisconsin,25,438,18
"October 3, 2021",Women's Athletic Footwear,Midwest,West Gear,In-store,Wisconsin,35,438,13
"May 4, 2021",Women's Athletic Footwear,Midwest,West Gear,In-store,Wisconsin,35,525,15
"November 3, 2021",Women's Athletic Footwear,Midwest,West Gear,In-store,Wisconsin,35,788,23
"July 2, 2021",Women's Athletic Footwear,Midwest,West Gear,In-store,Wisconsin,40,700,18
"August 3, 2021",Women's Athletic Footwear,Midwest,West Gear,In-store,Wisconsin,40,800,20
"December 2, 2021",Women's Athletic Footwear,Midwest,West Gear,In-store,Wisconsin,50,"1,250",25
"January 10, 2021",Women's Athletic Footwear,Midwest,West Gear,In-store,Wisconsin,30,450,15
"April 10, 2021",Women's Street Footwear,Midwest,West Gear,In-store,Indiana,15,300,20
"March 9, 2021",Women's Street Footwear,Midwest,West Gear,In-store,Indiana,15,413,28
"September 11, 2021",Women's Street Footwear,Midwest,West Gear,In-store,Indiana,25,438,18
"June 10, 2021",Women's Street Footwear,Midwest,West Gear,In-store,Indiana,30,600,20
"October 10, 2021",Women's Street Footwear,Midwest,West Gear,In-store,Indiana,35,525,15
"May 11, 2021",Women's Street Footwear,Midwest,West Gear,In-store,Indiana,35,788,23
"November 10, 2021",Women's Street Footwear,Midwest,West Gear,In-store,Indiana,35,945,27
"August 10, 2021",Women's Street Footwear,Midwest,West Gear,In-store,Indiana,40,900,23
"July 9, 2021",Women's Street Footwear,Midwest,West Gear,In-store,Indiana,45,"1,013",23
"December 9, 2021",Women's Street Footwear,Midwest,West Gear,In-store,Indiana,50,"1,750",35
"January 17, 2021",Women's Street Footwear,Midwest,West Gear,In-store,Indiana,25,750,30
"February 17, 2021",Women's Street Footwear,Midwest,West Gear,In-store,Indiana,30,900,30
"February 3, 2021",Women's Street Footwear,Midwest,West Gear,In-store,Iowa,20,400,20
"January 3, 2021",Women's Street Footwear,Midwest,West Gear,In-store,Iowa,20,500,25
"November 6, 2021",Women's Street Footwear,Midwest,West Gear,In-store,Iowa,35,770,22
"December 5, 2021",Women's Street Footwear,Midwest,West Gear,In-store,Iowa,50,"1,375",28
"February 11, 2021",Women's Street Footwear,Midwest,West Gear,In-store,Missouri,15,638,43
"January 11, 2021",Women's Street Footwear,Midwest,West Gear,In-store,Missouri,15,713,48
"December 17, 2021",Women's Street Footwear,Midwest,West Gear,In-store,Missouri,35,"1,400",40
"April 3, 2021",Women's Street Footwear,Midwest,West Gear,In-store,Wisconsin,10,150,15
"March 2, 2021",Women's Street Footwear,Midwest,West Gear,In-store,Wisconsin,10,225,23
"September 4, 2021",Women's Street Footwear,Midwest,West Gear,In-store,Wisconsin,25,375,15
"June 3, 2021",Women's Street Footwear,Midwest,West Gear,In-store,Wisconsin,25,500,20
"October 3, 2021",Women's Street Footwear,Midwest,West Gear,In-store,Wisconsin,35,438,13
"May 4, 2021",Women's Street Footwear,Midwest,West Gear,In-store,Wisconsin,35,613,18
"November 3, 2021",Women's Street Footwear,Midwest,West Gear,In-store,Wisconsin,35,858,25
"July 2, 2021",Women's Street Footwear,Midwest,West Gear,In-store,Wisconsin,40,900,23
"August 3, 2021",Women's Street Footwear,Midwest,West Gear,In-store,Wisconsin,40,900,23
"December 2, 2021",Women's Street Footwear,Midwest,West Gear,In-store,Wisconsin,50,"1,500",30
"February 10, 2021",Women's Street Footwear,Midwest,West Gear,In-store,Wisconsin,25,625,25
"January 10, 2021",Women's Street Footwear,Midwest,West Gear,In-store,Wisconsin,25,750,30
"November 14, 2021",Men's Apparel,Northeast,Amazon,In-store,Massachusetts,65,"1,625",25
"December 13, 2021",Men's Apparel,Northeast,Amazon,In-store,Massachusetts,65,"1,950",30
"January 14, 2021",Men's Apparel,Northeast,Amazon,In-store,Massachusetts,55,"1,238",23
"April 18, 2021",Men's Apparel,Northeast,Amazon,In-store,New Hampshire,60,"1,050",18
"March 17, 2021",Men's Apparel,Northeast,Amazon,In-store,New Hampshire,60,"1,200",20
"February 19, 2021",Men's Apparel,Northeast,Amazon,In-store,New Hampshire,60,"1,650",28
"May 17, 2021",Men's Apparel,Northeast,Amazon,In-store,New Hampshire,65,"1,950",30
"June 19, 2021",Men's Apparel,Northeast,Amazon,In-store,New Hampshire,65,"2,113",33
"January 21, 2021",Men's Apparel,Northeast,Amazon,In-store,Vermont,60,"1,350",23
"April 11, 2021",Men's Apparel,Northeast,Amazon,In-store,Vermont,55,825,15
"March 10, 2021",Men's Apparel,Northeast,Amazon,In-store,Vermont,55,963,18
"February 12, 2021",Men's Apparel,Northeast,Amazon,In-store,Vermont,55,"1,238",23
"September 10, 2021",Men's Apparel,Northeast,Amazon,In-store,Vermont,60,"1,200",20
"August 11, 2021",Men's Apparel,Northeast,Amazon,In-store,Vermont,60,"1,350",23
"May 10, 2021",Men's Apparel,Northeast,Amazon,In-store,Vermont,60,"1,650",28
"June 12, 2021",Men's Apparel,Northeast,Amazon,In-store,Vermont,60,"1,800",30
"July 10, 2021",Men's Apparel,Northeast,Amazon,In-store,Vermont,60,"1,950",33
"October 12, 2021",Men's Apparel,Northeast,Amazon,In-store,Vermont,70,"1,225",18
"November 11, 2021",Men's Apparel,Northeast,Amazon,In-store,Vermont,70,"1,925",28
"December 10, 2021",Men's Apparel,Northeast,Amazon,In-store,Vermont,70,"2,275",33
"November 14, 2021",Men's Athletic Footwear,Northeast,Amazon,In-store,Massachusetts,55,"1,650",30
"December 13, 2021",Men's Athletic Footwear,Northeast,Amazon,In-store,Massachusetts,55,"2,063",38
"February 12, 2021",Men's Athletic Footwear,Northeast,Amazon,In-store,Massachusetts,45,"1,013",23
"January 14, 2021",Men's Athletic Footwear,Northeast,Amazon,In-store,Massachusetts,45,"1,463",33
"April 18, 2021",Men's Athletic Footwear,Northeast,Amazon,In-store,New Hampshire,50,"1,250",25
"March 17, 2021",Men's Athletic Footwear,Northeast,Amazon,In-store,New Hampshire,50,"1,375",28
"May 17, 2021",Men's Athletic Footwear,Northeast,Amazon,In-store,New Hampshire,60,"1,800",30
"June 19, 2021",Men's Athletic Footwear,Northeast,Amazon,In-store,New Hampshire,60,"2,550",43
"February 19, 2021",Men's Athletic Footwear,Northeast,Amazon,In-store,Vermont,50,"1,250",25
"January 21, 2021",Men's Athletic Footwear,Northeast,Amazon,In-store,Vermont,50,"1,625",33
"April 11, 2021",Men's Athletic Footwear,Northeast,Amazon,In-store,Vermont,45,"1,013",23
"March 10, 2021",Men's Athletic Footwear,Northeast,Amazon,In-store,Vermont,45,"1,125",25
"May 10, 2021",Men's Athletic Footwear,Northeast,Amazon,In-store,Vermont,55,"1,513",28
"September 10, 2021",Men's Athletic Footwear,Northeast,Amazon,In-store,Vermont,55,"1,788",33
"June 12, 2021",Men's Athletic Footwear,Northeast,Amazon,In-store,Vermont,55,"2,200",40
"July 10, 2021",Men's Athletic Footwear,Northeast,Amazon,In-store,Vermont,55,"2,338",43
"August 11, 2021",Men's Athletic Footwear,Northeast,Amazon,In-store,Vermont,55,"2,338",43
"October 12, 2021",Men's Athletic Footwear,Northeast,Amazon,In-store,Vermont,60,"1,800",30
"December 10, 2021",Men's Athletic Footwear,Northeast,Amazon,In-store,Vermont,60,"2,400",40
"November 14, 2021",Men's Street Footwear,Northeast,Amazon,In-store,Massachusetts,65,"2,438",38
"December 13, 2021",Men's Street Footwear,Northeast,Amazon,In-store,Massachusetts,65,"3,738",58
"January 14, 2021",Men's Street Footwear,Northeast,Amazon,In-store,Massachusetts,45,"2,363",53
"February 12, 2021",Men's Street Footwear,Northeast,Amazon,In-store,Massachusetts,45,"2,588",58
"April 18, 2021",Men's Street Footwear,Northeast,Amazon,In-store,New Hampshire,50,"2,750",55
"March 17, 2021",Men's Street Footwear,Northeast,Amazon,In-store,New Hampshire,50,"2,850",57
"May 17, 2021",Men's Street Footwear,Northeast,Amazon,In-store,New Hampshire,65,"3,868",60
"June 19, 2021",Men's Street Footwear,Northeast,Amazon,In-store,New Hampshire,65,"4,388",68
"July 17, 2021",Men's Street Footwear,Northeast,Amazon,In-store,New Hampshire,65,"4,550",70
"January 21, 2021",Men's Street Footwear,Northeast,Amazon,In-store,Vermont,50,"2,625",53
"February 19, 2021",Men's Street Footwear,Northeast,Amazon,In-store,Vermont,50,"3,000",60
"April 11, 2021",Men's Street Footwear,Northeast,Amazon,In-store,Vermont,45,"2,363",53
"March 10, 2021",Men's Street Footwear,Northeast,Amazon,In-store,Vermont,45,"2,453",55
"September 10, 2021",Men's Street Footwear,Northeast,Amazon,In-store,Vermont,60,"3,150",53
"May 10, 2021",Men's Street Footwear,Northeast,Amazon,In-store,Vermont,60,"3,420",57
"June 12, 2021",Men's Street Footwear,Northeast,Amazon,In-store,Vermont,60,"3,900",65
"August 11, 2021",Men's Street Footwear,Northeast,Amazon,In-store,Vermont,60,"3,900",65
"July 10, 2021",Men's Street Footwear,Northeast,Amazon,In-store,Vermont,60,"4,050",68
"October 12, 2021",Men's Street Footwear,Northeast,Amazon,In-store,Vermont,65,"3,088",48
"December 10, 2021",Men's Street Footwear,Northeast,Amazon,In-store,Vermont,70,"4,200",60
"October 15, 2021",Women's Apparel,Northeast,Amazon,In-store,Massachusetts,70,"1,575",23
"November 14, 2021",Women's Apparel,Northeast,Amazon,In-store,Massachusetts,70,"2,450",35
"December 13, 2021",Women's Apparel,Northeast,Amazon,In-store,Massachusetts,70,"2,800",40
"January 14, 2021",Women's Apparel,Northeast,Amazon,In-store,Massachusetts,45,"1,463",33
"March 17, 2021",Women's Apparel,Northeast,Amazon,In-store,New Hampshire,50,"1,500",30
"April 18, 2021",Women's Apparel,Northeast,Amazon,In-store,New Hampshire,50,"1,625",33
"February 19, 2021",Women's Apparel,Northeast,Amazon,In-store,New Hampshire,50,"1,875",38
"May 17, 2021",Women's Apparel,Northeast,Amazon,In-store,New Hampshire,70,"2,975",43
"June 19, 2021",Women's Apparel,Northeast,Amazon,In-store,New Hampshire,70,"3,325",48
"January 21, 2021",Women's Apparel,Northeast,Amazon,In-store,Vermont,50,"1,625",33
"March 10, 2021",Women's Apparel,Northeast,Amazon,In-store,Vermont,45,"1,238",28
"April 11, 2021",Women's Apparel,Northeast,Amazon,In-store,Vermont,45,"1,350",30
"February 12, 2021",Women's Apparel,Northeast,Amazon,In-store,Vermont,45,"1,463",33
"September 10, 2021",Women's Apparel,Northeast,Amazon,In-store,Vermont,65,"1,950",30
"May 10, 2021",Women's Apparel,Northeast,Amazon,In-store,Vermont,65,"2,600",40
"August 11, 2021",Women's Apparel,Northeast,Amazon,In-store,Vermont,65,"2,600",40
"June 12, 2021",Women's Apparel,Northeast,Amazon,In-store,Vermont,65,"2,925",45
"July 10, 2021",Women's Apparel,Northeast,Amazon,In-store,Vermont,65,"3,250",50
"November 11, 2021",Women's Apparel,Northeast,Amazon,In-store,Vermont,75,"2,813",38
"December 10, 2021",Women's Apparel,Northeast,Amazon,In-store,Vermont,75,"3,188",43
"November 14, 2021",Women's Athletic Footwear,Northeast,Amazon,In-store,Massachusetts,55,"1,513",28
"December 13, 2021",Women's Athletic Footwear,Northeast,Amazon,In-store,Massachusetts,55,"1,650",30
"January 14, 2021",Women's Athletic Footwear,Northeast,Amazon,In-store,Massachusetts,40,700,18
"March 17, 2021",Women's Athletic Footwear,Northeast,Amazon,In-store,New Hampshire,45,675,15
"April 18, 2021",Women's Athletic Footwear,Northeast,Amazon,In-store,New Hampshire,45,788,18
"February 19, 2021",Women's Athletic Footwear,Northeast,Amazon,In-store,New Hampshire,45,900,20
"May 17, 2021",Women's Athletic Footwear,Northeast,Amazon,In-store,New Hampshire,55,"1,513",28
"June 19, 2021",Women's Athletic Footwear,Northeast,Amazon,In-store,New Hampshire,55,"1,788",33
"January 21, 2021",Women's Athletic Footwear,Northeast,Amazon,In-store,Vermont,45,788,18
"March 10, 2021",Women's Athletic Footwear,Northeast,Amazon,In-store,Vermont,40,500,13
"February 12, 2021",Women's Athletic Footwear,Northeast,Amazon,In-store,Vermont,40,600,15
"April 11, 2021",Women's Athletic Footwear,Northeast,Amazon,In-store,Vermont,40,600,15
"September 10, 2021",Women's Athletic Footwear,Northeast,Amazon,In-store,Vermont,50,"1,000",20
"May 10, 2021",Women's Athletic Footwear,Northeast,Amazon,In-store,Vermont,50,"1,250",25
"August 11, 2021",Women's Athletic Footwear,Northeast,Amazon,In-store,Vermont,50,"1,250",25
"June 12, 2021",Women's Athletic Footwear,Northeast,Amazon,In-store,Vermont,50,"1,500",30
"July 10, 2021",Women's Athletic Footwear,Northeast,Amazon,In-store,Vermont,50,"1,500",30
"October 12, 2021",Women's Athletic Footwear,Northeast,Amazon,In-store,Vermont,60,"1,050",18
"November 11, 2021",Women's Athletic Footwear,Northeast,Amazon,In-store,Vermont,60,"1,800",30
"December 10, 2021",Women's Athletic Footwear,Northeast,Amazon,In-store,Vermont,60,"1,950",33
"November 14, 2021",Women's Street Footwear,Northeast,Amazon,In-store,Massachusetts,55,"1,623",30
"December 13, 2021",Women's Street Footwear,Northeast,Amazon,In-store,Massachusetts,55,"1,925",35
"February 12, 2021",Women's Street Footwear,Northeast,Amazon,In-store,Massachusetts,35,963,28
"January 14, 2021",Women's Street Footwear,Northeast,Amazon,In-store,Massachusetts,35,"1,138",33
"April 18, 2021",Women's Street Footwear,Northeast,Amazon,In-store,New Hampshire,40,"1,000",25
"March 17, 2021",Women's Street Footwear,Northeast,Amazon,In-store,New Hampshire,40,"1,200",30
"May 17, 2021",Women's Street Footwear,Northeast,Amazon,In-store,New Hampshire,55,"1,788",33
"June 19, 2021",Women's Street Footwear,Northeast,Amazon,In-store,New Hampshire,55,"1,925",35
"February 19, 2021",Women's Street Footwear,Northeast,Amazon,In-store,Vermont,40,"1,200",30
"January 21, 2021",Women's Street Footwear,Northeast,Amazon,In-store,Vermont,40,"1,300",33
"April 11, 2021",Women's Street Footwear,Northeast,Amazon,In-store,Vermont,35,788,23
"March 10, 2021",Women's Street Footwear,Northeast,Amazon,In-store,Vermont,35,963,28
"September 10, 2021",Women's Street Footwear,Northeast,Amazon,In-store,Vermont,50,"1,125",23
"May 10, 2021",Women's Street Footwear,Northeast,Amazon,In-store,Vermont,50,"1,500",30
"June 12, 2021",Women's Street Footwear,Northeast,Amazon,In-store,Vermont,50,"1,625",33
"July 10, 2021",Women's Street Footwear,Northeast,Amazon,In-store,Vermont,50,"1,750",35
"August 11, 2021",Women's Street Footwear,Northeast,Amazon,In-store,Vermont,50,"1,750",35
"October 12, 2021",Women's Street Footwear,Northeast,Amazon,In-store,Vermont,60,"1,200",20
"December 10, 2021",Women's Street Footwear,Northeast,Amazon,In-store,Vermont,60,"2,250",38
"January 10, 2021",Men's Apparel,Northeast,Foot Locker,In-store,Connecticut,45,563,13
"November 4, 2021",Men's Apparel,Northeast,Foot Locker,In-store,Connecticut,65,"1,625",25
"December 3, 2021",Men's Apparel,Northeast,Foot Locker,In-store,Connecticut,65,"1,950",30
"April 14, 2021",Men's Apparel,Northeast,Foot Locker,In-store,Delaware,50,750,15
"March 13, 2021",Men's Apparel,Northeast,Foot Locker,In-store,Delaware,50,875,18
"February 15, 2021",Men's Apparel,Northeast,Foot Locker,In-store,Delaware,50,"1,125",23
"September 13, 2021",Men's Apparel,Northeast,Foot Locker,In-store,Delaware,55,"1,100",20
"August 14, 2021",Men's Apparel,Northeast,Foot Locker,In-store,Delaware,55,"1,238",23
"May 13, 2021",Men's Apparel,Northeast,Foot Locker,In-store,Delaware,55,"1,513",28
"June 15, 2021",Men's Apparel,Northeast,Foot Locker,In-store,Delaware,55,"1,650",30
"July 13, 2021",Men's Apparel,Northeast,Foot Locker,In-store,Delaware,55,"1,788",33
"October 15, 2021",Men's Apparel,Northeast,Foot Locker,In-store,Delaware,65,"1,138",18
"June 22, 2021",Men's Apparel,Northeast,Foot Locker,In-store,Maryland,50,750,15
"January 17, 2021",Men's Apparel,Northeast,Foot Locker,In-store,Maryland,50,"1,125",23
"October 22, 2021",Men's Apparel,Northeast,Foot Locker,In-store,Maryland,60,450,8
"November 21, 2021",Men's Apparel,Northeast,Foot Locker,In-store,Maryland,60,750,13
"December 20, 2021",Men's Apparel,Northeast,Foot Locker,In-store,Maryland,60,"1,050",18
"April 7, 2021",Men's Apparel,Northeast,Foot Locker,In-store,Rhode Island,45,225,5
"March 6, 2021",Men's Apparel,Northeast,Foot Locker,In-store,Rhode Island,45,338,8
"February 8, 2021",Men's Apparel,Northeast,Foot Locker,In-store,Rhode Island,45,563,13
"September 6, 2021",Men's Apparel,Northeast,Foot Locker,In-store,Rhode Island,50,500,10
"August 7, 2021",Men's Apparel,Northeast,Foot Locker,In-store,Rhode Island,50,625,13
"May 6, 2021",Men's Apparel,Northeast,Foot Locker,In-store,Rhode Island,50,875,18
"June 8, 2021",Men's Apparel,Northeast,Foot Locker,In-store,Rhode Island,50,"1,000",20
"July 6, 2021",Men's Apparel,Northeast,Foot Locker,In-store,Rhode Island,50,"1,125",23
"October 8, 2021",Men's Apparel,Northeast,Foot Locker,In-store,Rhode Island,60,450,8
"January 24, 2021",Men's Apparel,Northeast,Foot Locker,In-store,West Virginia,45,563,13
"November 17, 2021",Men's Apparel,Northeast,Foot Locker,In-store,West Virginia,65,"1,950",30
"December 16, 2021",Men's Apparel,Northeast,Foot Locker,In-store,West Virginia,65,"2,275",35
"February 8, 2021",Men's Athletic Footwear,Northeast,Foot Locker,In-store,Connecticut,35,438,13
"January 10, 2021",Men's Athletic Footwear,Northeast,Foot Locker,In-store,Connecticut,35,788,23
"November 4, 2021",Men's Athletic Footwear,Northeast,Foot Locker,In-store,Connecticut,55,"1,650",30
"December 3, 2021",Men's Athletic Footwear,Northeast,Foot Locker,In-store,Connecticut,55,"2,063",38
"April 14, 2021",Men's Athletic Footwear,Northeast,Foot Locker,In-store,Delaware,40,900,23
"March 13, 2021",Men's Athletic Footwear,Northeast,Foot Locker,In-store,Delaware,40,"1,000",25
"May 13, 2021",Men's Athletic Footwear,Northeast,Foot Locker,In-store,Delaware,50,"1,375",28
"September 13, 2021",Men's Athletic Footwear,Northeast,Foot Locker,In-store,Delaware,50,"1,625",33
"June 15, 2021",Men's Athletic Footwear,Northeast,Foot Locker,In-store,Delaware,50,"2,000",40
"July 13, 2021",Men's Athletic Footwear,Northeast,Foot Locker,In-store,Delaware,50,"2,125",43
"August 14, 2021",Men's Athletic Footwear,Northeast,Foot Locker,In-store,Delaware,50,"2,125",43
"October 15, 2021",Men's Athletic Footwear,Northeast,Foot Locker,In-store,Delaware,55,"1,650",30
"February 15, 2021",Men's Athletic Footwear,Northeast,Foot Locker,In-store,Maryland,40,900,23
"January 17, 2021",Men's Athletic Footwear,Northeast,Foot Locker,In-store,Maryland,40,"1,300",33
"November 21, 2021",Men's Athletic Footwear,Northeast,Foot Locker,In-store,Maryland,50,875,18
"December 20, 2021",Men's Athletic Footwear,Northeast,Foot Locker,In-store,Maryland,50,"1,250",25
"April 7, 2021",Men's Athletic Footwear,Northeast,Foot Locker,In-store,Rhode Island,35,438,13
"March 6, 2021",Men's Athletic Footwear,Northeast,Foot Locker,In-store,Rhode Island,35,525,15
"May 6, 2021",Men's Athletic Footwear,Northeast,Foot Locker,In-store,Rhode Island,45,788,18
"September 6, 2021",Men's Athletic Footwear,Northeast,Foot Locker,In-store,Rhode Island,45,"1,013",23
"June 8, 2021",Men's Athletic Footwear,Northeast,Foot Locker,In-store,Rhode Island,45,"1,350",30
"July 6, 2021",Men's Athletic Footwear,Northeast,Foot Locker,In-store,Rhode Island,45,"1,463",33
"August 7, 2021",Men's Athletic Footwear,Northeast,Foot Locker,In-store,Rhode Island,45,"1,463",33
"October 8, 2021",Men's Athletic Footwear,Northeast,Foot Locker,In-store,Rhode Island,50,"1,000",20
"January 24, 2021",Men's Athletic Footwear,Northeast,Foot Locker,In-store,West Virginia,35,788,23
"November 17, 2021",Men's Athletic Footwear,Northeast,Foot Locker,In-store,West Virginia,35,"1,225",35
"December 16, 2021",Men's Athletic Footwear,Northeast,Foot Locker,In-store,West Virginia,55,"2,475",45
"January 10, 2021",Men's Street Footwear,Northeast,Foot Locker,In-store,Connecticut,35,"1,488",43
"February 8, 2021",Men's Street Footwear,Northeast,Foot Locker,In-store,Connecticut,35,"1,663",48
"November 4, 2021",Men's Street Footwear,Northeast,Foot Locker,In-store,Connecticut,65,"2,763",43
"December 3, 2021",Men's Street Footwear,Northeast,Foot Locker,In-store,Connecticut,65,"3,738",58
"April 14, 2021",Men's Street Footwear,Northeast,Foot Locker,In-store,Delaware,40,"2,100",53
"March 13, 2021",Men's Street Footwear,Northeast,Foot Locker,In-store,Delaware,40,"2,180",55
"September 13, 2021",Men's Street Footwear,Northeast,Foot Locker,In-store,Delaware,55,"2,888",53
"May 13, 2021",Men's Street Footwear,Northeast,Foot Locker,In-store,Delaware,55,"3,135",57
"June 15, 2021",Men's Street Footwear,Northeast,Foot Locker,In-store,Delaware,55,"3,575",65
"August 14, 2021",Men's Street Footwear,Northeast,Foot Locker,In-store,Delaware,55,"3,575",65
"July 13, 2021",Men's Street Footwear,Northeast,Foot Locker,In-store,Delaware,55,"3,713",68
"October 15, 2021",Men's Street Footwear,Northeast,Foot Locker,In-store,Delaware,60,"2,850",48
"January 17, 2021",Men's Street Footwear,Northeast,Foot Locker,In-store,Maryland,40,"2,100",53
"February 15, 2021",Men's Street Footwear,Northeast,Foot Locker,In-store,Maryland,40,"2,300",58
"July 20, 2021",Men's Street Footwear,Northeast,Foot Locker,In-store,Maryland,50,"2,625",53
"November 21, 2021",Men's Street Footwear,Northeast,Foot Locker,In-store,Maryland,60,"2,100",35
"December 20, 2021",Men's Street Footwear,Northeast,Foot Locker,In-store,Maryland,60,"2,700",45
"April 7, 2021",Men's Street Footwear,Northeast,Foot Locker,In-store,Rhode Island,35,"1,488",43
"March 6, 2021",Men's Street Footwear,Northeast,Foot Locker,In-store,Rhode Island,35,"1,558",45
"September 6, 2021",Men's Street Footwear,Northeast,Foot Locker,In-store,Rhode Island,50,"2,125",43
"May 6, 2021",Men's Street Footwear,Northeast,Foot Locker,In-store,Rhode Island,50,"2,350",47
"June 8, 2021",Men's Street Footwear,Northeast,Foot Locker,In-store,Rhode Island,50,"2,750",55
"August 7, 2021",Men's Street Footwear,Northeast,Foot Locker,In-store,Rhode Island,50,"2,750",55
"July 6, 2021",Men's Street Footwear,Northeast,Foot Locker,In-store,Rhode Island,50,"2,875",58
"October 8, 2021",Men's Street Footwear,Northeast,Foot Locker,In-store,Rhode Island,55,"2,063",38
"January 24, 2021",Men's Street Footwear,Northeast,Foot Locker,In-store,West Virginia,35,"1,488",43
"February 22, 2021",Men's Street Footwear,Northeast,Foot Locker,In-store,West Virginia,35,"1,663",48
"November 17, 2021",Men's Street Footwear,Northeast,Foot Locker,In-store,West Virginia,45,"2,025",45
"December 16, 2021",Men's Street Footwear,Northeast,Foot Locker,In-store,West Virginia,65,"4,225",65
"October 5, 2021",Women's Apparel,Northeast,Foot Locker,In-store,Connecticut,70,"1,925",28
"November 4, 2021",Women's Apparel,Northeast,Foot Locker,In-store,Connecticut,70,"2,450",35
"December 3, 2021",Women's Apparel,Northeast,Foot Locker,In-store,Connecticut,70,"2,800",40
"January 10, 2021",Women's Apparel,Northeast,Foot Locker,In-store,Connecticut,35,788,23
"March 13, 2021",Women's Apparel,Northeast,Foot Locker,In-store,Delaware,40,"1,100",28
"April 14, 2021",Women's Apparel,Northeast,Foot Locker,In-store,Delaware,40,"1,200",30
"February 15, 2021",Women's Apparel,Northeast,Foot Locker,In-store,Delaware,40,"1,300",33
"September 13, 2021",Women's Apparel,Northeast,Foot Locker,In-store,Delaware,60,"1,800",30
"May 13, 2021",Women's Apparel,Northeast,Foot Locker,In-store,Delaware,60,"2,400",40
"August 14, 2021",Women's Apparel,Northeast,Foot Locker,In-store,Delaware,60,"2,400",40
"June 15, 2021",Women's Apparel,Northeast,Foot Locker,In-store,Delaware,60,"2,700",45
"July 13, 2021",Women's Apparel,Northeast,Foot Locker,In-store,Delaware,60,"3,000",50
"June 22, 2021",Women's Apparel,Northeast,Foot Locker,In-store,Maryland,55,"1,650",30
"October 22, 2021",Women's Apparel,Northeast,Foot Locker,In-store,Maryland,65,"1,300",20
"November 21, 2021",Women's Apparel,Northeast,Foot Locker,In-store,Maryland,65,"1,463",23
"December 20, 2021",Women's Apparel,Northeast,Foot Locker,In-store,Maryland,65,"1,788",28
"January 17, 2021",Women's Apparel,Northeast,Foot Locker,In-store,Maryland,40,"1,300",33
"March 6, 2021",Women's Apparel,Northeast,Foot Locker,In-store,Rhode Island,35,613,18
"April 7, 2021",Women's Apparel,Northeast,Foot Locker,In-store,Rhode Island,35,700,20
"February 8, 2021",Women's Apparel,Northeast,Foot Locker,In-store,Rhode Island,35,788,23
"September 6, 2021",Women's Apparel,Northeast,Foot Locker,In-store,Rhode Island,55,"1,100",20
"May 6, 2021",Women's Apparel,Northeast,Foot Locker,In-store,Rhode Island,55,"1,650",30
"August 7, 2021",Women's Apparel,Northeast,Foot Locker,In-store,Rhode Island,55,"1,650",30
"June 8, 2021",Women's Apparel,Northeast,Foot Locker,In-store,Rhode Island,55,"1,925",35
"July 6, 2021",Women's Apparel,Northeast,Foot Locker,In-store,Rhode Island,55,"2,200",40
"January 24, 2021",Women's Apparel,Northeast,Foot Locker,In-store,West Virginia,35,788,23
"October 17, 2021",Women's Apparel,Northeast,Foot Locker,In-store,West Virginia,50,"1,500",30
"November 17, 2021",Women's Apparel,Northeast,Foot Locker,In-store,West Virginia,70,"2,800",40
"December 16, 2021",Women's Apparel,Northeast,Foot Locker,In-store,West Virginia,70,"3,150",45
"November 4, 2021",Women's Athletic Footwear,Northeast,Foot Locker,In-store,Connecticut,55,"1,513",28
"December 3, 2021",Women's Athletic Footwear,Northeast,Foot Locker,In-store,Connecticut,55,"1,650",30
"January 10, 2021",Women's Athletic Footwear,Northeast,Foot Locker,In-store,Connecticut,30,225,8
"March 13, 2021",Women's Athletic Footwear,Northeast,Foot Locker,In-store,Delaware,35,438,13
"February 15, 2021",Women's Athletic Footwear,Northeast,Foot Locker,In-store,Delaware,35,525,15
"April 14, 2021",Women's Athletic Footwear,Northeast,Foot Locker,In-store,Delaware,35,525,15
"September 13, 2021",Women's Athletic Footwear,Northeast,Foot Locker,In-store,Delaware,45,900,20
"May 13, 2021",Women's Athletic Footwear,Northeast,Foot Locker,In-store,Delaware,45,"1,125",25
"August 14, 2021",Women's Athletic Footwear,Northeast,Foot Locker,In-store,Delaware,45,"1,125",25
"June 15, 2021",Women's Athletic Footwear,Northeast,Foot Locker,In-store,Delaware,45,"1,350",30
"July 13, 2021",Women's Athletic Footwear,Northeast,Foot Locker,In-store,Delaware,45,"1,350",30
"October 15, 2021",Women's Athletic Footwear,Northeast,Foot Locker,In-store,Delaware,55,963,18
"June 22, 2021",Women's Athletic Footwear,Northeast,Foot Locker,In-store,Maryland,40,600,15
"October 22, 2021",Women's Athletic Footwear,Northeast,Foot Locker,In-store,Maryland,50,375,8
"November 21, 2021",Women's Athletic Footwear,Northeast,Foot Locker,In-store,Maryland,50,750,15
"December 20, 2021",Women's Athletic Footwear,Northeast,Foot Locker,In-store,Maryland,50,875,18
"January 17, 2021",Women's Athletic Footwear,Northeast,Foot Locker,In-store,Maryland,35,613,18
"March 6, 2021",Women's Athletic Footwear,Northeast,Foot Locker,In-store,Rhode Island,30,75,3
"February 8, 2021",Women's Athletic Footwear,Northeast,Foot Locker,In-store,Rhode Island,30,150,5
"April 7, 2021",Women's Athletic Footwear,Northeast,Foot Locker,In-store,Rhode Island,30,150,5
"September 6, 2021",Women's Athletic Footwear,Northeast,Foot Locker,In-store,Rhode Island,40,400,10
"May 6, 2021",Women's Athletic Footwear,Northeast,Foot Locker,In-store,Rhode Island,40,600,15
"August 7, 2021",Women's Athletic Footwear,Northeast,Foot Locker,In-store,Rhode Island,40,600,15
"June 8, 2021",Women's Athletic Footwear,Northeast,Foot Locker,In-store,Rhode Island,40,800,20
"July 6, 2021",Women's Athletic Footwear,Northeast,Foot Locker,In-store,Rhode Island,40,800,20
"October 8, 2021",Women's Athletic Footwear,Northeast,Foot Locker,In-store,Rhode Island,50,375,8
"January 24, 2021",Women's Athletic Footwear,Northeast,Foot Locker,In-store,West Virginia,30,225,8
"November 17, 2021",Women's Athletic Footwear,Northeast,Foot Locker,In-store,West Virginia,40,"1,300",33
"December 16, 2021",Women's Athletic Footwear,Northeast,Foot Locker,In-store,West Virginia,55,"1,925",35
"November 4, 2021",Women's Street Footwear,Northeast,Foot Locker,In-store,Connecticut,55,"1,623",30
"December 3, 2021",Women's Street Footwear,Northeast,Foot Locker,In-store,Connecticut,55,"1,925",35
"February 8, 2021",Women's Street Footwear,Northeast,Foot Locker,In-store,Connecticut,25,438,18
"January 10, 2021",Women's Street Footwear,Northeast,Foot Locker,In-store,Connecticut,25,563,23
"April 14, 2021",Women's Street Footwear,Northeast,Foot Locker,In-store,Delaware,30,675,23
"March 13, 2021",Women's Street Footwear,Northeast,Foot Locker,In-store,Delaware,30,825,28
"September 13, 2021",Women's Street Footwear,Northeast,Foot Locker,In-store,Delaware,45,"1,013",23
"May 13, 2021",Women's Street Footwear,Northeast,Foot Locker,In-store,Delaware,45,"1,350",30
"June 15, 2021",Women's Street Footwear,Northeast,Foot Locker,In-store,Delaware,45,"1,463",33
"July 13, 2021",Women's Street Footwear,Northeast,Foot Locker,In-store,Delaware,45,"1,575",35
"August 14, 2021",Women's Street Footwear,Northeast,Foot Locker,In-store,Delaware,45,"1,575",35
"October 15, 2021",Women's Street Footwear,Northeast,Foot Locker,In-store,Delaware,55,"1,100",20
"June 22, 2021",Women's Street Footwear,Northeast,Foot Locker,In-store,Maryland,40,700,18
"November 21, 2021",Women's Street Footwear,Northeast,Foot Locker,In-store,Maryland,50,850,17
"December 20, 2021",Women's Street Footwear,Northeast,Foot Locker,In-store,Maryland,50,"1,125",23
"February 15, 2021",Women's Street Footwear,Northeast,Foot Locker,In-store,Maryland,30,825,28
"January 17, 2021",Women's Street Footwear,Northeast,Foot Locker,In-store,Maryland,30,975,33
"April 7, 2021",Women's Street Footwear,Northeast,Foot Locker,In-store,Rhode Island,25,313,13
"March 6, 2021",Women's Street Footwear,Northeast,Foot Locker,In-store,Rhode Island,25,438,18
"September 6, 2021",Women's Street Footwear,Northeast,Foot Locker,In-store,Rhode Island,40,500,13
"May 6, 2021",Women's Street Footwear,Northeast,Foot Locker,In-store,Rhode Island,40,800,20
"June 8, 2021",Women's Street Footwear,Northeast,Foot Locker,In-store,Rhode Island,40,900,23
"July 6, 2021",Women's Street Footwear,Northeast,Foot Locker,In-store,Rhode Island,40,"1,000",25
"August 7, 2021",Women's Street Footwear,Northeast,Foot Locker,In-store,Rhode Island,40,"1,000",25
"October 8, 2021",Women's Street Footwear,Northeast,Foot Locker,In-store,Rhode Island,50,500,10
"January 24, 2021",Women's Street Footwear,Northeast,Foot Locker,In-store,West Virginia,25,563,23
"November 17, 2021",Women's Street Footwear,Northeast,Foot Locker,In-store,West Virginia,35,"1,033",30
"January 10, 2021",Men's Apparel,Northeast,Kohl's,In-store,Delaware,45,788,18
"November 14, 2021",Men's Apparel,Northeast,Kohl's,In-store,Delaware,65,"1,788",28
"December 13, 2021",Men's Apparel,Northeast,Kohl's,In-store,Delaware,65,"2,113",33
"April 7, 2021",Men's Apparel,Northeast,Kohl's,In-store,New Jersey,45,450,10
"March 6, 2021",Men's Apparel,Northeast,Kohl's,In-store,New Jersey,45,563,13
"February 8, 2021",Men's Apparel,Northeast,Kohl's,In-store,New Jersey,45,788,18
"September 6, 2021",Men's Apparel,Northeast,Kohl's,In-store,New Jersey,50,750,15
"August 7, 2021",Men's Apparel,Northeast,Kohl's,In-store,New Jersey,50,875,18
"May 6, 2021",Men's Apparel,Northeast,Kohl's,In-store,New Jersey,50,"1,125",23
"June 8, 2021",Men's Apparel,Northeast,Kohl's,In-store,New Jersey,50,"1,250",25
"July 6, 2021",Men's Apparel,Northeast,Kohl's,In-store,New Jersey,50,"1,375",28
"October 8, 2021",Men's Apparel,Northeast,Kohl's,In-store,New Jersey,60,750,13
"January 14, 2021",Men's Apparel,Northeast,Kohl's,In-store,New York,50,"2,500",50
"December 8, 2021",Men's Apparel,Northeast,Kohl's,In-store,New York,65,"3,738",58
"February 8, 2021",Men's Athletic Footwear,Northeast,Kohl's,In-store,Delaware,35,613,18
"January 10, 2021",Men's Athletic Footwear,Northeast,Kohl's,In-store,Delaware,35,963,28
"November 14, 2021",Men's Athletic Footwear,Northeast,Kohl's,In-store,Delaware,55,"1,788",33
"December 13, 2021",Men's Athletic Footwear,Northeast,Kohl's,In-store,Delaware,55,"2,200",40
"April 7, 2021",Men's Athletic Footwear,Northeast,Kohl's,In-store,New Jersey,35,613,18
"March 6, 2021",Men's Athletic Footwear,Northeast,Kohl's,In-store,New Jersey,35,700,20
"May 6, 2021",Men's Athletic Footwear,Northeast,Kohl's,In-store,New Jersey,45,"1,013",23
"September 6, 2021",Men's Athletic Footwear,Northeast,Kohl's,In-store,New Jersey,45,"1,238",28
"June 8, 2021",Men's Athletic Footwear,Northeast,Kohl's,In-store,New Jersey,45,"1,575",35
"June 21, 2021",Women's Apparel,South,Walmart,Online,Arkansas,60,"3,300",55
"July 6, 2021",Men's Athletic Footwear,Northeast,Kohl's,In-store,New Jersey,45,"1,688",38
"August 7, 2021",Men's Athletic Footwear,Northeast,Kohl's,In-store,New Jersey,45,"1,688",38
"October 8, 2021",Men's Athletic Footwear,Northeast,Kohl's,In-store,New Jersey,50,"1,250",25
"February 12, 2021",Men's Athletic Footwear,Northeast,Kohl's,In-store,New York,40,"2,000",50
"January 14, 2021",Men's Athletic Footwear,Northeast,Kohl's,In-store,New York,40,"2,400",60
"January 10, 2021",Men's Street Footwear,Northeast,Kohl's,In-store,Delaware,35,"1,663",48
"February 8, 2021",Men's Street Footwear,Northeast,Kohl's,In-store,Delaware,35,"1,838",53
"November 14, 2021",Men's Street Footwear,Northeast,Kohl's,In-store,Delaware,65,"2,925",45
"December 13, 2021",Men's Street Footwear,Northeast,Kohl's,In-store,Delaware,65,"3,900",60
"April 7, 2021",Men's Street Footwear,Northeast,Kohl's,In-store,New Jersey,35,"1,663",48
"March 6, 2021",Men's Street Footwear,Northeast,Kohl's,In-store,New Jersey,35,"1,733",50
"September 6, 2021",Men's Street Footwear,Northeast,Kohl's,In-store,New Jersey,50,"2,375",48
"May 6, 2021",Men's Street Footwear,Northeast,Kohl's,In-store,New Jersey,50,"2,600",52
"June 8, 2021",Men's Street Footwear,Northeast,Kohl's,In-store,New Jersey,50,"3,000",60
"August 7, 2021",Men's Street Footwear,Northeast,Kohl's,In-store,New Jersey,50,"3,000",60
"July 6, 2021",Men's Street Footwear,Northeast,Kohl's,In-store,New Jersey,50,"3,125",63
"October 8, 2021",Men's Street Footwear,Northeast,Kohl's,In-store,New Jersey,55,"2,338",43
"January 14, 2021",Men's Street Footwear,Northeast,Kohl's,In-store,New York,40,"3,200",80
"February 12, 2021",Men's Street Footwear,Northeast,Kohl's,In-store,New York,40,"3,400",85
"January 10, 2021",Women's Apparel,Northeast,Kohl's,In-store,Delaware,35,963,28
"October 15, 2021",Women's Apparel,Northeast,Kohl's,In-store,Delaware,70,"2,100",30
"November 14, 2021",Women's Apparel,Northeast,Kohl's,In-store,Delaware,70,"2,625",38
"December 13, 2021",Women's Apparel,Northeast,Kohl's,In-store,Delaware,70,"2,975",43
"March 6, 2021",Women's Apparel,Northeast,Kohl's,In-store,New Jersey,35,788,23
"April 7, 2021",Women's Apparel,Northeast,Kohl's,In-store,New Jersey,35,875,25
"February 8, 2021",Women's Apparel,Northeast,Kohl's,In-store,New Jersey,35,963,28
"September 6, 2021",Women's Apparel,Northeast,Kohl's,In-store,New Jersey,55,"1,375",25
"May 6, 2021",Women's Apparel,Northeast,Kohl's,In-store,New Jersey,55,"1,925",35
"August 7, 2021",Women's Apparel,Northeast,Kohl's,In-store,New Jersey,55,"1,925",35
"June 8, 2021",Women's Apparel,Northeast,Kohl's,In-store,New Jersey,55,"2,200",40
"July 6, 2021",Women's Apparel,Northeast,Kohl's,In-store,New Jersey,55,"2,475",45
"January 14, 2021",Women's Apparel,Northeast,Kohl's,In-store,New York,40,"2,400",60
"December 8, 2021",Women's Apparel,Northeast,Kohl's,In-store,New York,70,"4,725",68
"January 10, 2021",Women's Athletic Footwear,Northeast,Kohl's,In-store,Delaware,30,375,13
"November 14, 2021",Women's Athletic Footwear,Northeast,Kohl's,In-store,Delaware,55,"1,650",30
"December 13, 2021",Women's Athletic Footwear,Northeast,Kohl's,In-store,Delaware,55,"1,788",33
"March 6, 2021",Women's Athletic Footwear,Northeast,Kohl's,In-store,New Jersey,30,225,8
"February 8, 2021",Women's Athletic Footwear,Northeast,Kohl's,In-store,New Jersey,30,300,10
"April 7, 2021",Women's Athletic Footwear,Northeast,Kohl's,In-store,New Jersey,30,300,10
"September 6, 2021",Women's Athletic Footwear,Northeast,Kohl's,In-store,New Jersey,40,600,15
"May 6, 2021",Women's Athletic Footwear,Northeast,Kohl's,In-store,New Jersey,40,800,20
"August 7, 2021",Women's Athletic Footwear,Northeast,Kohl's,In-store,New Jersey,40,800,20
"June 8, 2021",Women's Athletic Footwear,Northeast,Kohl's,In-store,New Jersey,40,"1,000",25
"July 6, 2021",Women's Athletic Footwear,Northeast,Kohl's,In-store,New Jersey,40,"1,000",25
"October 8, 2021",Women's Athletic Footwear,Northeast,Kohl's,In-store,New Jersey,50,625,13
"December 8, 2021",Women's Athletic Footwear,Northeast,Kohl's,In-store,New York,55,"3,163",58
"January 14, 2021",Women's Athletic Footwear,Northeast,Kohl's,In-store,New York,35,"1,575",45
"February 8, 2021",Women's Street Footwear,Northeast,Kohl's,In-store,Delaware,25,563,23
"January 10, 2021",Women's Street Footwear,Northeast,Kohl's,In-store,Delaware,25,688,28
"November 14, 2021",Women's Street Footwear,Northeast,Kohl's,In-store,Delaware,55,"1,760",32
"December 13, 2021",Women's Street Footwear,Northeast,Kohl's,In-store,Delaware,55,"2,063",38
"April 7, 2021",Women's Street Footwear,Northeast,Kohl's,In-store,New Jersey,25,438,18
"March 6, 2021",Women's Street Footwear,Northeast,Kohl's,In-store,New Jersey,25,563,23
"September 6, 2021",Women's Street Footwear,Northeast,Kohl's,In-store,New Jersey,40,700,18
"May 6, 2021",Women's Street Footwear,Northeast,Kohl's,In-store,New Jersey,40,"1,000",25
"June 8, 2021",Women's Street Footwear,Northeast,Kohl's,In-store,New Jersey,40,"1,100",28
"July 6, 2021",Women's Street Footwear,Northeast,Kohl's,In-store,New Jersey,40,"1,200",30
"August 7, 2021",Women's Street Footwear,Northeast,Kohl's,In-store,New Jersey,40,"1,200",30
"October 8, 2021",Women's Street Footwear,Northeast,Kohl's,In-store,New Jersey,50,750,15
"December 8, 2021",Women's Street Footwear,Northeast,Kohl's,In-store,New York,55,"3,438",63
"February 12, 2021",Women's Street Footwear,Northeast,Kohl's,In-store,New York,30,"1,650",55
"January 14, 2021",Women's Street Footwear,Northeast,Kohl's,In-store,New York,30,"1,800",60
"April 4, 2021",Men's Apparel,Northeast,Sports Direct,In-store,Connecticut,50,625,13
"March 3, 2021",Men's Apparel,Northeast,Sports Direct,In-store,Connecticut,50,750,15
"February 5, 2021",Men's Apparel,Northeast,Sports Direct,In-store,Connecticut,50,"1,000",20
"September 3, 2021",Men's Apparel,Northeast,Sports Direct,In-store,Connecticut,55,963,18
"August 4, 2021",Men's Apparel,Northeast,Sports Direct,In-store,Connecticut,55,"1,100",20
"May 3, 2021",Men's Apparel,Northeast,Sports Direct,In-store,Connecticut,55,"1,375",25
"June 5, 2021",Men's Apparel,Northeast,Sports Direct,In-store,Connecticut,55,"1,513",28
"July 3, 2021",Men's Apparel,Northeast,Sports Direct,In-store,Connecticut,55,"1,650",30
"October 5, 2021",Men's Apparel,Northeast,Sports Direct,In-store,Connecticut,65,975,15
"September 20, 2021",Men's Apparel,Northeast,Sports Direct,In-store,Maryland,50,500,10
"August 21, 2021",Men's Apparel,Northeast,Sports Direct,In-store,Maryland,50,625,13
"July 20, 2021",Men's Apparel,Northeast,Sports Direct,In-store,Maryland,50,875,18
"March 13, 2021",Men's Apparel,Northeast,Sports Direct,In-store,Massachusetts,50,500,10
"April 14, 2021",Men's Apparel,Northeast,Sports Direct,In-store,Massachusetts,50,625,13
"February 15, 2021",Men's Apparel,Northeast,Sports Direct,In-store,Massachusetts,50,750,15
"September 13, 2021",Men's Apparel,Northeast,Sports Direct,In-store,Massachusetts,55,688,13
"August 14, 2021",Men's Apparel,Northeast,Sports Direct,In-store,Massachusetts,55,825,15
"May 13, 2021",Men's Apparel,Northeast,Sports Direct,In-store,Massachusetts,55,"1,100",20
"June 15, 2021",Men's Apparel,Northeast,Sports Direct,In-store,Massachusetts,55,"1,238",23
"July 13, 2021",Men's Apparel,Northeast,Sports Direct,In-store,Massachusetts,55,"1,375",25
"October 15, 2021",Men's Apparel,Northeast,Sports Direct,In-store,Massachusetts,65,650,10
"January 7, 2021",Men's Apparel,Northeast,Sports Direct,In-store,New Jersey,50,"1,000",20
"November 7, 2021",Men's Apparel,Northeast,Sports Direct,In-store,New Jersey,60,"1,350",23
"December 6, 2021",Men's Apparel,Northeast,Sports Direct,In-store,New Jersey,60,"1,650",28
"January 17, 2021",Men's Apparel,Northeast,Sports Direct,In-store,Rhode Island,50,750,15
"November 7, 2021",Men's Apparel,Northeast,Sports Direct,In-store,Rhode Island,60,"1,050",18
"December 6, 2021",Men's Apparel,Northeast,Sports Direct,In-store,Rhode Island,60,"1,350",23
"April 4, 2021",Men's Athletic Footwear,Northeast,Sports Direct,In-store,Connecticut,40,800,20
"March 3, 2021",Men's Athletic Footwear,Northeast,Sports Direct,In-store,Connecticut,40,900,23
"May 3, 2021",Men's Athletic Footwear,Northeast,Sports Direct,In-store,Connecticut,50,"1,250",25
"September 3, 2021",Men's Athletic Footwear,Northeast,Sports Direct,In-store,Connecticut,50,"1,500",30
"June 5, 2021",Men's Athletic Footwear,Northeast,Sports Direct,In-store,Connecticut,50,"1,875",38
"July 3, 2021",Men's Athletic Footwear,Northeast,Sports Direct,In-store,Connecticut,50,"2,000",40
"August 4, 2021",Men's Athletic Footwear,Northeast,Sports Direct,In-store,Connecticut,50,"2,000",40
"October 5, 2021",Men's Athletic Footwear,Northeast,Sports Direct,In-store,Connecticut,55,"1,513",28
"September 20, 2021",Men's Athletic Footwear,Northeast,Sports Direct,In-store,Maryland,45,"1,013",23
"July 20, 2021",Men's Athletic Footwear,Northeast,Sports Direct,In-store,Maryland,45,"1,238",28
"August 21, 2021",Men's Athletic Footwear,Northeast,Sports Direct,In-store,Maryland,45,"1,238",28
"October 22, 2021",Men's Athletic Footwear,Northeast,Sports Direct,In-store,Maryland,50,"1,000",20
"April 14, 2021",Men's Athletic Footwear,Northeast,Sports Direct,In-store,Massachusetts,40,600,15
"March 13, 2021",Men's Athletic Footwear,Northeast,Sports Direct,In-store,Massachusetts,40,700,18
"May 13, 2021",Men's Athletic Footwear,Northeast,Sports Direct,In-store,Massachusetts,50,"1,000",20
"September 13, 2021",Men's Athletic Footwear,Northeast,Sports Direct,In-store,Massachusetts,50,"1,250",25
"June 15, 2021",Men's Athletic Footwear,Northeast,Sports Direct,In-store,Massachusetts,50,"1,625",33
"July 13, 2021",Men's Athletic Footwear,Northeast,Sports Direct,In-store,Massachusetts,50,"1,750",35
"August 14, 2021",Men's Athletic Footwear,Northeast,Sports Direct,In-store,Massachusetts,50,"1,750",35
"October 15, 2021",Men's Athletic Footwear,Northeast,Sports Direct,In-store,Massachusetts,55,"1,238",23
"November 7, 2021",Men's Athletic Footwear,Northeast,Sports Direct,In-store,New Jersey,50,"1,375",28
"December 6, 2021",Men's Athletic Footwear,Northeast,Sports Direct,In-store,New Jersey,50,"1,750",35
"February 5, 2021",Men's Athletic Footwear,Northeast,Sports Direct,In-store,New Jersey,40,800,20
"January 7, 2021",Men's Athletic Footwear,Northeast,Sports Direct,In-store,New Jersey,40,"1,200",30
"February 15, 2021",Men's Athletic Footwear,Northeast,Sports Direct,In-store,Rhode Island,40,600,15
"January 17, 2021",Men's Athletic Footwear,Northeast,Sports Direct,In-store,Rhode Island,40,"1,000",25
"November 7, 2021",Men's Athletic Footwear,Northeast,Sports Direct,In-store,Rhode Island,50,"1,125",23
"December 6, 2021",Men's Athletic Footwear,Northeast,Sports Direct,In-store,Rhode Island,50,"1,500",30
"April 4, 2021",Men's Street Footwear,Northeast,Sports Direct,In-store,Connecticut,40,"2,000",50
"March 3, 2021",Men's Street Footwear,Northeast,Sports Direct,In-store,Connecticut,40,"2,080",52
"September 3, 2021",Men's Street Footwear,Northeast,Sports Direct,In-store,Connecticut,55,"2,750",50
"May 3, 2021",Men's Street Footwear,Northeast,Sports Direct,In-store,Connecticut,55,"2,998",55
"June 5, 2021",Men's Street Footwear,Northeast,Sports Direct,In-store,Connecticut,55,"3,438",63
"August 4, 2021",Men's Street Footwear,Northeast,Sports Direct,In-store,Connecticut,55,"3,438",63
"July 3, 2021",Men's Street Footwear,Northeast,Sports Direct,In-store,Connecticut,55,"3,575",65
"October 5, 2021",Men's Street Footwear,Northeast,Sports Direct,In-store,Connecticut,60,"2,700",45
"September 20, 2021",Men's Street Footwear,Northeast,Sports Direct,In-store,Maryland,50,"2,125",43
"August 21, 2021",Men's Street Footwear,Northeast,Sports Direct,In-store,Maryland,50,"2,500",50
"October 22, 2021",Men's Street Footwear,Northeast,Sports Direct,In-store,Maryland,55,"2,063",38
"April 14, 2021",Men's Street Footwear,Northeast,Sports Direct,In-store,Massachusetts,40,"1,800",45
"March 13, 2021",Men's Street Footwear,Northeast,Sports Direct,In-store,Massachusetts,40,"1,880",47
"September 13, 2021",Men's Street Footwear,Northeast,Sports Direct,In-store,Massachusetts,55,"2,475",45
"May 13, 2021",Men's Street Footwear,Northeast,Sports Direct,In-store,Massachusetts,55,"2,723",50
"June 15, 2021",Men's Street Footwear,Northeast,Sports Direct,In-store,Massachusetts,55,"3,163",58
"August 14, 2021",Men's Street Footwear,Northeast,Sports Direct,In-store,Massachusetts,55,"3,163",58
"July 13, 2021",Men's Street Footwear,Northeast,Sports Direct,In-store,Massachusetts,55,"3,300",60
"October 15, 2021",Men's Street Footwear,Northeast,Sports Direct,In-store,Massachusetts,60,"2,400",40
"November 7, 2021",Men's Street Footwear,Northeast,Sports Direct,In-store,New Jersey,60,"2,400",40
"December 6, 2021",Men's Street Footwear,Northeast,Sports Direct,In-store,New Jersey,60,"3,300",55
"January 7, 2021",Men's Street Footwear,Northeast,Sports Direct,In-store,New Jersey,40,"2,000",50
"February 5, 2021",Men's Street Footwear,Northeast,Sports Direct,In-store,New Jersey,40,"2,200",55
"January 17, 2021",Men's Street Footwear,Northeast,Sports Direct,In-store,Rhode Island,40,"1,800",45
"February 15, 2021",Men's Street Footwear,Northeast,Sports Direct,In-store,Rhode Island,40,"2,000",50
"November 7, 2021",Men's Street Footwear,Northeast,Sports Direct,In-store,Rhode Island,60,"2,100",35
"December 6, 2021",Men's Street Footwear,Northeast,Sports Direct,In-store,Rhode Island,60,"3,000",50
"March 3, 2021",Women's Apparel,Northeast,Sports Direct,In-store,Connecticut,40,"1,000",25
"April 4, 2021",Women's Apparel,Northeast,Sports Direct,In-store,Connecticut,40,"1,100",28
"February 5, 2021",Women's Apparel,Northeast,Sports Direct,In-store,Connecticut,40,"1,200",30
"September 3, 2021",Women's Apparel,Northeast,Sports Direct,In-store,Connecticut,60,"1,650",28
"May 3, 2021",Women's Apparel,Northeast,Sports Direct,In-store,Connecticut,60,"2,250",38
"August 4, 2021",Women's Apparel,Northeast,Sports Direct,In-store,Connecticut,60,"2,250",38
"June 5, 2021",Women's Apparel,Northeast,Sports Direct,In-store,Connecticut,60,"2,550",43
"July 3, 2021",Women's Apparel,Northeast,Sports Direct,In-store,Connecticut,60,"2,850",48
"September 20, 2021",Women's Apparel,Northeast,Sports Direct,In-store,Maryland,55,"1,100",20
"August 21, 2021",Women's Apparel,Northeast,Sports Direct,In-store,Maryland,55,"1,650",30
"July 20, 2021",Women's Apparel,Northeast,Sports Direct,In-store,Maryland,55,"1,925",35
"March 13, 2021",Women's Apparel,Northeast,Sports Direct,In-store,Massachusetts,40,800,20
"February 15, 2021",Women's Apparel,Northeast,Sports Direct,In-store,Massachusetts,40,"1,000",25
"April 14, 2021",Women's Apparel,Northeast,Sports Direct,In-store,Massachusetts,40,"1,100",28
"September 13, 2021",Women's Apparel,Northeast,Sports Direct,In-store,Massachusetts,60,"1,350",23
"May 13, 2021",Women's Apparel,Northeast,Sports Direct,In-store,Massachusetts,60,"1,950",33
"August 14, 2021",Women's Apparel,Northeast,Sports Direct,In-store,Massachusetts,60,"1,950",33
"June 15, 2021",Women's Apparel,Northeast,Sports Direct,In-store,Massachusetts,60,"2,250",38
"July 13, 2021",Women's Apparel,Northeast,Sports Direct,In-store,Massachusetts,60,"2,550",43
"January 7, 2021",Women's Apparel,Northeast,Sports Direct,In-store,New Jersey,40,"1,200",30
"October 8, 2021",Women's Apparel,Northeast,Sports Direct,In-store,New Jersey,65,"1,625",25
"November 7, 2021",Women's Apparel,Northeast,Sports Direct,In-store,New Jersey,65,"2,113",33
"December 6, 2021",Women's Apparel,Northeast,Sports Direct,In-store,New Jersey,65,"2,438",38
"January 17, 2021",Women's Apparel,Northeast,Sports Direct,In-store,Rhode Island,40,"1,000",25
"October 8, 2021",Women's Apparel,Northeast,Sports Direct,In-store,Rhode Island,65,"1,300",20
"November 7, 2021",Women's Apparel,Northeast,Sports Direct,In-store,Rhode Island,65,"1,788",28
"December 6, 2021",Women's Apparel,Northeast,Sports Direct,In-store,Rhode Island,65,"2,113",33
"March 3, 2021",Women's Athletic Footwear,Northeast,Sports Direct,In-store,Connecticut,35,350,10
"February 5, 2021",Women's Athletic Footwear,Northeast,Sports Direct,In-store,Connecticut,35,438,13
"April 4, 2021",Women's Athletic Footwear,Northeast,Sports Direct,In-store,Connecticut,35,438,13
"September 3, 2021",Women's Athletic Footwear,Northeast,Sports Direct,In-store,Connecticut,45,788,18
"May 3, 2021",Women's Athletic Footwear,Northeast,Sports Direct,In-store,Connecticut,45,"1,013",23
"August 4, 2021",Women's Athletic Footwear,Northeast,Sports Direct,In-store,Connecticut,45,"1,013",23
"June 5, 2021",Women's Athletic Footwear,Northeast,Sports Direct,In-store,Connecticut,45,"1,238",28
"July 3, 2021",Women's Athletic Footwear,Northeast,Sports Direct,In-store,Connecticut,45,"1,238",28
"October 5, 2021",Women's Athletic Footwear,Northeast,Sports Direct,In-store,Connecticut,55,825,15
"September 20, 2021",Women's Athletic Footwear,Northeast,Sports Direct,In-store,Maryland,40,400,10
"July 20, 2021",Women's Athletic Footwear,Northeast,Sports Direct,In-store,Maryland,40,600,15
"August 21, 2021",Women's Athletic Footwear,Northeast,Sports Direct,In-store,Maryland,40,600,15
"April 14, 2021",Women's Athletic Footwear,Northeast,Sports Direct,In-store,Massachusetts,35,438,13
"February 15, 2021",Women's Athletic Footwear,Northeast,Sports Direct,In-store,Massachusetts,35,875,25
"March 13, 2021",Women's Athletic Footwear,Northeast,Sports Direct,In-store,Massachusetts,35,"1,050",30
"September 13, 2021",Women's Athletic Footwear,Northeast,Sports Direct,In-store,Massachusetts,45,563,13
"May 13, 2021",Women's Athletic Footwear,Northeast,Sports Direct,In-store,Massachusetts,45,788,18
"August 14, 2021",Women's Athletic Footwear,Northeast,Sports Direct,In-store,Massachusetts,45,788,18
"June 15, 2021",Women's Athletic Footwear,Northeast,Sports Direct,In-store,Massachusetts,45,"1,013",23
"July 13, 2021",Women's Athletic Footwear,Northeast,Sports Direct,In-store,Massachusetts,45,"1,013",23
"October 15, 2021",Women's Athletic Footwear,Northeast,Sports Direct,In-store,Massachusetts,55,550,10
"January 7, 2021",Women's Athletic Footwear,Northeast,Sports Direct,In-store,New Jersey,35,525,15
"November 7, 2021",Women's Athletic Footwear,Northeast,Sports Direct,In-store,New Jersey,50,"1,250",25
"December 6, 2021",Women's Athletic Footwear,Northeast,Sports Direct,In-store,New Jersey,50,"1,375",28
"January 17, 2021",Women's Athletic Footwear,Northeast,Sports Direct,In-store,Rhode Island,35,350,10
"November 7, 2021",Women's Athletic Footwear,Northeast,Sports Direct,In-store,Rhode Island,50,"1,000",20
"December 6, 2021",Women's Athletic Footwear,Northeast,Sports Direct,In-store,Rhode Island,50,"1,125",23
"April 4, 2021",Women's Street Footwear,Northeast,Sports Direct,In-store,Connecticut,30,600,20
"March 3, 2021",Women's Street Footwear,Northeast,Sports Direct,In-store,Connecticut,30,750,25
"September 3, 2021",Women's Street Footwear,Northeast,Sports Direct,In-store,Connecticut,45,900,20
"May 3, 2021",Women's Street Footwear,Northeast,Sports Direct,In-store,Connecticut,45,"1,238",28
"June 5, 2021",Women's Street Footwear,Northeast,Sports Direct,In-store,Connecticut,45,"1,350",30
"July 3, 2021",Women's Street Footwear,Northeast,Sports Direct,In-store,Connecticut,45,"1,463",33
"August 4, 2021",Women's Street Footwear,Northeast,Sports Direct,In-store,Connecticut,45,"1,463",33
"October 5, 2021",Women's Street Footwear,Northeast,Sports Direct,In-store,Connecticut,55,963,18
"September 20, 2021",Women's Street Footwear,Northeast,Sports Direct,In-store,Maryland,40,500,13
"July 20, 2021",Women's Street Footwear,Northeast,Sports Direct,In-store,Maryland,40,800,20
"August 21, 2021",Women's Street Footwear,Northeast,Sports Direct,In-store,Maryland,40,800,20
"October 22, 2021",Women's Street Footwear,Northeast,Sports Direct,In-store,Maryland,50,500,10
"April 14, 2021",Women's Street Footwear,Northeast,Sports Direct,In-store,Massachusetts,30,450,15
"March 13, 2021",Women's Street Footwear,Northeast,Sports Direct,In-store,Massachusetts,30,600,20
"September 13, 2021",Women's Street Footwear,Northeast,Sports Direct,In-store,Massachusetts,45,675,15
"May 13, 2021",Women's Street Footwear,Northeast,Sports Direct,In-store,Massachusetts,45,"1,013",23
"June 15, 2021",Women's Street Footwear,Northeast,Sports Direct,In-store,Massachusetts,45,"1,125",25
"July 13, 2021",Women's Street Footwear,Northeast,Sports Direct,In-store,Massachusetts,45,"1,238",28
"August 14, 2021",Women's Street Footwear,Northeast,Sports Direct,In-store,Massachusetts,45,"1,238",28
"October 15, 2021",Women's Street Footwear,Northeast,Sports Direct,In-store,Massachusetts,55,688,13
"February 5, 2021",Women's Street Footwear,Northeast,Sports Direct,In-store,New Jersey,30,750,25
"January 7, 2021",Women's Street Footwear,Northeast,Sports Direct,In-store,New Jersey,30,900,30
"November 7, 2021",Women's Street Footwear,Northeast,Sports Direct,In-store,New Jersey,50,"1,350",27
"December 6, 2021",Women's Street Footwear,Northeast,Sports Direct,In-store,New Jersey,50,"1,625",33
"February 15, 2021",Women's Street Footwear,Northeast,Sports Direct,In-store,Rhode Island,30,600,20
"January 17, 2021",Women's Street Footwear,Northeast,Sports Direct,In-store,Rhode Island,30,750,25
"November 7, 2021",Women's Street Footwear,Northeast,Sports Direct,In-store,Rhode Island,50,"1,100",22
"December 6, 2021",Women's Street Footwear,Northeast,Sports Direct,In-store,Rhode Island,50,"1,375",28
"April 21, 2021",Men's Apparel,Northeast,West Gear,In-store,Maryland,45,225,5
"March 20, 2021",Men's Apparel,Northeast,West Gear,In-store,Maryland,45,338,8
"February 22, 2021",Men's Apparel,Northeast,West Gear,In-store,Maryland,45,563,13
"May 20, 2021",Men's Apparel,Northeast,West Gear,In-store,Maryland,50,625,13
"March 8, 2021",Men's Apparel,Northeast,West Gear,In-store,New York,55,"2,613",48
"April 9, 2021",Men's Apparel,Northeast,West Gear,In-store,New York,55,"2,613",48
"September 8, 2021",Men's Apparel,Northeast,West Gear,In-store,New York,55,"2,888",53
"February 10, 2021",Men's Apparel,Northeast,West Gear,In-store,New York,55,"3,025",55
"August 9, 2021",Men's Apparel,Northeast,West Gear,In-store,New York,55,"3,025",55
"May 8, 2021",Men's Apparel,Northeast,West Gear,In-store,New York,60,"3,150",53
"October 10, 2021",Men's Apparel,Northeast,West Gear,In-store,New York,60,"3,000",50
"November 9, 2021",Men's Apparel,Northeast,West Gear,In-store,New York,65,"3,575",55
"June 10, 2021",Men's Apparel,Northeast,West Gear,In-store,New York,65,"3,738",58
"July 8, 2021",Men's Apparel,Northeast,West Gear,In-store,New York,65,"3,900",60
"September 18, 2021",Men's Apparel,Northeast,West Gear,In-store,West Virginia,35,788,23
"March 16, 2021",Men's Apparel,Northeast,West Gear,In-store,West Virginia,40,900,23
"October 17, 2021",Men's Apparel,Northeast,West Gear,In-store,West Virginia,45,788,18
"May 18, 2021",Men's Apparel,Northeast,West Gear,In-store,West Virginia,45,"1,013",23
"June 17, 2021",Men's Apparel,Northeast,West Gear,In-store,West Virginia,45,"1,238",28
"February 17, 2021",Men's Apparel,Northeast,West Gear,In-store,West Virginia,50,"1,250",25
"August 17, 2021",Men's Apparel,Northeast,West Gear,In-store,West Virginia,50,"1,250",25
"July 16, 2021",Men's Apparel,Northeast,West Gear,In-store,West Virginia,60,"1,800",30
"April 17, 2021",Men's Apparel,Northeast,West Gear,In-store,West Virginia,65,"1,300",20
"April 21, 2021",Men's Athletic Footwear,Northeast,West Gear,In-store,Maryland,35,438,13
"March 20, 2021",Men's Athletic Footwear,Northeast,West Gear,In-store,Maryland,35,525,15
"May 20, 2021",Men's Athletic Footwear,Northeast,West Gear,In-store,Maryland,45,788,18
"June 22, 2021",Men's Athletic Footwear,Northeast,West Gear,In-store,Maryland,45,"1,125",25
"April 9, 2021",Men's Athletic Footwear,Northeast,West Gear,In-store,New York,45,"2,363",53
"March 8, 2021",Men's Athletic Footwear,Northeast,West Gear,In-store,New York,45,"2,475",55
"November 9, 2021",Men's Athletic Footwear,Northeast,West Gear,In-store,New York,50,"3,000",60
"October 10, 2021",Men's Athletic Footwear,Northeast,West Gear,In-store,New York,50,"3,125",63
"September 8, 2021",Men's Athletic Footwear,Northeast,West Gear,In-store,New York,50,"3,250",65
"May 8, 2021",Men's Athletic Footwear,Northeast,West Gear,In-store,New York,55,"3,163",58
"June 10, 2021",Men's Athletic Footwear,Northeast,West Gear,In-store,New York,55,"3,438",63
"December 8, 2021",Men's Athletic Footwear,Northeast,West Gear,In-store,New York,55,"3,713",68
"July 8, 2021",Men's Athletic Footwear,Northeast,West Gear,In-store,New York,60,"4,200",70
"August 9, 2021",Men's Athletic Footwear,Northeast,West Gear,In-store,New York,60,"4,200",70
"November 11, 2021",Men's Athletic Footwear,Northeast,West Gear,In-store,Vermont,60,"1,950",33
"February 22, 2021",Men's Athletic Footwear,Northeast,West Gear,In-store,West Virginia,35,438,13
"April 17, 2021",Men's Athletic Footwear,Northeast,West Gear,In-store,West Virginia,30,750,25
"March 16, 2021",Men's Athletic Footwear,Northeast,West Gear,In-store,West Virginia,30,825,28
"September 18, 2021",Men's Athletic Footwear,Northeast,West Gear,In-store,West Virginia,30,"1,050",35
"October 17, 2021",Men's Athletic Footwear,Northeast,West Gear,In-store,West Virginia,35,963,28
"May 18, 2021",Men's Athletic Footwear,Northeast,West Gear,In-store,West Virginia,40,"1,200",30
"June 17, 2021",Men's Athletic Footwear,Northeast,West Gear,In-store,West Virginia,40,"1,700",43
"August 17, 2021",Men's Athletic Footwear,Northeast,West Gear,In-store,West Virginia,45,"1,350",30
"July 16, 2021",Men's Athletic Footwear,Northeast,West Gear,In-store,West Virginia,55,"2,200",40
"April 21, 2021",Men's Street Footwear,Northeast,West Gear,In-store,Maryland,35,"1,488",43
"March 20, 2021",Men's Street Footwear,Northeast,West Gear,In-store,Maryland,35,"1,558",45
"May 20, 2021",Men's Street Footwear,Northeast,West Gear,In-store,Maryland,50,"2,350",47
"June 22, 2021",Men's Street Footwear,Northeast,West Gear,In-store,Maryland,50,"2,500",50
"April 9, 2021",Men's Street Footwear,Northeast,West Gear,In-store,New York,45,"3,713",83
"March 8, 2021",Men's Street Footwear,Northeast,West Gear,In-store,New York,45,"3,915",87
"September 8, 2021",Men's Street Footwear,Northeast,West Gear,In-store,New York,55,"4,675",85
"May 8, 2021",Men's Street Footwear,Northeast,West Gear,In-store,New York,55,"4,785",87
"June 10, 2021",Men's Street Footwear,Northeast,West Gear,In-store,New York,60,"5,250",88
"November 9, 2021",Men's Street Footwear,Northeast,West Gear,In-store,New York,60,"4,650",78
"October 10, 2021",Men's Street Footwear,Northeast,West Gear,In-store,New York,60,"4,800",80
"December 8, 2021",Men's Street Footwear,Northeast,West Gear,In-store,New York,65,"5,688",88
"August 9, 2021",Men's Street Footwear,Northeast,West Gear,In-store,New York,65,"6,013",93
"July 8, 2021",Men's Street Footwear,Northeast,West Gear,In-store,New York,65,"6,175",95
"November 11, 2021",Men's Street Footwear,Northeast,West Gear,In-store,Vermont,70,"3,150",45
"April 17, 2021",Men's Street Footwear,Northeast,West Gear,In-store,West Virginia,30,"1,650",55
"March 16, 2021",Men's Street Footwear,Northeast,West Gear,In-store,West Virginia,30,"1,710",57
"September 18, 2021",Men's Street Footwear,Northeast,West Gear,In-store,West Virginia,35,"1,925",55
"October 17, 2021",Men's Street Footwear,Northeast,West Gear,In-store,West Virginia,45,"1,913",43
"June 17, 2021",Men's Street Footwear,Northeast,West Gear,In-store,West Virginia,45,"2,700",60
"August 17, 2021",Men's Street Footwear,Northeast,West Gear,In-store,West Virginia,50,"2,625",53
"May 18, 2021",Men's Street Footwear,Northeast,West Gear,In-store,West Virginia,60,"3,570",60
"July 16, 2021",Men's Street Footwear,Northeast,West Gear,In-store,West Virginia,60,"3,900",65
"March 20, 2021",Women's Apparel,Northeast,West Gear,In-store,Maryland,35,613,18
"April 21, 2021",Women's Apparel,Northeast,West Gear,In-store,Maryland,35,700,20
"February 22, 2021",Women's Apparel,Northeast,West Gear,In-store,Maryland,35,788,23
"May 20, 2021",Women's Apparel,Northeast,West Gear,In-store,Maryland,55,"1,375",25
"March 8, 2021",Women's Apparel,Northeast,West Gear,In-store,New York,45,"2,588",58
"April 9, 2021",Women's Apparel,Northeast,West Gear,In-store,New York,45,"2,700",60
"February 10, 2021",Women's Apparel,Northeast,West Gear,In-store,New York,45,"2,925",65
"September 8, 2021",Women's Apparel,Northeast,West Gear,In-store,New York,60,"3,750",63
"August 9, 2021",Women's Apparel,Northeast,West Gear,In-store,New York,60,"4,350",73
"May 8, 2021",Women's Apparel,Northeast,West Gear,In-store,New York,65,"4,063",63
"October 10, 2021",Women's Apparel,Northeast,West Gear,In-store,New York,65,"4,063",63
"November 9, 2021",Women's Apparel,Northeast,West Gear,In-store,New York,70,"4,550",65
"June 10, 2021",Women's Apparel,Northeast,West Gear,In-store,New York,70,"5,075",73
"July 8, 2021",Women's Apparel,Northeast,West Gear,In-store,New York,70,"5,425",78
"October 12, 2021",Women's Apparel,Northeast,West Gear,In-store,Vermont,75,"2,250",30
"February 17, 2021",Women's Apparel,Northeast,West Gear,In-store,West Virginia,25,875,35
"March 16, 2021",Women's Apparel,Northeast,West Gear,In-store,West Virginia,30,975,33
"September 18, 2021",Women's Apparel,Northeast,West Gear,In-store,West Virginia,40,"1,200",30
"April 17, 2021",Women's Apparel,Northeast,West Gear,In-store,West Virginia,50,"1,625",33
"May 18, 2021",Women's Apparel,Northeast,West Gear,In-store,West Virginia,55,"1,925",35
"August 17, 2021",Women's Apparel,Northeast,West Gear,In-store,West Virginia,55,"2,338",43
"June 17, 2021",Women's Apparel,Northeast,West Gear,In-store,West Virginia,65,"2,763",43
"July 16, 2021",Women's Apparel,Northeast,West Gear,In-store,West Virginia,65,"3,088",48
"March 20, 2021",Women's Athletic Footwear,Northeast,West Gear,In-store,Maryland,30,75,3
"February 22, 2021",Women's Athletic Footwear,Northeast,West Gear,In-store,Maryland,30,150,5
"April 21, 2021",Women's Athletic Footwear,Northeast,West Gear,In-store,Maryland,30,150,5
"May 20, 2021",Women's Athletic Footwear,Northeast,West Gear,In-store,Maryland,40,400,10
"March 8, 2021",Women's Athletic Footwear,Northeast,West Gear,In-store,New York,40,"1,700",43
"April 9, 2021",Women's Athletic Footwear,Northeast,West Gear,In-store,New York,40,"1,800",45
"February 10, 2021",Women's Athletic Footwear,Northeast,West Gear,In-store,New York,40,"1,900",48
"September 8, 2021",Women's Athletic Footwear,Northeast,West Gear,In-store,New York,45,"2,363",53
"August 9, 2021",Women's Athletic Footwear,Northeast,West Gear,In-store,New York,45,"2,588",58
"May 8, 2021",Women's Athletic Footwear,Northeast,West Gear,In-store,New York,50,"2,500",50
"June 10, 2021",Women's Athletic Footwear,Northeast,West Gear,In-store,New York,50,"2,875",58
"October 10, 2021",Women's Athletic Footwear,Northeast,West Gear,In-store,New York,50,"2,500",50
"November 9, 2021",Women's Athletic Footwear,Northeast,West Gear,In-store,New York,50,"2,875",58
"July 8, 2021",Women's Athletic Footwear,Northeast,West Gear,In-store,New York,55,"3,163",58
"March 16, 2021",Women's Athletic Footwear,Northeast,West Gear,In-store,West Virginia,25,438,18
"April 17, 2021",Women's Athletic Footwear,Northeast,West Gear,In-store,West Virginia,25,438,18
"September 18, 2021",Women's Athletic Footwear,Northeast,West Gear,In-store,West Virginia,25,563,23
"February 17, 2021",Women's Athletic Footwear,Northeast,West Gear,In-store,West Virginia,35,613,18
"October 17, 2021",Women's Athletic Footwear,Northeast,West Gear,In-store,West Virginia,35,613,18
"May 18, 2021",Women's Athletic Footwear,Northeast,West Gear,In-store,West Virginia,35,700,20
"June 17, 2021",Women's Athletic Footwear,Northeast,West Gear,In-store,West Virginia,35,963,28
"August 17, 2021",Women's Athletic Footwear,Northeast,West Gear,In-store,West Virginia,40,"1,100",28
"July 16, 2021",Women's Athletic Footwear,Northeast,West Gear,In-store,West Virginia,50,"1,375",28
"April 21, 2021",Women's Street Footwear,Northeast,West Gear,In-store,Maryland,25,313,13
"March 20, 2021",Women's Street Footwear,Northeast,West Gear,In-store,Maryland,25,438,18
"May 20, 2021",Women's Street Footwear,Northeast,West Gear,In-store,Maryland,40,600,15
"April 9, 2021",Women's Street Footwear,Northeast,West Gear,In-store,New York,35,"1,838",53
"March 8, 2021",Women's Street Footwear,Northeast,West Gear,In-store,New York,35,"2,013",58
"September 8, 2021",Women's Street Footwear,Northeast,West Gear,In-store,New York,45,"2,475",55
"May 8, 2021",Women's Street Footwear,Northeast,West Gear,In-store,New York,50,"2,750",55
"June 10, 2021",Women's Street Footwear,Northeast,West Gear,In-store,New York,50,"3,000",60
"October 10, 2021",Women's Street Footwear,Northeast,West Gear,In-store,New York,50,"2,625",53
"November 9, 2021",Women's Street Footwear,Northeast,West Gear,In-store,New York,50,"2,725",55
"July 8, 2021",Women's Street Footwear,Northeast,West Gear,In-store,New York,55,"3,438",63
"August 9, 2021",Women's Street Footwear,Northeast,West Gear,In-store,New York,55,"3,438",63
"November 11, 2021",Women's Street Footwear,Northeast,West Gear,In-store,Vermont,60,"1,920",32
"February 22, 2021",Women's Street Footwear,Northeast,West Gear,In-store,West Virginia,25,438,18
"April 17, 2021",Women's Street Footwear,Northeast,West Gear,In-store,West Virginia,20,500,25
"March 16, 2021",Women's Street Footwear,Northeast,West Gear,In-store,West Virginia,20,650,33
"September 18, 2021",Women's Street Footwear,Northeast,West Gear,In-store,West Virginia,25,625,25
"October 17, 2021",Women's Street Footwear,Northeast,West Gear,In-store,West Virginia,35,613,18
"May 18, 2021",Women's Street Footwear,Northeast,West Gear,In-store,West Virginia,35,963,28
"June 17, 2021",Women's Street Footwear,Northeast,West Gear,In-store,West Virginia,35,"1,050",30
"August 17, 2021",Women's Street Footwear,Northeast,West Gear,In-store,West Virginia,40,"1,200",30
"July 16, 2021",Women's Street Footwear,Northeast,West Gear,In-store,West Virginia,50,"1,625",33
"December 16, 2021",Women's Street Footwear,Northeast,West Gear,In-store,West Virginia,55,"2,200",40
"January 19, 2021",Men's Apparel,Southeast,Sports Direct,In-store,Virginia,45,"2,025",45
"February 17, 2021",Men's Athletic Footwear,Southeast,Sports Direct,In-store,Virginia,35,"1,575",45
"January 19, 2021",Men's Athletic Footwear,Southeast,Sports Direct,In-store,Virginia,35,"1,925",55
"January 19, 2021",Men's Street Footwear,Southeast,Sports Direct,In-store,Virginia,35,"2,625",75
"February 17, 2021",Men's Street Footwear,Southeast,Sports Direct,In-store,Virginia,35,"2,800",80
"January 19, 2021",Women's Apparel,Southeast,Sports Direct,In-store,Virginia,35,"1,925",55
"January 19, 2021",Women's Athletic Footwear,Southeast,Sports Direct,In-store,Virginia,30,"1,200",40
"February 17, 2021",Women's Street Footwear,Southeast,Sports Direct,In-store,Virginia,25,"1,250",50
"January 19, 2021",Women's Street Footwear,Southeast,Sports Direct,In-store,Virginia,25,"1,375",55
"January 12, 2021",Men's Apparel,Southeast,West Gear,In-store,Florida,55,"3,025",55
"February 10, 2021",Men's Athletic Footwear,Southeast,West Gear,In-store,Florida,45,"2,475",55
"January 12, 2021",Men's Athletic Footwear,Southeast,West Gear,In-store,Florida,45,"2,925",65
"January 12, 2021",Men's Street Footwear,Southeast,West Gear,In-store,Florida,45,"3,825",85
"February 10, 2021",Men's Street Footwear,Southeast,West Gear,In-store,Florida,45,"4,050",90
"January 12, 2021",Women's Apparel,Southeast,West Gear,In-store,Florida,45,"2,925",65
"January 12, 2021",Women's Athletic Footwear,Southeast,West Gear,In-store,Florida,40,"2,000",50
"February 10, 2021",Women's Street Footwear,Southeast,West Gear,In-store,Florida,35,"2,100",60
"January 12, 2021",Women's Street Footwear,Southeast,West Gear,In-store,Florida,35,"2,275",65
"December 10, 2021",Men's Apparel,West,Foot Locker,In-store,Wyoming,55,"2,750",50
"December 10, 2021",Women's Apparel,West,Foot Locker,In-store,Wyoming,60,"3,600",60
"December 10, 2021",Women's Athletic Footwear,West,Foot Locker,In-store,Wyoming,45,"2,250",50
"December 10, 2021",Women's Street Footwear,West,Foot Locker,In-store,Wyoming,45,"2,475",55
"April 11, 2021",Men's Apparel,West,Kohl's,In-store,Wyoming,50,"2,125",43
"March 10, 2021",Men's Apparel,West,Kohl's,In-store,Wyoming,50,"2,250",45
"May 10, 2021",Men's Apparel,West,Kohl's,In-store,Wyoming,50,"2,375",48
"February 12, 2021",Men's Apparel,West,Kohl's,In-store,Wyoming,50,"2,500",50
"June 12, 2021",Men's Apparel,West,Kohl's,In-store,Wyoming,50,"2,500",50
"August 11, 2021",Men's Apparel,West,Kohl's,In-store,Wyoming,50,"2,500",50
"September 10, 2021",Men's Apparel,West,Kohl's,In-store,Wyoming,50,"2,500",50
"July 10, 2021",Men's Apparel,West,Kohl's,In-store,Wyoming,50,"2,625",53
"October 12, 2021",Men's Apparel,West,Kohl's,In-store,Wyoming,55,"2,613",48
"November 11, 2021",Men's Apparel,West,Kohl's,In-store,Wyoming,55,"2,613",48
"April 11, 2021",Men's Athletic Footwear,West,Kohl's,In-store,Wyoming,40,"2,000",50
"March 10, 2021",Men's Athletic Footwear,West,Kohl's,In-store,Wyoming,40,"2,100",53
"May 10, 2021",Men's Athletic Footwear,West,Kohl's,In-store,Wyoming,45,"2,363",53
"November 11, 2021",Men's Athletic Footwear,West,Kohl's,In-store,Wyoming,45,"2,588",58
"June 12, 2021",Men's Athletic Footwear,West,Kohl's,In-store,Wyoming,45,"2,700",60
"September 10, 2021",Men's Athletic Footwear,West,Kohl's,In-store,Wyoming,45,"2,700",60
"October 12, 2021",Men's Athletic Footwear,West,Kohl's,In-store,Wyoming,45,"2,700",60
"December 10, 2021",Men's Athletic Footwear,West,Kohl's,In-store,Wyoming,45,"2,700",60
"July 10, 2021",Men's Athletic Footwear,West,Kohl's,In-store,Wyoming,45,"2,813",63
"August 11, 2021",Men's Athletic Footwear,West,Kohl's,In-store,Wyoming,45,"2,813",63
"April 11, 2021",Men's Street Footwear,West,Kohl's,In-store,Wyoming,40,"3,200",80
"March 10, 2021",Men's Street Footwear,West,Kohl's,In-store,Wyoming,40,"3,280",82
"September 10, 2021",Men's Street Footwear,West,Kohl's,In-store,Wyoming,50,"4,000",80
"May 10, 2021",Men's Street Footwear,West,Kohl's,In-store,Wyoming,50,"4,100",82
"June 12, 2021",Men's Street Footwear,West,Kohl's,In-store,Wyoming,50,"4,250",85
"August 11, 2021",Men's Street Footwear,West,Kohl's,In-store,Wyoming,50,"4,250",85
"July 10, 2021",Men's Street Footwear,West,Kohl's,In-store,Wyoming,50,"4,375",88
"November 11, 2021",Men's Street Footwear,West,Kohl's,In-store,Wyoming,55,"4,125",75
"October 12, 2021",Men's Street Footwear,West,Kohl's,In-store,Wyoming,55,"4,263",78
"December 10, 2021",Men's Street Footwear,West,Kohl's,In-store,Wyoming,55,"4,400",80
"March 10, 2021",Women's Apparel,West,Kohl's,In-store,Wyoming,40,"2,200",55
"April 11, 2021",Women's Apparel,West,Kohl's,In-store,Wyoming,40,"2,200",55
"February 12, 2021",Women's Apparel,West,Kohl's,In-store,Wyoming,40,"2,400",60
"May 10, 2021",Women's Apparel,West,Kohl's,In-store,Wyoming,55,"3,300",60
"September 10, 2021",Women's Apparel,West,Kohl's,In-store,Wyoming,55,"3,300",60
"June 12, 2021",Women's Apparel,West,Kohl's,In-store,Wyoming,55,"3,575",65
"August 11, 2021",Women's Apparel,West,Kohl's,In-store,Wyoming,55,"3,713",68
"July 10, 2021",Women's Apparel,West,Kohl's,In-store,Wyoming,55,"3,850",70
"November 11, 2021",Women's Apparel,West,Kohl's,In-store,Wyoming,60,"3,450",58
"October 12, 2021",Women's Apparel,West,Kohl's,In-store,Wyoming,60,"3,600",60
"March 10, 2021",Women's Athletic Footwear,West,Kohl's,In-store,Wyoming,35,"1,400",40
"February 12, 2021",Women's Athletic Footwear,West,Kohl's,In-store,Wyoming,35,"1,488",43
"April 11, 2021",Women's Athletic Footwear,West,Kohl's,In-store,Wyoming,35,"1,488",43
"May 10, 2021",Women's Athletic Footwear,West,Kohl's,In-store,Wyoming,40,"1,800",45
"June 12, 2021",Women's Athletic Footwear,West,Kohl's,In-store,Wyoming,40,"2,000",50
"July 10, 2021",Women's Athletic Footwear,West,Kohl's,In-store,Wyoming,40,"2,000",50
"September 10, 2021",Women's Athletic Footwear,West,Kohl's,In-store,Wyoming,40,"2,000",50
"August 11, 2021",Women's Athletic Footwear,West,Kohl's,In-store,Wyoming,40,"2,100",53
"October 12, 2021",Women's Athletic Footwear,West,Kohl's,In-store,Wyoming,45,"2,138",48
"November 11, 2021",Women's Athletic Footwear,West,Kohl's,In-store,Wyoming,45,"2,250",50
"April 11, 2021",Women's Street Footwear,West,Kohl's,In-store,Wyoming,30,"1,500",50
"March 10, 2021",Women's Street Footwear,West,Kohl's,In-store,Wyoming,30,"1,650",55
"May 10, 2021",Women's Street Footwear,West,Kohl's,In-store,Wyoming,40,"2,000",50
"June 12, 2021",Women's Street Footwear,West,Kohl's,In-store,Wyoming,40,"2,100",53
"September 10, 2021",Women's Street Footwear,West,Kohl's,In-store,Wyoming,40,"2,100",53
"July 10, 2021",Women's Street Footwear,West,Kohl's,In-store,Wyoming,40,"2,200",55
"August 11, 2021",Women's Street Footwear,West,Kohl's,In-store,Wyoming,40,"2,200",55
"October 12, 2021",Women's Street Footwear,West,Kohl's,In-store,Wyoming,45,"2,250",50
"November 11, 2021",Women's Street Footwear,West,Kohl's,In-store,Wyoming,45,"2,340",52
"September 12, 2021",Men's Apparel,West,West Gear,In-store,Utah,20,650,33
"October 11, 2021",Men's Apparel,West,West Gear,In-store,Utah,30,825,28
"August 11, 2021",Men's Apparel,West,West Gear,In-store,Utah,30,"1,050",35
"April 11, 2021",Men's Apparel,West,West Gear,In-store,Utah,35,963,28
"February 11, 2021",Men's Apparel,West,West Gear,In-store,Utah,35,"1,313",38
"June 11, 2021",Men's Apparel,West,West Gear,In-store,Utah,35,"1,400",40
"July 10, 2021",Men's Apparel,West,West Gear,In-store,Utah,35,"1,488",43
"March 10, 2021",Men's Apparel,West,West Gear,In-store,Utah,40,"1,200",30
"May 12, 2021",Men's Apparel,West,West Gear,In-store,Utah,40,"1,200",30
"November 11, 2021",Men's Apparel,West,West Gear,In-store,Utah,40,"1,400",35
"December 10, 2021",Men's Apparel,West,West Gear,In-store,Utah,40,"1,600",40
"October 11, 2021",Men's Athletic Footwear,West,West Gear,In-store,Utah,20,800,40
"November 11, 2021",Men's Athletic Footwear,West,West Gear,In-store,Utah,20,800,40
"April 11, 2021",Men's Athletic Footwear,West,West Gear,In-store,Utah,25,813,33
"June 11, 2021",Men's Athletic Footwear,West,West Gear,In-store,Utah,25,"1,000",40
"September 12, 2021",Men's Athletic Footwear,West,West Gear,In-store,Utah,25,"1,125",45
"March 10, 2021",Men's Athletic Footwear,West,West Gear,In-store,Utah,30,"1,050",35
"December 10, 2021",Men's Athletic Footwear,West,West Gear,In-store,Utah,30,"1,500",50
"May 12, 2021",Men's Athletic Footwear,West,West Gear,In-store,Utah,30,"1,125",38
"July 10, 2021",Men's Athletic Footwear,West,West Gear,In-store,Utah,30,"1,650",55
"August 11, 2021",Men's Athletic Footwear,West,West Gear,In-store,Utah,35,"1,838",53
"October 11, 2021",Men's Street Footwear,West,West Gear,In-store,Utah,30,"1,725",58
"November 11, 2021",Men's Street Footwear,West,West Gear,In-store,Utah,30,"1,650",55
"April 11, 2021",Men's Street Footwear,West,West Gear,In-store,Utah,30,"1,875",63
"June 11, 2021",Men's Street Footwear,West,West Gear,In-store,Utah,30,"1,950",65
"September 12, 2021",Men's Street Footwear,West,West Gear,In-store,Utah,30,"1,950",65
"March 10, 2021",Men's Street Footwear,West,West Gear,In-store,Utah,30,"2,010",67
"May 12, 2021",Men's Street Footwear,West,West Gear,In-store,Utah,35,"2,345",67
"August 11, 2021",Men's Street Footwear,West,West Gear,In-store,Utah,35,"2,625",75
"July 10, 2021",Men's Street Footwear,West,West Gear,In-store,Utah,35,"2,800",80
"December 10, 2021",Men's Street Footwear,West,West Gear,In-store,Utah,40,"2,800",70
"February 11, 2021",Women's Apparel,West,West Gear,In-store,Utah,25,"1,125",45
"April 11, 2021",Women's Apparel,West,West Gear,In-store,Utah,25,"1,000",40
"September 12, 2021",Women's Apparel,West,West Gear,In-store,Utah,25,"1,000",40
"March 10, 2021",Women's Apparel,West,West Gear,In-store,Utah,30,"1,200",40
"October 11, 2021",Women's Apparel,West,West Gear,In-store,Utah,35,"1,400",40
"August 11, 2021",Women's Apparel,West,West Gear,In-store,Utah,35,"1,838",53
"June 11, 2021",Women's Apparel,West,West Gear,In-store,Utah,40,"2,300",58
"July 10, 2021",Women's Apparel,West,West Gear,In-store,Utah,40,"2,400",60
"November 11, 2021",Women's Apparel,West,West Gear,In-store,Utah,45,"2,025",45
"December 10, 2021",Women's Apparel,West,West Gear,In-store,Utah,45,"2,250",50
"May 12, 2021",Women's Apparel,West,West Gear,In-store,Utah,45,"1,800",40
"September 12, 2021",Women's Athletic Footwear,West,West Gear,In-store,Utah,10,325,33
"April 11, 2021",Women's Athletic Footwear,West,West Gear,In-store,Utah,20,500,25
"October 11, 2021",Women's Athletic Footwear,West,West Gear,In-store,Utah,20,550,28
"February 11, 2021",Women's Athletic Footwear,West,West Gear,In-store,Utah,20,600,30
"August 11, 2021",Women's Athletic Footwear,West,West Gear,In-store,Utah,20,750,38
"November 11, 2021",Women's Athletic Footwear,West,West Gear,In-store,Utah,20,750,38
"June 11, 2021",Women's Athletic Footwear,West,West Gear,In-store,Utah,20,800,40
"March 10, 2021",Women's Athletic Footwear,West,West Gear,In-store,Utah,25,625,25
"May 12, 2021",Women's Athletic Footwear,West,West Gear,In-store,Utah,25,688,28
"July 10, 2021",Women's Athletic Footwear,West,West Gear,In-store,Utah,25,"1,063",43
"December 10, 2021",Women's Athletic Footwear,West,West Gear,In-store,Utah,30,"1,200",40
"September 12, 2021",Women's Street Footwear,West,West Gear,In-store,Utah,10,350,35
"April 11, 2021",Women's Street Footwear,West,West Gear,In-store,Utah,15,488,33
"October 11, 2021",Women's Street Footwear,West,West Gear,In-store,Utah,20,600,30
"November 11, 2021",Women's Street Footwear,West,West Gear,In-store,Utah,20,690,35
"March 10, 2021",Women's Street Footwear,West,West Gear,In-store,Utah,20,800,40
"June 11, 2021",Women's Street Footwear,West,West Gear,In-store,Utah,20,850,43
"May 12, 2021",Women's Street Footwear,West,West Gear,In-store,Utah,25,875,35
"July 10, 2021",Women's Street Footwear,West,West Gear,In-store,Utah,25,"1,188",48
"August 11, 2021",Women's Street Footwear,West,West Gear,In-store,Utah,30,"1,350",45
"December 10, 2021",Women's Street Footwear,West,West Gear,In-store,Utah,30,"1,350",45
"January 10, 2021",Men's Athletic Footwear,Northeast,West Gear,Online,Maine,41,45,11
"January 3, 2020",Men's Athletic Footwear,Northeast,West Gear,Online,Pennsylvania,44,51,12
"January 10, 2021",Men's Street Footwear,Northeast,West Gear,Online,Maine,33,32,10
"January 2, 2020",Men's Street Footwear,Northeast,West Gear,Online,Pennsylvania,32,39,12
"January 10, 2021",Women's Athletic Footwear,Northeast,West Gear,Online,Maine,43,25,6
"January 5, 2020",Women's Athletic Footwear,Northeast,West Gear,Online,Pennsylvania,43,37,9
"January 10, 2021",Women's Street Footwear,Northeast,West Gear,Online,Maine,43,43,10
"January 4, 2020",Women's Street Footwear,Northeast,West Gear,Online,Pennsylvania,41,48,12
"December 16, 2021",Men's Apparel,South,Foot Locker,Online,Louisiana,85,"4,463",53
"December 16, 2021",Men's Apparel,South,Foot Locker,Online,Louisiana,82,107,13
"December 16, 2021",Women's Apparel,South,Foot Locker,Online,Louisiana,90,"5,625",63
"December 16, 2021",Women's Apparel,South,Foot Locker,Online,Louisiana,87,152,18
"December 16, 2021",Women's Athletic Footwear,South,Foot Locker,Online,Louisiana,75,"4,500",60
"December 16, 2021",Women's Athletic Footwear,South,Foot Locker,Online,Louisiana,72,112,16
"December 16, 2021",Women's Street Footwear,South,Foot Locker,Online,Louisiana,75,"4,500",60
"December 16, 2021",Women's Street Footwear,South,Foot Locker,Online,Louisiana,69,112,16
"October 17, 2021",Men's Apparel,South,West Gear,Online,Louisiana,50,"1,750",35
"September 18, 2021",Men's Apparel,South,West Gear,Online,Louisiana,55,"1,513",28
"August 17, 2021",Men's Apparel,South,West Gear,Online,Louisiana,65,"3,088",48
"November 17, 2021",Men's Apparel,South,West Gear,Online,Louisiana,70,"3,325",48
"June 17, 2021",Men's Apparel,South,West Gear,Online,Louisiana,95,"4,275",45
"July 16, 2021",Men's Apparel,South,West Gear,Online,Louisiana,95,"6,175",65
"September 18, 2021",Men's Apparel,South,West Gear,Online,Louisiana,51,39,8
"November 17, 2021",Men's Apparel,South,West Gear,Online,Louisiana,68,81,12
"April 17, 2021",Men's Apparel,South,West Gear,Online,Louisiana,43,23,5
"June 17, 2021",Men's Apparel,South,West Gear,Online,Louisiana,92,108,12
"July 16, 2021",Men's Apparel,South,West Gear,Online,Louisiana,86,163,19
"May 18, 2021",Men's Apparel,South,West Gear,Online,Louisiana,36,23,7
"October 17, 2021",Men's Apparel,South,West Gear,Online,Louisiana,47,45,10
"August 17, 2021",Men's Apparel,South,West Gear,Online,Louisiana,64,88,14
"February 17, 2021",Men's Apparel,South,West Gear,Online,Louisiana,48,24,5
"March 16, 2021",Men's Apparel,South,West Gear,Online,Louisiana,56,22,4
"November 17, 2021",Men's Athletic Footwear,South,West Gear,Online,Louisiana,45,"3,150",70
"September 18, 2021",Men's Athletic Footwear,South,West Gear,Online,Louisiana,50,"2,500",50
"October 17, 2021",Men's Athletic Footwear,South,West Gear,Online,Louisiana,50,"2,875",58
"June 17, 2021",Men's Athletic Footwear,South,West Gear,Online,Louisiana,70,"4,900",70
"December 16, 2021",Men's Athletic Footwear,South,West Gear,Online,Louisiana,80,"6,400",80
"August 17, 2021",Men's Athletic Footwear,South,West Gear,Online,Louisiana,85,"7,013",83
"July 16, 2021",Men's Athletic Footwear,South,West Gear,Online,Louisiana,95,"7,125",75
"April 17, 2021",Men's Athletic Footwear,South,West Gear,Online,Louisiana,52,46,9
"December 16, 2021",Men's Athletic Footwear,South,West Gear,Online,Louisiana,72,156,22
"September 18, 2021",Men's Athletic Footwear,South,West Gear,Online,Louisiana,46,58,13
"August 17, 2021",Men's Athletic Footwear,South,West Gear,Online,Louisiana,77,184,24
"November 17, 2021",Men's Athletic Footwear,South,West Gear,Online,Louisiana,42,88,21
"May 18, 2021",Men's Athletic Footwear,South,West Gear,Online,Louisiana,47,47,10
"June 17, 2021",Men's Athletic Footwear,South,West Gear,Online,Louisiana,65,137,21
"October 17, 2021",Men's Athletic Footwear,South,West Gear,Online,Louisiana,45,70,16
"March 16, 2021",Men's Athletic Footwear,South,West Gear,Online,Louisiana,51,52,10
"July 16, 2021",Men's Athletic Footwear,South,West Gear,Online,Louisiana,92,187,20
"November 2, 2020",Men's Athletic Footwear,South,West Gear,Online,Texas,49,95,19
"October 17, 2021",Men's Street Footwear,South,West Gear,Online,Louisiana,35,"1,400",40
"November 17, 2021",Men's Street Footwear,South,West Gear,Online,Louisiana,40,"2,500",63
"September 18, 2021",Men's Street Footwear,South,West Gear,Online,Louisiana,45,"2,250",50
"June 17, 2021",Men's Street Footwear,South,West Gear,Online,Louisiana,60,"4,950",83
"December 16, 2021",Men's Street Footwear,South,West Gear,Online,Louisiana,70,"5,600",80
"July 16, 2021",Men's Street Footwear,South,West Gear,Online,Louisiana,90,"8,100",90
"August 17, 2021",Men's Street Footwear,South,West Gear,Online,Louisiana,95,"8,075",85
"November 17, 2021",Men's Street Footwear,South,West Gear,Online,Louisiana,39,73,19
"March 16, 2021",Men's Street Footwear,South,West Gear,Online,Louisiana,44,65,15
"June 17, 2021",Men's Street Footwear,South,West Gear,Online,Louisiana,58,144,25
"August 17, 2021",Men's Street Footwear,South,West Gear,Online,Louisiana,86,219,26
"April 17, 2021",Men's Street Footwear,South,West Gear,Online,Louisiana,48,68,14
"December 16, 2021",Men's Street Footwear,South,West Gear,Online,Louisiana,69,166,24
"May 18, 2021",Men's Street Footwear,South,West Gear,Online,Louisiana,43,69,16
"July 16, 2021",Men's Street Footwear,South,West Gear,Online,Louisiana,86,232,27
"October 17, 2021",Men's Street Footwear,South,West Gear,Online,Louisiana,34,38,11
"September 18, 2021",Men's Street Footwear,South,West Gear,Online,Louisiana,43,62,15
"November 1, 2020",Men's Street Footwear,South,West Gear,Online,Texas,37,77,21
"September 18, 2021",Women's Apparel,South,West Gear,Online,Louisiana,40,"1,200",30
"October 17, 2021",Women's Apparel,South,West Gear,Online,Louisiana,55,"2,200",40
"May 18, 2021",Women's Apparel,South,West Gear,Online,Louisiana,65,"3,738",58
"August 17, 2021",Women's Apparel,South,West Gear,Online,Louisiana,70,"2,100",30
"November 17, 2021",Women's Apparel,South,West Gear,Online,Louisiana,85,"5,100",60
"July 16, 2021",Women's Apparel,South,West Gear,Online,Louisiana,110,"7,150",65
"June 17, 2021",Women's Apparel,South,West Gear,Online,Louisiana,110,"8,250",75
"March 16, 2021",Women's Apparel,South,West Gear,Online,Louisiana,41,39,10
"May 18, 2021",Women's Apparel,South,West Gear,Online,Louisiana,59,99,17
"October 17, 2021",Women's Apparel,South,West Gear,Online,Louisiana,50,54,11
"February 17, 2021",Women's Apparel,South,West Gear,Online,Louisiana,44,46,11
"November 17, 2021",Women's Apparel,South,West Gear,Online,Louisiana,81,141,17
"June 17, 2021",Women's Apparel,South,West Gear,Online,Louisiana,100,195,20
"July 16, 2021",Women's Apparel,South,West Gear,Online,Louisiana,103,168,16
"August 17, 2021",Women's Apparel,South,West Gear,Online,Louisiana,63,57,9
"September 18, 2021",Women's Apparel,South,West Gear,Online,Louisiana,39,29,8
"April 17, 2021",Women's Apparel,South,West Gear,Online,Louisiana,55,58,11
"October 17, 2021",Women's Athletic Footwear,South,West Gear,Online,Louisiana,40,"1,500",38
"September 18, 2021",Women's Athletic Footwear,South,West Gear,Online,Louisiana,45,"1,125",25
"November 17, 2021",Women's Athletic Footwear,South,West Gear,Online,Louisiana,50,"2,500",50
"August 17, 2021",Women's Athletic Footwear,South,West Gear,Online,Louisiana,75,"3,563",48
"June 17, 2021",Women's Athletic Footwear,South,West Gear,Online,Louisiana,85,"4,888",58
"July 16, 2021",Women's Athletic Footwear,South,West Gear,Online,Louisiana,90,"5,400",60
"October 17, 2021",Women's Athletic Footwear,South,West Gear,Online,Louisiana,36,38,11
"November 17, 2021",Women's Athletic Footwear,South,West Gear,Online,Louisiana,48,60,13
"September 18, 2021",Women's Athletic Footwear,South,West Gear,Online,Louisiana,41,26,6
"May 18, 2021",Women's Athletic Footwear,South,West Gear,Online,Louisiana,44,37,9
"April 17, 2021",Women's Athletic Footwear,South,West Gear,Online,Louisiana,39,29,7
"August 17, 2021",Women's Athletic Footwear,South,West Gear,Online,Louisiana,74,95,13
"July 16, 2021",Women's Athletic Footwear,South,West Gear,Online,Louisiana,86,144,17
"February 17, 2021",Women's Athletic Footwear,South,West Gear,Online,Louisiana,44,32,7
"March 16, 2021",Women's Athletic Footwear,South,West Gear,Online,Louisiana,50,42,8
"June 17, 2021",Women's Athletic Footwear,South,West Gear,Online,Louisiana,82,132,16
"November 4, 2020",Women's Athletic Footwear,South,West Gear,Online,Texas,48,84,18
"November 17, 2021",Women's Street Footwear,South,West Gear,Online,Louisiana,40,"2,100",53
"September 18, 2021",Women's Street Footwear,South,West Gear,Online,Louisiana,45,"1,350",30
"October 17, 2021",Women's Street Footwear,South,West Gear,Online,Louisiana,45,"1,800",40
"August 17, 2021",Women's Street Footwear,South,West Gear,Online,Louisiana,75,"5,250",70
"June 17, 2021",Women's Street Footwear,South,West Gear,Online,Louisiana,85,"5,950",70
"July 16, 2021",Women's Street Footwear,South,West Gear,Online,Louisiana,95,"6,650",70
"October 17, 2021",Women's Street Footwear,South,West Gear,Online,Louisiana,42,42,10
"May 18, 2021",Women's Street Footwear,South,West Gear,Online,Louisiana,49,55,11
"April 17, 2021",Women's Street Footwear,South,West Gear,Online,Louisiana,52,55,11
"November 17, 2021",Women's Street Footwear,South,West Gear,Online,Louisiana,38,52,14
"September 18, 2021",Women's Street Footwear,South,West Gear,Online,Louisiana,43,34,8
"July 16, 2021",Women's Street Footwear,South,West Gear,Online,Louisiana,90,176,20
"March 16, 2021",Women's Street Footwear,South,West Gear,Online,Louisiana,56,65,12
"August 17, 2021",Women's Street Footwear,South,West Gear,Online,Louisiana,70,132,19
"June 17, 2021",Women's Street Footwear,South,West Gear,Online,Louisiana,83,168,20
"November 3, 2020",Women's Street Footwear,South,West Gear,Online,Texas,46,100,22
"December 12, 2021",Men's Apparel,Southeast,Foot Locker,Online,Georgia,65,"2,600",40
"December 12, 2021",Men's Apparel,Southeast,Foot Locker,Online,Georgia,64,74,12
"September 25, 2021",Men's Apparel,Southeast,Foot Locker,Online,Virginia,58,32,6
"April 24, 2021",Men's Apparel,Southeast,Foot Locker,Online,Virginia,49,17,4
"August 24, 2021",Men's Apparel,Southeast,Foot Locker,Online,Virginia,64,68,11
"June 24, 2021",Men's Apparel,Southeast,Foot Locker,Online,Virginia,81,84,10
"March 23, 2021",Men's Apparel,Southeast,Foot Locker,Online,Virginia,51,15,3
"May 25, 2021",Men's Apparel,Southeast,Foot Locker,Online,Virginia,44,22,5
"October 24, 2021",Men's Apparel,Southeast,Foot Locker,Online,Virginia,53,46,9
"February 24, 2021",Men's Apparel,Southeast,Foot Locker,Online,Virginia,42,16,4
"November 24, 2021",Men's Apparel,Southeast,Foot Locker,Online,Virginia,73,81,11
"July 23, 2021",Men's Apparel,Southeast,Foot Locker,Online,Virginia,85,138,16
"May 25, 2021",Men's Athletic Footwear,Southeast,Foot Locker,Online,Virginia,51,50,10
"December 23, 2021",Men's Athletic Footwear,Southeast,Foot Locker,Online,Virginia,74,167,23
"September 25, 2021",Men's Athletic Footwear,Southeast,Foot Locker,Online,Virginia,52,59,11
"June 24, 2021",Men's Athletic Footwear,Southeast,Foot Locker,Online,Virginia,62,109,18
"March 23, 2021",Men's Athletic Footwear,Southeast,Foot Locker,Online,Virginia,45,38,9
"April 24, 2021",Men's Athletic Footwear,Southeast,Foot Locker,Online,Virginia,59,41,7
"August 24, 2021",Men's Athletic Footwear,Southeast,Foot Locker,Online,Virginia,76,154,20
"November 24, 2021",Men's Athletic Footwear,Southeast,Foot Locker,Online,Virginia,47,79,17
"October 24, 2021",Men's Athletic Footwear,Southeast,Foot Locker,Online,Virginia,51,72,14
"July 23, 2021",Men's Athletic Footwear,Southeast,Foot Locker,Online,Virginia,81,164,20
"October 24, 2021",Men's Street Footwear,Southeast,Foot Locker,Online,Virginia,38,39,10
"August 24, 2021",Men's Street Footwear,Southeast,Foot Locker,Online,Virginia,83,199,24
"May 25, 2021",Men's Street Footwear,Southeast,Foot Locker,Online,Virginia,46,58,13
"March 23, 2021",Men's Street Footwear,Southeast,Foot Locker,Online,Virginia,38,54,14
"November 24, 2021",Men's Street Footwear,Southeast,Foot Locker,Online,Virginia,42,65,16
"June 24, 2021",Men's Street Footwear,Southeast,Foot Locker,Online,Virginia,53,123,23
"December 23, 2021",Men's Street Footwear,Southeast,Foot Locker,Online,Virginia,60,135,23
"April 24, 2021",Men's Street Footwear,Southeast,Foot Locker,Online,Virginia,52,64,12
"September 25, 2021",Men's Street Footwear,Southeast,Foot Locker,Online,Virginia,46,52,11
"July 23, 2021",Men's Street Footwear,Southeast,Foot Locker,Online,Virginia,79,201,26
"December 12, 2021",Women's Apparel,Southeast,Foot Locker,Online,Georgia,70,"3,500",50
"December 12, 2021",Women's Apparel,Southeast,Foot Locker,Online,Georgia,64,86,14
"November 24, 2021",Women's Apparel,Southeast,Foot Locker,Online,Virginia,74,110,15
"July 23, 2021",Women's Apparel,Southeast,Foot Locker,Online,Virginia,96,173,18
"June 24, 2021",Women's Apparel,Southeast,Foot Locker,Online,Virginia,96,175,18
"March 23, 2021",Women's Apparel,Southeast,Foot Locker,Online,Virginia,49,38,8
"August 24, 2021",Women's Apparel,Southeast,Foot Locker,Online,Virginia,73,55,8
"February 24, 2021",Women's Apparel,Southeast,Foot Locker,Online,Virginia,38,31,8
"September 25, 2021",Women's Apparel,Southeast,Foot Locker,Online,Virginia,42,29,7
"May 25, 2021",Women's Apparel,Southeast,Foot Locker,Online,Virginia,56,85,15
"October 24, 2021",Women's Apparel,Southeast,Foot Locker,Online,Virginia,59,60,10
"April 24, 2021",Women's Apparel,Southeast,Foot Locker,Online,Virginia,64,50,8
"December 12, 2021",Women's Athletic Footwear,Southeast,Foot Locker,Online,Georgia,55,"2,613",48
"December 12, 2021",Women's Athletic Footwear,Southeast,Foot Locker,Online,Georgia,51,65,13
"March 23, 2021",Women's Athletic Footwear,Southeast,Foot Locker,Online,Virginia,48,31,7
"July 23, 2021",Women's Athletic Footwear,Southeast,Foot Locker,Online,Virginia,82,122,15
"April 24, 2021",Women's Athletic Footwear,Southeast,Foot Locker,Online,Virginia,42,24,6
"November 24, 2021",Women's Athletic Footwear,Southeast,Foot Locker,Online,Virginia,52,59,11
"October 24, 2021",Women's Athletic Footwear,Southeast,Foot Locker,Online,Virginia,41,40,10
"September 25, 2021",Women's Athletic Footwear,Southeast,Foot Locker,Online,Virginia,45,24,5
"August 24, 2021",Women's Athletic Footwear,Southeast,Foot Locker,Online,Virginia,66,73,11
"June 24, 2021",Women's Athletic Footwear,Southeast,Foot Locker,Online,Virginia,72,102,14
"February 24, 2021",Women's Athletic Footwear,Southeast,Foot Locker,Online,Virginia,38,22,6
"May 25, 2021",Women's Athletic Footwear,Southeast,Foot Locker,Online,Virginia,47,32,7
"December 12, 2021",Women's Street Footwear,Southeast,Foot Locker,Online,Georgia,55,"2,613",48
"December 12, 2021",Women's Street Footwear,Southeast,Foot Locker,Online,Georgia,53,73,14
"July 23, 2021",Women's Street Footwear,Southeast,Foot Locker,Online,Virginia,86,157,18
"October 24, 2021",Women's Street Footwear,Southeast,Foot Locker,Online,Virginia,46,44,10
"September 25, 2021",Women's Street Footwear,Southeast,Foot Locker,Online,Virginia,47,31,7
"November 24, 2021",Women's Street Footwear,Southeast,Foot Locker,Online,Virginia,43,59,14
"March 23, 2021",Women's Street Footwear,Southeast,Foot Locker,Online,Virginia,52,47,9
"August 24, 2021",Women's Street Footwear,Southeast,Foot Locker,Online,Virginia,69,130,19
"June 24, 2021",Women's Street Footwear,Southeast,Foot Locker,Online,Virginia,73,142,20
"April 24, 2021",Women's Street Footwear,Southeast,Foot Locker,Online,Virginia,57,48,9
"May 25, 2021",Women's Street Footwear,Southeast,Foot Locker,Online,Virginia,50,44,9
"February 17, 2021",Men's Apparel,Southeast,Sports Direct,Online,Florida,52,31,6
"March 16, 2021",Men's Apparel,Southeast,Sports Direct,Online,Florida,61,27,4
"February 13, 2021",Men's Apparel,Southeast,Sports Direct,Online,Georgia,45,788,18
"March 12, 2021",Men's Apparel,Southeast,Sports Direct,Online,Georgia,55,825,15
"April 13, 2021",Men's Apparel,Southeast,Sports Direct,Online,Georgia,55,963,18
"May 14, 2021",Men's Apparel,Southeast,Sports Direct,Online,Georgia,55,"1,238",23
"June 13, 2021",Men's Apparel,Southeast,Sports Direct,Online,Georgia,55,"1,513",28
"October 13, 2021",Men's Apparel,Southeast,Sports Direct,Online,Georgia,55,"1,650",30
"September 14, 2021",Men's Apparel,Southeast,Sports Direct,Online,Georgia,55,"2,200",40
"July 12, 2021",Men's Apparel,Southeast,Sports Direct,Online,Georgia,55,"2,613",48
"November 13, 2021",Men's Apparel,Southeast,Sports Direct,Online,Georgia,65,"2,275",35
"August 13, 2021",Men's Apparel,Southeast,Sports Direct,Online,Georgia,65,"2,925",45
"October 13, 2021",Men's Apparel,Southeast,Sports Direct,Online,Georgia,50,45,9
"March 12, 2021",Men's Apparel,Southeast,Sports Direct,Online,Georgia,51,20,4
"November 13, 2021",Men's Apparel,Southeast,Sports Direct,Online,Georgia,60,61,10
"February 13, 2021",Men's Apparel,Southeast,Sports Direct,Online,Georgia,41,21,5
"May 14, 2021",Men's Apparel,Southeast,Sports Direct,Online,Georgia,50,28,6
"June 13, 2021",Men's Apparel,Southeast,Sports Direct,Online,Georgia,51,37,7
"April 13, 2021",Men's Apparel,Southeast,Sports Direct,Online,Georgia,52,28,5
"September 14, 2021",Men's Apparel,Southeast,Sports Direct,Online,Georgia,54,54,10
"July 12, 2021",Men's Apparel,Southeast,Sports Direct,Online,Georgia,54,75,14
"August 13, 2021",Men's Apparel,Southeast,Sports Direct,Online,Georgia,60,76,13
"December 23, 2021",Men's Apparel,Southeast,Sports Direct,Online,Virginia,72,96,13
"March 16, 2021",Men's Athletic Footwear,Southeast,Sports Direct,Online,Florida,58,58,10
"March 12, 2021",Men's Athletic Footwear,Southeast,Sports Direct,Online,Georgia,50,"1,875",38
"October 13, 2021",Men's Athletic Footwear,Southeast,Sports Direct,Online,Georgia,50,"2,625",53
"September 14, 2021",Men's Athletic Footwear,Southeast,Sports Direct,Online,Georgia,50,"3,000",60
"April 13, 2021",Men's Athletic Footwear,Southeast,Sports Direct,Online,Georgia,55,"1,788",33
"May 14, 2021",Men's Athletic Footwear,Southeast,Sports Direct,Online,Georgia,55,"2,200",40
"June 13, 2021",Men's Athletic Footwear,Southeast,Sports Direct,Online,Georgia,55,"2,888",53
"July 12, 2021",Men's Athletic Footwear,Southeast,Sports Direct,Online,Georgia,55,"3,163",58
"November 13, 2021",Men's Athletic Footwear,Southeast,Sports Direct,Online,Georgia,60,"3,450",58
"August 13, 2021",Men's Athletic Footwear,Southeast,Sports Direct,Online,Georgia,60,"3,750",63
"December 12, 2021",Men's Athletic Footwear,Southeast,Sports Direct,Online,Georgia,60,"4,050",68
"April 13, 2021",Men's Athletic Footwear,Southeast,Sports Direct,Online,Georgia,51,45,9
"July 12, 2021",Men's Athletic Footwear,Southeast,Sports Direct,Online,Georgia,51,88,17
"June 13, 2021",Men's Athletic Footwear,Southeast,Sports Direct,Online,Georgia,54,79,15
"October 13, 2021",Men's Athletic Footwear,Southeast,Sports Direct,Online,Georgia,47,67,14
"May 14, 2021",Men's Athletic Footwear,Southeast,Sports Direct,Online,Georgia,52,56,11
"August 13, 2021",Men's Athletic Footwear,Southeast,Sports Direct,Online,Georgia,58,102,18
"March 12, 2021",Men's Athletic Footwear,Southeast,Sports Direct,Online,Georgia,46,46,10
"December 12, 2021",Men's Athletic Footwear,Southeast,Sports Direct,Online,Georgia,58,110,19
"November 13, 2021",Men's Athletic Footwear,Southeast,Sports Direct,Online,Georgia,58,100,17
"September 14, 2021",Men's Athletic Footwear,Southeast,Sports Direct,Online,Georgia,47,73,16
"March 16, 2021",Men's Street Footwear,Southeast,Sports Direct,Online,Florida,46,74,16
"March 12, 2021",Men's Street Footwear,Southeast,Sports Direct,Online,Georgia,40,"2,100",53
"October 13, 2021",Men's Street Footwear,Southeast,Sports Direct,Online,Georgia,45,"2,363",53
"September 14, 2021",Men's Street Footwear,Southeast,Sports Direct,Online,Georgia,45,"2,700",60
"April 13, 2021",Men's Street Footwear,Southeast,Sports Direct,Online,Georgia,50,"2,625",53
"May 14, 2021",Men's Street Footwear,Southeast,Sports Direct,Online,Georgia,50,"2,750",55
"June 13, 2021",Men's Street Footwear,Southeast,Sports Direct,Online,Georgia,50,"3,375",68
"July 12, 2021",Men's Street Footwear,Southeast,Sports Direct,Online,Georgia,50,"3,625",73
"November 13, 2021",Men's Street Footwear,Southeast,Sports Direct,Online,Georgia,55,"2,888",53
"August 13, 2021",Men's Street Footwear,Southeast,Sports Direct,Online,Georgia,55,"3,713",68
"December 12, 2021",Men's Street Footwear,Southeast,Sports Direct,Online,Georgia,55,"3,713",68
"March 12, 2021",Men's Street Footwear,Southeast,Sports Direct,Online,Georgia,37,51,14
"July 12, 2021",Men's Street Footwear,Southeast,Sports Direct,Online,Georgia,47,92,20
"October 13, 2021",Men's Street Footwear,Southeast,Sports Direct,Online,Georgia,42,55,13
"April 13, 2021",Men's Street Footwear,Southeast,Sports Direct,Online,Georgia,45,64,14
"November 13, 2021",Men's Street Footwear,Southeast,Sports Direct,Online,Georgia,51,70,14
"August 13, 2021",Men's Street Footwear,Southeast,Sports Direct,Online,Georgia,53,96,18
"June 13, 2021",Men's Street Footwear,Southeast,Sports Direct,Online,Georgia,46,81,18
"September 14, 2021",Men's Street Footwear,Southeast,Sports Direct,Online,Georgia,43,77,18
"May 14, 2021",Men's Street Footwear,Southeast,Sports Direct,Online,Georgia,47,75,16
"December 12, 2021",Men's Street Footwear,Southeast,Sports Direct,Online,Georgia,50,102,20
"February 17, 2021",Women's Apparel,Southeast,Sports Direct,Online,Florida,47,51,11
"March 16, 2021",Women's Apparel,Southeast,Sports Direct,Online,Florida,54,55,10
"February 13, 2021",Women's Apparel,Southeast,Sports Direct,Online,Georgia,40,"1,500",38
"March 12, 2021",Women's Apparel,Southeast,Sports Direct,Online,Georgia,50,"1,750",35
"September 14, 2021",Women's Apparel,Southeast,Sports Direct,Online,Georgia,60,"2,700",45
"April 13, 2021",Women's Apparel,Southeast,Sports Direct,Online,Georgia,70,"2,450",35
"October 13, 2021",Women's Apparel,Southeast,Sports Direct,Online,Georgia,70,"2,450",35
"May 14, 2021",Women's Apparel,Southeast,Sports Direct,Online,Georgia,70,"2,800",40
"August 13, 2021",Women's Apparel,Southeast,Sports Direct,Online,Georgia,70,"2,975",43
"July 12, 2021",Women's Apparel,Southeast,Sports Direct,Online,Georgia,70,"3,325",48
"November 13, 2021",Women's Apparel,Southeast,Sports Direct,Online,Georgia,70,"3,325",48
"June 13, 2021",Women's Apparel,Southeast,Sports Direct,Online,Georgia,70,"4,025",58
"November 13, 2021",Women's Apparel,Southeast,Sports Direct,Online,Georgia,65,81,12
"June 13, 2021",Women's Apparel,Southeast,Sports Direct,Online,Georgia,67,101,15
"August 13, 2021",Women's Apparel,Southeast,Sports Direct,Online,Georgia,68,81,12
"February 13, 2021",Women's Apparel,Southeast,Sports Direct,Online,Georgia,37,36,10
"March 12, 2021",Women's Apparel,Southeast,Sports Direct,Online,Georgia,48,46,10
"July 12, 2021",Women's Apparel,Southeast,Sports Direct,Online,Georgia,67,96,14
"October 13, 2021",Women's Apparel,Southeast,Sports Direct,Online,Georgia,64,65,10
"September 14, 2021",Women's Apparel,Southeast,Sports Direct,Online,Georgia,59,77,13
"April 13, 2021",Women's Apparel,Southeast,Sports Direct,Online,Georgia,63,66,11
"May 14, 2021",Women's Apparel,Southeast,Sports Direct,Online,Georgia,64,77,12
"December 23, 2021",Women's Apparel,Southeast,Sports Direct,Online,Virginia,82,123,15
"March 16, 2021",Women's Athletic Footwear,Southeast,Sports Direct,Online,Florida,58,53,9
"February 17, 2021",Women's Athletic Footwear,Southeast,Sports Direct,Online,Florida,45,33,7
"February 13, 2021",Women's Athletic Footwear,Southeast,Sports Direct,Online,Georgia,40,"1,000",25
"October 13, 2021",Women's Athletic Footwear,Southeast,Sports Direct,Online,Georgia,45,"1,463",33
"September 14, 2021",Women's Athletic Footwear,Southeast,Sports Direct,Online,Georgia,45,"1,800",40
"March 12, 2021",Women's Athletic Footwear,Southeast,Sports Direct,Online,Georgia,50,"1,250",25
"April 13, 2021",Women's Athletic Footwear,Southeast,Sports Direct,Online,Georgia,50,"1,375",28
"May 14, 2021",Women's Athletic Footwear,Southeast,Sports Direct,Online,Georgia,50,"1,625",33
"June 13, 2021",Women's Athletic Footwear,Southeast,Sports Direct,Online,Georgia,50,"2,000",40
"July 12, 2021",Women's Athletic Footwear,Southeast,Sports Direct,Online,Georgia,50,"2,125",43
"November 13, 2021",Women's Athletic Footwear,Southeast,Sports Direct,Online,Georgia,55,"2,200",40
"August 13, 2021",Women's Athletic Footwear,Southeast,Sports Direct,Online,Georgia,55,"2,475",45
"October 13, 2021",Women's Athletic Footwear,Southeast,Sports Direct,Online,Georgia,44,39,9
"July 12, 2021",Women's Athletic Footwear,Southeast,Sports Direct,Online,Georgia,46,59,13
"June 13, 2021",Women's Athletic Footwear,Southeast,Sports Direct,Online,Georgia,49,59,12
"February 13, 2021",Women's Athletic Footwear,Southeast,Sports Direct,Online,Georgia,36,23,6
"March 12, 2021",Women's Athletic Footwear,Southeast,Sports Direct,Online,Georgia,47,34,7
"November 13, 2021",Women's Athletic Footwear,Southeast,Sports Direct,Online,Georgia,51,59,12
"August 13, 2021",Women's Athletic Footwear,Southeast,Sports Direct,Online,Georgia,53,60,11
"September 14, 2021",Women's Athletic Footwear,Southeast,Sports Direct,Online,Georgia,43,52,12
"May 14, 2021",Women's Athletic Footwear,Southeast,Sports Direct,Online,Georgia,47,43,9
"April 13, 2021",Women's Athletic Footwear,Southeast,Sports Direct,Online,Georgia,48,33,7
"December 23, 2021",Women's Athletic Footwear,Southeast,Sports Direct,Online,Virginia,67,107,16
"March 16, 2021",Women's Street Footwear,Southeast,Sports Direct,Online,Florida,59,68,12
"October 13, 2021",Women's Street Footwear,Southeast,Sports Direct,Online,Georgia,45,"1,575",35
"September 14, 2021",Women's Street Footwear,Southeast,Sports Direct,Online,Georgia,45,"2,025",45
"March 12, 2021",Women's Street Footwear,Southeast,Sports Direct,Online,Georgia,50,"1,875",38
"April 13, 2021",Women's Street Footwear,Southeast,Sports Direct,Online,Georgia,55,"2,063",38
"May 14, 2021",Women's Street Footwear,Southeast,Sports Direct,Online,Georgia,55,"2,338",43
"November 13, 2021",Women's Street Footwear,Southeast,Sports Direct,Online,Georgia,55,"2,338",43
"August 13, 2021",Women's Street Footwear,Southeast,Sports Direct,Online,Georgia,55,"2,750",50
"June 13, 2021",Women's Street Footwear,Southeast,Sports Direct,Online,Georgia,55,"2,888",53
"July 12, 2021",Women's Street Footwear,Southeast,Sports Direct,Online,Georgia,55,"2,888",53
"August 13, 2021",Women's Street Footwear,Southeast,Sports Direct,Online,Georgia,54,81,15
"October 13, 2021",Women's Street Footwear,Southeast,Sports Direct,Online,Georgia,42,44,11
"September 14, 2021",Women's Street Footwear,Southeast,Sports Direct,Online,Georgia,42,57,14
"November 13, 2021",Women's Street Footwear,Southeast,Sports Direct,Online,Georgia,54,62,12
"June 13, 2021",Women's Street Footwear,Southeast,Sports Direct,Online,Georgia,52,74,14
"March 12, 2021",Women's Street Footwear,Southeast,Sports Direct,Online,Georgia,49,55,11
"April 13, 2021",Women's Street Footwear,Southeast,Sports Direct,Online,Georgia,50,47,9
"July 12, 2021",Women's Street Footwear,Southeast,Sports Direct,Online,Georgia,50,69,14
"May 14, 2021",Women's Street Footwear,Southeast,Sports Direct,Online,Georgia,52,64,12
"December 23, 2021",Women's Street Footwear,Southeast,Sports Direct,Online,Virginia,64,99,15
"November 17, 2021",Men's Apparel,Southeast,Walmart,Online,Florida,77,95,12
"October 17, 2021",Men's Apparel,Southeast,Walmart,Online,Florida,59,58,10
"September 18, 2021",Men's Apparel,Southeast,Walmart,Online,Florida,64,47,7
"August 17, 2021",Men's Apparel,Southeast,Walmart,Online,Florida,74,106,14
"May 18, 2021",Men's Apparel,Southeast,Walmart,Online,Florida,52,35,7
"June 17, 2021",Men's Apparel,Southeast,Walmart,Online,Florida,89,112,13
"July 16, 2021",Men's Apparel,Southeast,Walmart,Online,Florida,89,174,20
"April 17, 2021",Men's Apparel,Southeast,Walmart,Online,Florida,59,34,6
"June 17, 2021",Men's Athletic Footwear,Southeast,Walmart,Online,Florida,64,130,20
"April 17, 2021",Men's Athletic Footwear,Southeast,Walmart,Online,Florida,66,65,10
"August 17, 2021",Men's Athletic Footwear,Southeast,Walmart,Online,Florida,77,159,21
"December 16, 2021",Men's Athletic Footwear,Southeast,Walmart,Online,Florida,82,164,20
"September 18, 2021",Men's Athletic Footwear,Southeast,Walmart,Online,Florida,60,81,14
"November 17, 2021",Men's Athletic Footwear,Southeast,Walmart,Online,Florida,54,95,18
"October 17, 2021",Men's Athletic Footwear,Southeast,Walmart,Online,Florida,59,85,14
"May 18, 2021",Men's Athletic Footwear,Southeast,Walmart,Online,Florida,60,77,13
"July 16, 2021",Men's Athletic Footwear,Southeast,Walmart,Online,Florida,88,198,23
"November 17, 2021",Men's Street Footwear,Southeast,Walmart,Online,Florida,52,88,17
"September 18, 2021",Men's Street Footwear,Southeast,Walmart,Online,Florida,58,81,14
"December 16, 2021",Men's Street Footwear,Southeast,Walmart,Online,Florida,72,156,22
"August 17, 2021",Men's Street Footwear,Southeast,Walmart,Online,Florida,87,185,21
"April 17, 2021",Men's Street Footwear,Southeast,Walmart,Online,Florida,62,86,14
"May 18, 2021",Men's Street Footwear,Southeast,Walmart,Online,Florida,58,90,16
"October 17, 2021",Men's Street Footwear,Southeast,Walmart,Online,Florida,47,47,10
"July 16, 2021",Men's Street Footwear,Southeast,Walmart,Online,Florida,83,217,26
"June 17, 2021",Men's Street Footwear,Southeast,Walmart,Online,Florida,61,136,22
"September 18, 2021",Women's Apparel,Southeast,Walmart,Online,Florida,51,38,8
"June 17, 2021",Women's Apparel,Southeast,Walmart,Online,Florida,103,225,22
"July 16, 2021",Women's Apparel,Southeast,Walmart,Online,Florida,101,165,16
"October 17, 2021",Women's Apparel,Southeast,Walmart,Online,Florida,65,68,10
"May 18, 2021",Women's Apparel,Southeast,Walmart,Online,Florida,67,116,17
"August 17, 2021",Women's Apparel,Southeast,Walmart,Online,Florida,81,70,9
"November 17, 2021",Women's Apparel,Southeast,Walmart,Online,Florida,86,139,16
"April 17, 2021",Women's Apparel,Southeast,Walmart,Online,Florida,72,78,11
"October 17, 2021",Women's Athletic Footwear,Southeast,Walmart,Online,Florida,51,58,11
"August 17, 2021",Women's Athletic Footwear,Southeast,Walmart,Online,Florida,77,110,14
"June 17, 2021",Women's Athletic Footwear,Southeast,Walmart,Online,Florida,77,119,16
"May 18, 2021",Women's Athletic Footwear,Southeast,Walmart,Online,Florida,59,52,9
"November 17, 2021",Women's Athletic Footwear,Southeast,Walmart,Online,Florida,64,96,15
"July 16, 2021",Women's Athletic Footwear,Southeast,Walmart,Online,Florida,82,148,18
"September 18, 2021",Women's Athletic Footwear,Southeast,Walmart,Online,Florida,54,35,7
"April 17, 2021",Women's Athletic Footwear,Southeast,Walmart,Online,Florida,52,44,8
"November 17, 2021",Women's Street Footwear,Southeast,Walmart,Online,Florida,53,78,15
"October 17, 2021",Women's Street Footwear,Southeast,Walmart,Online,Florida,55,62,11
"April 17, 2021",Women's Street Footwear,Southeast,Walmart,Online,Florida,66,79,12
"August 17, 2021",Women's Street Footwear,Southeast,Walmart,Online,Florida,78,147,19
"June 17, 2021",Women's Street Footwear,Southeast,Walmart,Online,Florida,80,168,21
"July 16, 2021",Women's Street Footwear,Southeast,Walmart,Online,Florida,86,163,19
"September 18, 2021",Women's Street Footwear,Southeast,Walmart,Online,Florida,54,41,8
"May 18, 2021",Women's Street Footwear,Southeast,Walmart,Online,Florida,59,70,12
"December 16, 2021",Men's Apparel,Southeast,West Gear,Online,Florida,86,126,15
"December 16, 2021",Women's Apparel,Southeast,West Gear,Online,Florida,87,136,16
"December 16, 2021",Women's Athletic Footwear,Southeast,West Gear,Online,Florida,78,140,18
"December 16, 2021",Women's Street Footwear,Southeast,West Gear,Online,Florida,75,131,17
"February 23, 2021",Men's Apparel,West,Foot Locker,Online,Arizona,45,675,15
"March 22, 2021",Men's Apparel,West,Foot Locker,Online,Arizona,55,688,13
"April 23, 2021",Men's Apparel,West,Foot Locker,Online,Arizona,55,825,15
"May 24, 2021",Men's Apparel,West,Foot Locker,Online,Arizona,55,"1,100",20
"June 23, 2021",Men's Apparel,West,Foot Locker,Online,Arizona,55,"1,238",23
"October 23, 2021",Men's Apparel,West,Foot Locker,Online,Arizona,55,"1,513",28
"November 23, 2021",Men's Apparel,West,Foot Locker,Online,Arizona,55,"1,650",30
"September 24, 2021",Men's Apparel,West,Foot Locker,Online,Arizona,55,"2,063",38
"July 22, 2021",Men's Apparel,West,Foot Locker,Online,Arizona,55,"2,338",43
"August 23, 2021",Men's Apparel,West,Foot Locker,Online,Arizona,65,"2,600",40
"October 23, 2021",Men's Apparel,West,Foot Locker,Online,Arizona,53,37,7
"May 24, 2021",Men's Apparel,West,Foot Locker,Online,Arizona,51,30,6
"November 23, 2021",Men's Apparel,West,Foot Locker,Online,Arizona,53,46,9
"March 22, 2021",Men's Apparel,West,Foot Locker,Online,Arizona,54,17,3
"August 23, 2021",Men's Apparel,West,Foot Locker,Online,Arizona,59,68,12
"April 23, 2021",Men's Apparel,West,Foot Locker,Online,Arizona,50,20,4
"June 23, 2021",Men's Apparel,West,Foot Locker,Online,Arizona,51,35,7
"July 22, 2021",Men's Apparel,West,Foot Locker,Online,Arizona,52,67,13
"February 23, 2021",Men's Apparel,West,Foot Locker,Online,Arizona,42,18,4
"September 24, 2021",Men's Apparel,West,Foot Locker,Online,Arizona,54,57,11
"January 23, 2021",Men's Apparel,West,Foot Locker,Online,Idaho,45,"1,013",23
"January 23, 2021",Men's Apparel,West,Foot Locker,Online,Idaho,42,26,6
"January 24, 2021",Men's Apparel,West,Foot Locker,Online,Wyoming,42,19,5
"March 22, 2021",Men's Athletic Footwear,West,Foot Locker,Online,Arizona,50,"1,750",35
"October 23, 2021",Men's Athletic Footwear,West,Foot Locker,Online,Arizona,50,"2,500",50
"November 23, 2021",Men's Athletic Footwear,West,Foot Locker,Online,Arizona,50,"2,625",53
"September 24, 2021",Men's Athletic Footwear,West,Foot Locker,Online,Arizona,50,"2,875",58
"December 22, 2021",Men's Athletic Footwear,West,Foot Locker,Online,Arizona,50,"3,125",63
"April 23, 2021",Men's Athletic Footwear,West,Foot Locker,Online,Arizona,55,"1,650",30
"May 24, 2021",Men's Athletic Footwear,West,Foot Locker,Online,Arizona,55,"2,063",38
"June 23, 2021",Men's Athletic Footwear,West,Foot Locker,Online,Arizona,55,"2,613",48
"July 22, 2021",Men's Athletic Footwear,West,Foot Locker,Online,Arizona,55,"2,888",53
"August 23, 2021",Men's Athletic Footwear,West,Foot Locker,Online,Arizona,60,"3,450",58
"April 23, 2021",Men's Athletic Footwear,West,Foot Locker,Online,Arizona,53,48,9
"August 23, 2021",Men's Athletic Footwear,West,Foot Locker,Online,Arizona,57,92,16
"July 22, 2021",Men's Athletic Footwear,West,Foot Locker,Online,Arizona,50,71,14
"November 23, 2021",Men's Athletic Footwear,West,Foot Locker,Online,Arizona,46,68,15
"June 23, 2021",Men's Athletic Footwear,West,Foot Locker,Online,Arizona,51,70,14
"September 24, 2021",Men's Athletic Footwear,West,Foot Locker,Online,Arizona,45,72,16
"October 23, 2021",Men's Athletic Footwear,West,Foot Locker,Online,Arizona,47,68,15
"December 22, 2021",Men's Athletic Footwear,West,Foot Locker,Online,Arizona,49,86,18
"May 24, 2021",Men's Athletic Footwear,West,Foot Locker,Online,Arizona,53,60,11
"March 22, 2021",Men's Athletic Footwear,West,Foot Locker,Online,Arizona,48,46,10
"February 23, 2021",Men's Athletic Footwear,West,Foot Locker,Online,Idaho,40,"1,500",38
"January 23, 2021",Men's Athletic Footwear,West,Foot Locker,Online,Idaho,40,"1,700",43
"January 23, 2021",Men's Athletic Footwear,West,Foot Locker,Online,Idaho,37,39,11
"February 23, 2021",Men's Athletic Footwear,West,Foot Locker,Online,Idaho,38,43,11
"February 24, 2021",Men's Athletic Footwear,West,Foot Locker,Online,Wyoming,36,38,11
"January 24, 2021",Men's Athletic Footwear,West,Foot Locker,Online,Wyoming,36,38,11
"March 22, 2021",Men's Street Footwear,West,Foot Locker,Online,Arizona,40,"2,000",50
"October 23, 2021",Men's Street Footwear,West,Foot Locker,Online,Arizona,45,"2,250",50
"November 23, 2021",Men's Street Footwear,West,Foot Locker,Online,Arizona,45,"2,250",50
"September 24, 2021",Men's Street Footwear,West,Foot Locker,Online,Arizona,45,"2,588",58
"December 22, 2021",Men's Street Footwear,West,Foot Locker,Online,Arizona,45,"2,813",63
"April 23, 2021",Men's Street Footwear,West,Foot Locker,Online,Arizona,50,"2,500",50
"May 24, 2021",Men's Street Footwear,West,Foot Locker,Online,Arizona,50,"2,625",53
"June 23, 2021",Men's Street Footwear,West,Foot Locker,Online,Arizona,50,"3,125",63
"July 22, 2021",Men's Street Footwear,West,Foot Locker,Online,Arizona,50,"3,375",68
"August 23, 2021",Men's Street Footwear,West,Foot Locker,Online,Arizona,55,"3,438",63
"April 23, 2021",Men's Street Footwear,West,Foot Locker,Online,Arizona,48,62,13
"December 22, 2021",Men's Street Footwear,West,Foot Locker,Online,Arizona,44,80,18
"March 22, 2021",Men's Street Footwear,West,Foot Locker,Online,Arizona,37,54,15
"November 23, 2021",Men's Street Footwear,West,Foot Locker,Online,Arizona,42,57,14
"May 24, 2021",Men's Street Footwear,West,Foot Locker,Online,Arizona,47,69,15
"October 23, 2021",Men's Street Footwear,West,Foot Locker,Online,Arizona,41,55,14
"September 24, 2021",Men's Street Footwear,West,Foot Locker,Online,Arizona,41,68,17
"June 23, 2021",Men's Street Footwear,West,Foot Locker,Online,Arizona,48,75,16
"July 22, 2021",Men's Street Footwear,West,Foot Locker,Online,Arizona,49,96,20
"August 23, 2021",Men's Street Footwear,West,Foot Locker,Online,Arizona,50,82,16
"January 23, 2021",Men's Street Footwear,West,Foot Locker,Online,Idaho,30,"1,275",43
"February 23, 2021",Men's Street Footwear,West,Foot Locker,Online,Idaho,30,"1,425",48
"January 23, 2021",Men's Street Footwear,West,Foot Locker,Online,Idaho,29,35,12
"February 23, 2021",Men's Street Footwear,West,Foot Locker,Online,Idaho,29,41,14
"February 24, 2021",Men's Street Footwear,West,Foot Locker,Online,Wyoming,27,31,11
"January 24, 2021",Men's Street Footwear,West,Foot Locker,Online,Wyoming,29,26,9
"February 23, 2021",Women's Apparel,West,Foot Locker,Online,Arizona,40,"1,400",35
"March 22, 2021",Women's Apparel,West,Foot Locker,Online,Arizona,50,"1,625",33
"October 23, 2021",Women's Apparel,West,Foot Locker,Online,Arizona,60,"1,950",33
"September 24, 2021",Women's Apparel,West,Foot Locker,Online,Arizona,60,"2,550",43
"November 23, 2021",Women's Apparel,West,Foot Locker,Online,Arizona,60,"2,550",43
"April 23, 2021",Women's Apparel,West,Foot Locker,Online,Arizona,70,"2,275",33
"May 24, 2021",Women's Apparel,West,Foot Locker,Online,Arizona,70,"2,625",38
"August 23, 2021",Women's Apparel,West,Foot Locker,Online,Arizona,70,"2,625",38
"July 22, 2021",Women's Apparel,West,Foot Locker,Online,Arizona,70,"2,975",43
"June 23, 2021",Women's Apparel,West,Foot Locker,Online,Arizona,70,"3,675",53
"February 23, 2021",Women's Apparel,West,Foot Locker,Online,Arizona,38,33,9
"May 24, 2021",Women's Apparel,West,Foot Locker,Online,Arizona,64,63,10
"April 23, 2021",Women's Apparel,West,Foot Locker,Online,Arizona,67,63,9
"November 23, 2021",Women's Apparel,West,Foot Locker,Online,Arizona,55,61,11
"September 24, 2021",Women's Apparel,West,Foot Locker,Online,Arizona,56,67,12
"October 23, 2021",Women's Apparel,West,Foot Locker,Online,Arizona,56,48,9
"July 22, 2021",Women's Apparel,West,Foot Locker,Online,Arizona,67,82,12
"June 23, 2021",Women's Apparel,West,Foot Locker,Online,Arizona,69,90,13
"March 22, 2021",Women's Apparel,West,Foot Locker,Online,Arizona,47,41,9
"August 23, 2021",Women's Apparel,West,Foot Locker,Online,Arizona,65,61,9
"January 23, 2021",Women's Apparel,West,Foot Locker,Online,Idaho,40,"1,700",43
"January 23, 2021",Women's Apparel,West,Foot Locker,Online,Idaho,36,40,11
"January 24, 2021",Women's Apparel,West,Foot Locker,Online,Wyoming,38,44,12
"February 23, 2021",Women's Athletic Footwear,West,Foot Locker,Online,Arizona,40,900,23
"October 23, 2021",Women's Athletic Footwear,West,Foot Locker,Online,Arizona,45,"1,350",30
"November 23, 2021",Women's Athletic Footwear,West,Foot Locker,Online,Arizona,45,"1,575",35
"September 24, 2021",Women's Athletic Footwear,West,Foot Locker,Online,Arizona,45,"1,688",38
"March 22, 2021",Women's Athletic Footwear,West,Foot Locker,Online,Arizona,50,"1,125",23
"April 23, 2021",Women's Athletic Footwear,West,Foot Locker,Online,Arizona,50,"1,250",25
"May 24, 2021",Women's Athletic Footwear,West,Foot Locker,Online,Arizona,50,"1,500",30
"June 23, 2021",Women's Athletic Footwear,West,Foot Locker,Online,Arizona,50,"1,750",35
"July 22, 2021",Women's Athletic Footwear,West,Foot Locker,Online,Arizona,50,"1,875",38
"August 23, 2021",Women's Athletic Footwear,West,Foot Locker,Online,Arizona,55,"2,200",40
"July 22, 2021",Women's Athletic Footwear,West,Foot Locker,Online,Arizona,48,48,10
"March 22, 2021",Women's Athletic Footwear,West,Foot Locker,Online,Arizona,47,32,7
"September 24, 2021",Women's Athletic Footwear,West,Foot Locker,Online,Arizona,41,46,11
"November 23, 2021",Women's Athletic Footwear,West,Foot Locker,Online,Arizona,42,41,10
"February 23, 2021",Women's Athletic Footwear,West,Foot Locker,Online,Arizona,38,24,6
"October 23, 2021",Women's Athletic Footwear,West,Foot Locker,Online,Arizona,43,39,9
"August 23, 2021",Women's Athletic Footwear,West,Foot Locker,Online,Arizona,52,58,11
"April 23, 2021",Women's Athletic Footwear,West,Foot Locker,Online,Arizona,46,35,8
"June 23, 2021",Women's Athletic Footwear,West,Foot Locker,Online,Arizona,46,44,10
"May 24, 2021",Women's Athletic Footwear,West,Foot Locker,Online,Arizona,49,44,9
"January 23, 2021",Women's Athletic Footwear,West,Foot Locker,Online,Idaho,40,"1,100",28
"January 23, 2021",Women's Athletic Footwear,West,Foot Locker,Online,Idaho,38,29,8
"January 24, 2021",Women's Athletic Footwear,West,Foot Locker,Online,Wyoming,38,21,5
"October 23, 2021",Women's Street Footwear,West,Foot Locker,Online,Arizona,45,"1,463",33
"November 23, 2021",Women's Street Footwear,West,Foot Locker,Online,Arizona,45,"1,688",38
"September 24, 2021",Women's Street Footwear,West,Foot Locker,Online,Arizona,45,"1,913",43
"March 22, 2021",Women's Street Footwear,West,Foot Locker,Online,Arizona,50,"1,750",35
"April 23, 2021",Women's Street Footwear,West,Foot Locker,Online,Arizona,55,"1,925",35
"May 24, 2021",Women's Street Footwear,West,Foot Locker,Online,Arizona,55,"2,200",40
"August 23, 2021",Women's Street Footwear,West,Foot Locker,Online,Arizona,55,"2,475",45
"June 23, 2021",Women's Street Footwear,West,Foot Locker,Online,Arizona,55,"2,613",48
"July 22, 2021",Women's Street Footwear,West,Foot Locker,Online,Arizona,55,"2,613",48
"September 24, 2021",Women's Street Footwear,West,Foot Locker,Online,Arizona,43,55,13
"June 23, 2021",Women's Street Footwear,West,Foot Locker,Online,Arizona,51,70,14
"November 23, 2021",Women's Street Footwear,West,Foot Locker,Online,Arizona,44,46,11
"May 24, 2021",Women's Street Footwear,West,Foot Locker,Online,Arizona,50,60,12
"July 22, 2021",Women's Street Footwear,West,Foot Locker,Online,Arizona,51,68,13
"October 23, 2021",Women's Street Footwear,West,Foot Locker,Online,Arizona,44,40,9
"August 23, 2021",Women's Street Footwear,West,Foot Locker,Online,Arizona,54,61,11
"March 22, 2021",Women's Street Footwear,West,Foot Locker,Online,Arizona,49,45,9
"April 23, 2021",Women's Street Footwear,West,Foot Locker,Online,Arizona,50,51,10
"February 23, 2021",Women's Street Footwear,West,Foot Locker,Online,Idaho,40,"1,500",38
"January 23, 2021",Women's Street Footwear,West,Foot Locker,Online,Idaho,40,"1,700",43
"February 23, 2021",Women's Street Footwear,West,Foot Locker,Online,Idaho,38,40,11
"January 23, 2021",Women's Street Footwear,West,Foot Locker,Online,Idaho,37,39,11
"February 24, 2021",Women's Street Footwear,West,Foot Locker,Online,Wyoming,39,34,9
"January 24, 2021",Women's Street Footwear,West,Foot Locker,Online,Wyoming,39,35,9
"January 26, 2021",Men's Apparel,West,Kohl's,Online,Arizona,50,"1,375",28
"December 22, 2021",Men's Apparel,West,Kohl's,Online,Arizona,55,"1,925",35
"January 26, 2021",Men's Apparel,West,Kohl's,Online,Arizona,45,36,8
"December 22, 2021",Men's Apparel,West,Kohl's,Online,Arizona,52,46,9
"February 26, 2021",Men's Apparel,West,Kohl's,Online,New Mexico,50,"1,000",20
"March 25, 2021",Men's Apparel,West,Kohl's,Online,New Mexico,60,"1,050",18
"April 26, 2021",Men's Apparel,West,Kohl's,Online,New Mexico,60,"1,200",20
"May 27, 2021",Men's Apparel,West,Kohl's,Online,New Mexico,60,"1,500",25
"June 26, 2021",Men's Apparel,West,Kohl's,Online,New Mexico,60,"1,800",30
"October 26, 2021",Men's Apparel,West,Kohl's,Online,New Mexico,60,"1,950",33
"September 27, 2021",Men's Apparel,West,Kohl's,Online,New Mexico,60,"2,550",43
"July 25, 2021",Men's Apparel,West,Kohl's,Online,New Mexico,60,"3,000",50
"November 26, 2021",Men's Apparel,West,Kohl's,Online,New Mexico,70,"2,625",38
"August 26, 2021",Men's Apparel,West,Kohl's,Online,New Mexico,70,"3,325",48
"September 27, 2021",Men's Apparel,West,Kohl's,Online,New Mexico,54,60,11
"August 26, 2021",Men's Apparel,West,Kohl's,Online,New Mexico,67,83,12
"April 26, 2021",Men's Apparel,West,Kohl's,Online,New Mexico,56,32,6
"May 27, 2021",Men's Apparel,West,Kohl's,Online,New Mexico,56,36,7
"March 25, 2021",Men's Apparel,West,Kohl's,Online,New Mexico,55,29,5
"June 26, 2021",Men's Apparel,West,Kohl's,Online,New Mexico,56,49,9
"July 25, 2021",Men's Apparel,West,Kohl's,Online,New Mexico,57,83,15
"February 26, 2021",Men's Apparel,West,Kohl's,Online,New Mexico,45,24,5
"October 26, 2021",Men's Apparel,West,Kohl's,Online,New Mexico,56,51,9
"November 26, 2021",Men's Apparel,West,Kohl's,Online,New Mexico,65,73,11
"February 26, 2021",Men's Athletic Footwear,West,Kohl's,Online,Arizona,45,"1,913",43
"January 26, 2021",Men's Athletic Footwear,West,Kohl's,Online,Arizona,45,"2,138",48
"January 26, 2021",Men's Athletic Footwear,West,Kohl's,Online,Arizona,42,58,14
"February 26, 2021",Men's Athletic Footwear,West,Kohl's,Online,Arizona,44,47,11
"March 25, 2021",Men's Athletic Footwear,West,Kohl's,Online,New Mexico,55,"2,200",40
"October 26, 2021",Men's Athletic Footwear,West,Kohl's,Online,New Mexico,55,"3,025",55
"September 27, 2021",Men's Athletic Footwear,West,Kohl's,Online,New Mexico,55,"3,438",63
"April 26, 2021",Men's Athletic Footwear,West,Kohl's,Online,New Mexico,60,"2,100",35
"May 27, 2021",Men's Athletic Footwear,West,Kohl's,Online,New Mexico,60,"2,550",43
"June 26, 2021",Men's Athletic Footwear,West,Kohl's,Online,New Mexico,60,"3,300",55
"July 25, 2021",Men's Athletic Footwear,West,Kohl's,Online,New Mexico,60,"3,600",60
"November 26, 2021",Men's Athletic Footwear,West,Kohl's,Online,New Mexico,65,"3,900",60
"August 26, 2021",Men's Athletic Footwear,West,Kohl's,Online,New Mexico,65,"4,225",65
"December 25, 2021",Men's Athletic Footwear,West,Kohl's,Online,New Mexico,65,"4,550",70
"April 26, 2021",Men's Athletic Footwear,West,Kohl's,Online,New Mexico,59,58,10
"December 25, 2021",Men's Athletic Footwear,West,Kohl's,Online,New Mexico,61,111,18
"September 27, 2021",Men's Athletic Footwear,West,Kohl's,Online,New Mexico,51,80,16
"May 27, 2021",Men's Athletic Footwear,West,Kohl's,Online,New Mexico,58,64,11
"June 26, 2021",Men's Athletic Footwear,West,Kohl's,Online,New Mexico,54,83,15
"August 26, 2021",Men's Athletic Footwear,West,Kohl's,Online,New Mexico,60,106,18
"October 26, 2021",Men's Athletic Footwear,West,Kohl's,Online,New Mexico,50,75,15
"March 25, 2021",Men's Athletic Footwear,West,Kohl's,Online,New Mexico,51,57,11
"July 25, 2021",Men's Athletic Footwear,West,Kohl's,Online,New Mexico,56,101,18
"November 26, 2021",Men's Athletic Footwear,West,Kohl's,Online,New Mexico,59,89,15
"January 26, 2021",Men's Street Footwear,West,Kohl's,Online,Arizona,35,"1,663",48
"February 26, 2021",Men's Street Footwear,West,Kohl's,Online,Arizona,35,"1,838",53
"January 26, 2021",Men's Street Footwear,West,Kohl's,Online,Arizona,33,44,13
"February 26, 2021",Men's Street Footwear,West,Kohl's,Online,Arizona,33,49,15
"March 25, 2021",Men's Street Footwear,West,Kohl's,Online,New Mexico,45,"2,475",55
"October 26, 2021",Men's Street Footwear,West,Kohl's,Online,New Mexico,50,"2,750",55
"September 27, 2021",Men's Street Footwear,West,Kohl's,Online,New Mexico,50,"3,125",63
"April 26, 2021",Men's Street Footwear,West,Kohl's,Online,New Mexico,55,"3,025",55
"May 27, 2021",Men's Street Footwear,West,Kohl's,Online,New Mexico,55,"3,163",58
"June 26, 2021",Men's Street Footwear,West,Kohl's,Online,New Mexico,55,"3,850",70
"July 25, 2021",Men's Street Footwear,West,Kohl's,Online,New Mexico,55,"4,125",75
"November 26, 2021",Men's Street Footwear,West,Kohl's,Online,New Mexico,60,"3,300",55
"August 26, 2021",Men's Street Footwear,West,Kohl's,Online,New Mexico,60,"4,200",70
"December 25, 2021",Men's Street Footwear,West,Kohl's,Online,New Mexico,60,"4,200",70
"September 27, 2021",Men's Street Footwear,West,Kohl's,Online,New Mexico,49,80,16
"May 27, 2021",Men's Street Footwear,West,Kohl's,Online,New Mexico,51,77,15
"April 26, 2021",Men's Street Footwear,West,Kohl's,Online,New Mexico,51,79,15
"December 25, 2021",Men's Street Footwear,West,Kohl's,Online,New Mexico,55,116,21
"July 25, 2021",Men's Street Footwear,West,Kohl's,Online,New Mexico,54,110,20
"June 26, 2021",Men's Street Footwear,West,Kohl's,Online,New Mexico,52,106,20
"November 26, 2021",Men's Street Footwear,West,Kohl's,Online,New Mexico,58,93,16
"March 25, 2021",Men's Street Footwear,West,Kohl's,Online,New Mexico,44,73,17
"October 26, 2021",Men's Street Footwear,West,Kohl's,Online,New Mexico,48,79,17
"August 26, 2021",Men's Street Footwear,West,Kohl's,Online,New Mexico,56,98,18
"January 26, 2021",Women's Apparel,West,Kohl's,Online,Arizona,45,"2,138",48
"December 22, 2021",Women's Apparel,West,Kohl's,Online,Arizona,60,"2,700",45
"January 26, 2021",Women's Apparel,West,Kohl's,Online,Arizona,42,54,13
"December 22, 2021",Women's Apparel,West,Kohl's,Online,Arizona,58,78,14
"February 26, 2021",Women's Apparel,West,Kohl's,Online,New Mexico,45,"1,800",40
"March 25, 2021",Women's Apparel,West,Kohl's,Online,New Mexico,55,"2,063",38
"September 27, 2021",Women's Apparel,West,Kohl's,Online,New Mexico,65,"3,088",48
"April 26, 2021",Women's Apparel,West,Kohl's,Online,New Mexico,75,"2,813",38
"October 26, 2021",Women's Apparel,West,Kohl's,Online,New Mexico,75,"2,813",38
"May 27, 2021",Women's Apparel,West,Kohl's,Online,New Mexico,75,"3,188",43
"August 26, 2021",Women's Apparel,West,Kohl's,Online,New Mexico,75,"3,375",45
"July 25, 2021",Women's Apparel,West,Kohl's,Online,New Mexico,75,"3,750",50
"November 26, 2021",Women's Apparel,West,Kohl's,Online,New Mexico,75,"3,750",50
"June 26, 2021",Women's Apparel,West,Kohl's,Online,New Mexico,75,"4,500",60
"September 27, 2021",Women's Apparel,West,Kohl's,Online,New Mexico,59,78,13
"June 26, 2021",Women's Apparel,West,Kohl's,Online,New Mexico,74,120,16
"October 26, 2021",Women's Apparel,West,Kohl's,Online,New Mexico,68,71,11
"February 26, 2021",Women's Apparel,West,Kohl's,Online,New Mexico,41,43,10
"March 25, 2021",Women's Apparel,West,Kohl's,Online,New Mexico,50,49,10
"April 26, 2021",Women's Apparel,West,Kohl's,Online,New Mexico,69,70,10
"July 25, 2021",Women's Apparel,West,Kohl's,Online,New Mexico,69,97,14
"August 26, 2021",Women's Apparel,West,Kohl's,Online,New Mexico,70,88,13
"May 27, 2021",Women's Apparel,West,Kohl's,Online,New Mexico,69,79,12
"November 26, 2021",Women's Apparel,West,Kohl's,Online,New Mexico,72,101,14
"January 26, 2021",Women's Athletic Footwear,West,Kohl's,Online,Arizona,45,"1,463",33
"December 22, 2021",Women's Athletic Footwear,West,Kohl's,Online,Arizona,45,"1,913",43
"December 22, 2021",Women's Athletic Footwear,West,Kohl's,Online,Arizona,44,51,12
"January 26, 2021",Women's Athletic Footwear,West,Kohl's,Online,Arizona,43,37,9
"February 26, 2021",Women's Athletic Footwear,West,Kohl's,Online,New Mexico,45,"1,238",28
"October 26, 2021",Women's Athletic Footwear,West,Kohl's,Online,New Mexico,50,"1,750",35
"September 27, 2021",Women's Athletic Footwear,West,Kohl's,Online,New Mexico,50,"2,125",43
"March 25, 2021",Women's Athletic Footwear,West,Kohl's,Online,New Mexico,55,"1,513",28
"April 26, 2021",Women's Athletic Footwear,West,Kohl's,Online,New Mexico,55,"1,650",30
"May 27, 2021",Women's Athletic Footwear,West,Kohl's,Online,New Mexico,55,"1,925",35
"June 26, 2021",Women's Athletic Footwear,West,Kohl's,Online,New Mexico,55,"2,338",43
"July 25, 2021",Women's Athletic Footwear,West,Kohl's,Online,New Mexico,55,"2,475",45
"November 26, 2021",Women's Athletic Footwear,West,Kohl's,Online,New Mexico,60,"2,550",43
"August 26, 2021",Women's Athletic Footwear,West,Kohl's,Online,New Mexico,60,"2,850",48
"June 26, 2021",Women's Athletic Footwear,West,Kohl's,Online,New Mexico,54,57,11
"July 25, 2021",Women's Athletic Footwear,West,Kohl's,Online,New Mexico,54,73,14
"March 25, 2021",Women's Athletic Footwear,West,Kohl's,Online,New Mexico,50,42,8
"May 27, 2021",Women's Athletic Footwear,West,Kohl's,Online,New Mexico,51,46,9
"April 26, 2021",Women's Athletic Footwear,West,Kohl's,Online,New Mexico,54,47,9
"September 27, 2021",Women's Athletic Footwear,West,Kohl's,Online,New Mexico,49,60,12
"November 26, 2021",Women's Athletic Footwear,West,Kohl's,Online,New Mexico,55,63,12
"August 26, 2021",Women's Athletic Footwear,West,Kohl's,Online,New Mexico,55,79,14
"February 26, 2021",Women's Athletic Footwear,West,Kohl's,Online,New Mexico,43,32,7
"October 26, 2021",Women's Athletic Footwear,West,Kohl's,Online,New Mexico,46,44,10
"February 26, 2021",Women's Street Footwear,West,Kohl's,Online,Arizona,45,"1,913",43
"January 26, 2021",Women's Street Footwear,West,Kohl's,Online,Arizona,45,"2,138",48
"December 22, 2021",Women's Street Footwear,West,Kohl's,Online,Arizona,45,"1,913",43
"February 26, 2021",Women's Street Footwear,West,Kohl's,Online,Arizona,41,46,11
"January 26, 2021",Women's Street Footwear,West,Kohl's,Online,Arizona,42,58,14
"December 22, 2021",Women's Street Footwear,West,Kohl's,Online,Arizona,43,53,12
"October 26, 2021",Women's Street Footwear,West,Kohl's,Online,New Mexico,50,"1,875",38
"September 27, 2021",Women's Street Footwear,West,Kohl's,Online,New Mexico,50,"2,375",48
"March 25, 2021",Women's Street Footwear,West,Kohl's,Online,New Mexico,55,"2,200",40
"April 26, 2021",Women's Street Footwear,West,Kohl's,Online,New Mexico,60,"2,400",40
"May 27, 2021",Women's Street Footwear,West,Kohl's,Online,New Mexico,60,"2,700",45
"November 26, 2021",Women's Street Footwear,West,Kohl's,Online,New Mexico,60,"2,700",45
"August 26, 2021",Women's Street Footwear,West,Kohl's,Online,New Mexico,60,"3,150",53
"June 26, 2021",Women's Street Footwear,West,Kohl's,Online,New Mexico,60,"3,300",55
"July 25, 2021",Women's Street Footwear,West,Kohl's,Online,New Mexico,60,"3,300",55
"August 26, 2021",Women's Street Footwear,West,Kohl's,Online,New Mexico,58,82,14
"September 27, 2021",Women's Street Footwear,West,Kohl's,Online,New Mexico,46,66,14
"October 26, 2021",Women's Street Footwear,West,Kohl's,Online,New Mexico,48,50,11
"May 27, 2021",Women's Street Footwear,West,Kohl's,Online,New Mexico,56,71,13
"November 26, 2021",Women's Street Footwear,West,Kohl's,Online,New Mexico,54,63,12
"July 25, 2021",Women's Street Footwear,West,Kohl's,Online,New Mexico,58,93,16
"March 25, 2021",Women's Street Footwear,West,Kohl's,Online,New Mexico,52,58,11
"June 26, 2021",Women's Street Footwear,West,Kohl's,Online,New Mexico,54,80,15
"April 26, 2021",Women's Street Footwear,West,Kohl's,Online,New Mexico,55,64,12
"December 25, 2021",Men's Apparel,West,Sports Direct,Online,New Mexico,70,"2,975",43
"January 13, 2021",Men's Apparel,West,Sports Direct,Online,New Mexico,45,"1,125",25
"January 13, 2021",Men's Apparel,West,Sports Direct,Online,New Mexico,41,26,6
"December 25, 2021",Men's Apparel,West,Sports Direct,Online,New Mexico,64,76,12
"February 13, 2021",Men's Athletic Footwear,West,Sports Direct,Online,New Mexico,40,"1,600",40
"January 13, 2021",Men's Athletic Footwear,West,Sports Direct,Online,New Mexico,40,"1,800",45
"January 13, 2021",Men's Athletic Footwear,West,Sports Direct,Online,New Mexico,39,53,14
"February 13, 2021",Men's Athletic Footwear,West,Sports Direct,Online,New Mexico,37,41,11
"January 13, 2021",Men's Street Footwear,West,Sports Direct,Online,New Mexico,30,"1,350",45
"February 13, 2021",Men's Street Footwear,West,Sports Direct,Online,New Mexico,30,"1,500",50
"January 13, 2021",Men's Street Footwear,West,Sports Direct,Online,New Mexico,29,38,13
"February 13, 2021",Men's Street Footwear,West,Sports Direct,Online,New Mexico,29,42,15
"January 13, 2021",Women's Apparel,West,Sports Direct,Online,New Mexico,40,"1,800",45
"December 25, 2021",Women's Apparel,West,Sports Direct,Online,New Mexico,75,"3,938",53
"December 25, 2021",Women's Apparel,West,Sports Direct,Online,New Mexico,72,94,13
"January 13, 2021",Women's Apparel,West,Sports Direct,Online,New Mexico,36,42,12
"December 25, 2021",Women's Athletic Footwear,West,Sports Direct,Online,New Mexico,60,"3,000",50
"January 13, 2021",Women's Athletic Footwear,West,Sports Direct,Online,New Mexico,40,"1,200",30
"December 25, 2021",Women's Athletic Footwear,West,Sports Direct,Online,New Mexico,55,80,15
"January 13, 2021",Women's Athletic Footwear,West,Sports Direct,Online,New Mexico,39,29,8
"February 13, 2021",Women's Street Footwear,West,Sports Direct,Online,New Mexico,40,"1,600",40
"January 13, 2021",Women's Street Footwear,West,Sports Direct,Online,New Mexico,40,"1,800",45
"December 25, 2021",Women's Street Footwear,West,Sports Direct,Online,New Mexico,60,"3,000",50
"January 13, 2021",Women's Street Footwear,West,Sports Direct,Online,New Mexico,38,48,13
"December 25, 2021",Women's Street Footwear,West,Sports Direct,Online,New Mexico,59,77,13
"February 13, 2021",Women's Street Footwear,West,Sports Direct,Online,New Mexico,37,38,10
"February 9, 2021",Men's Apparel,West,West Gear,Online,California,63,103,16
"February 3, 2021",Men's Apparel,West,West Gear,Online,California,59,107,18
"January 28, 2021",Men's Apparel,West,West Gear,Online,California,63,137,22
"February 15, 2021",Men's Apparel,West,West Gear,Online,California,59,103,18
"November 11, 2020",Men's Apparel,West,West Gear,Online,California,50,70,14
"January 22, 2021",Men's Apparel,West,West Gear,Online,California,69,130,19
"November 5, 2020",Men's Apparel,West,West Gear,Online,California,51,82,16
"December 23, 2020",Men's Apparel,West,West Gear,Online,California,62,90,15
"January 16, 2021",Men's Apparel,West,West Gear,Online,California,64,149,23
"December 29, 2020",Men's Apparel,West,West Gear,Online,California,59,90,15
"January 4, 2021",Men's Apparel,West,West Gear,Online,California,60,92,15
"January 10, 2021",Men's Apparel,West,West Gear,Online,California,62,96,16
"March 31, 2020",Men's Apparel,West,West Gear,Online,Colorado,56,22,4
"April 6, 2020",Men's Apparel,West,West Gear,Online,Colorado,62,27,4
"March 25, 2020",Men's Apparel,West,West Gear,Online,Colorado,43,25,6
"March 19, 2020",Men's Apparel,West,West Gear,Online,Colorado,41,23,6
"May 12, 2020",Men's Apparel,West,West Gear,Online,Colorado,64,48,8
"May 24, 2020",Men's Apparel,West,West Gear,Online,Colorado,68,78,12
"May 18, 2020",Men's Apparel,West,West Gear,Online,Colorado,68,71,11
"May 6, 2020",Men's Apparel,West,West Gear,Online,Colorado,74,89,12
"April 24, 2020",Men's Apparel,West,West Gear,Online,Colorado,67,88,13
"April 30, 2020",Men's Apparel,West,West Gear,Online,Colorado,74,104,14
"April 12, 2020",Men's Apparel,West,West Gear,Online,Colorado,63,28,4
"April 18, 2020",Men's Apparel,West,West Gear,Online,Colorado,66,60,9
"March 13, 2020",Men's Apparel,West,West Gear,Online,Nevada,69,77,11
"March 1, 2020",Men's Apparel,West,West Gear,Online,Nevada,63,51,8
"February 23, 2020",Men's Apparel,West,West Gear,Online,Nevada,67,80,12
"March 7, 2020",Men's Apparel,West,West Gear,Online,Nevada,64,56,9
"January 6, 2020",Men's Apparel,West,West Gear,Online,Nevada,47,33,7
"January 24, 2020",Men's Apparel,West,West Gear,Online,Nevada,63,33,5
"February 17, 2020",Men's Apparel,West,West Gear,Online,Nevada,68,94,14
"January 12, 2020",Men's Apparel,West,West Gear,Online,Nevada,46,24,5
"January 18, 2020",Men's Apparel,West,West Gear,Online,Nevada,55,26,5
"January 30, 2020",Men's Apparel,West,West Gear,Online,Nevada,60,36,6
"February 11, 2020",Men's Apparel,West,West Gear,Online,Nevada,60,78,13
"February 5, 2020",Men's Apparel,West,West Gear,Online,Nevada,59,48,8
"April 24, 2021",Men's Apparel,West,West Gear,Online,Oregon,48,17,4
"December 23, 2021",Men's Apparel,West,West Gear,Online,Oregon,72,96,13
"July 23, 2021",Men's Apparel,West,West Gear,Online,Oregon,84,131,16
"February 24, 2021",Men's Apparel,West,West Gear,Online,Oregon,42,16,4
"March 23, 2021",Men's Apparel,West,West Gear,Online,Oregon,54,14,3
"September 25, 2021",Men's Apparel,West,West Gear,Online,Oregon,58,34,6
"August 24, 2021",Men's Apparel,West,West Gear,Online,Oregon,65,83,13
"June 24, 2021",Men's Apparel,West,West Gear,Online,Oregon,86,93,11
"October 24, 2021",Men's Apparel,West,West Gear,Online,Oregon,51,38,8
"November 24, 2021",Men's Apparel,West,West Gear,Online,Oregon,68,75,11
"May 25, 2021",Men's Apparel,West,West Gear,Online,Oregon,41,18,4
"January 17, 2021",Men's Apparel,West,West Gear,Online,Oregon,46,27,6
"January 24, 2021",Men's Apparel,West,West Gear,Online,Utah,42,18,4
"July 23, 2020",Men's Apparel,West,West Gear,Online,Washington,69,65,9
"July 5, 2020",Men's Apparel,West,West Gear,Online,Washington,77,111,14
"June 23, 2020",Men's Apparel,West,West Gear,Online,Washington,60,31,5
"June 11, 2020",Men's Apparel,West,West Gear,Online,Washington,69,32,5
"August 4, 2020",Men's Apparel,West,West Gear,Online,Washington,82,109,13
"May 30, 2020",Men's Apparel,West,West Gear,Online,Washington,51,37,7
"July 11, 2020",Men's Apparel,West,West Gear,Online,Washington,71,110,16
"June 29, 2020",Men's Apparel,West,West Gear,Online,Washington,82,86,11
"June 5, 2020",Men's Apparel,West,West Gear,Online,Washington,52,34,7
"June 17, 2020",Men's Apparel,West,West Gear,Online,Washington,59,33,6
"July 17, 2020",Men's Apparel,West,West Gear,Online,Washington,72,80,11
"July 29, 2020",Men's Apparel,West,West Gear,Online,Washington,85,98,12
"February 6, 2021",Men's Athletic Footwear,West,West Gear,Online,California,58,137,24
"February 12, 2021",Men's Athletic Footwear,West,West Gear,Online,California,58,158,27
"January 25, 2021",Men's Athletic Footwear,West,West Gear,Online,California,56,150,27
"January 31, 2021",Men's Athletic Footwear,West,West Gear,Online,California,59,129,22
"November 14, 2020",Men's Athletic Footwear,West,West Gear,Online,California,58,102,18
"December 26, 2020",Men's Athletic Footwear,West,West Gear,Online,California,62,126,20
"January 19, 2021",Men's Athletic Footwear,West,West Gear,Online,California,66,171,26
"November 8, 2020",Men's Athletic Footwear,West,West Gear,Online,California,49,103,21
"January 13, 2021",Men's Athletic Footwear,West,West Gear,Online,California,59,145,25
"January 1, 2021",Men's Athletic Footwear,West,West Gear,Online,California,64,144,23
"January 7, 2021",Men's Athletic Footwear,West,West Gear,Online,California,63,156,25
"March 22, 2020",Men's Athletic Footwear,West,West Gear,Online,Colorado,38,42,11
"March 28, 2020",Men's Athletic Footwear,West,West Gear,Online,Colorado,48,54,11
"May 9, 2020",Men's Athletic Footwear,West,West Gear,Online,Colorado,54,82,15
"April 3, 2020",Men's Athletic Footwear,West,West Gear,Online,Colorado,59,55,9
"May 3, 2020",Men's Athletic Footwear,West,West Gear,Online,Colorado,69,116,17
"May 15, 2020",Men's Athletic Footwear,West,West Gear,Online,Colorado,55,83,15
"May 21, 2020",Men's Athletic Footwear,West,West Gear,Online,Colorado,64,116,18
"May 27, 2020",Men's Athletic Footwear,West,West Gear,Online,Colorado,48,63,13
"April 21, 2020",Men's Athletic Footwear,West,West Gear,Online,Colorado,67,126,19
"April 27, 2020",Men's Athletic Footwear,West,West Gear,Online,Colorado,73,138,19
"April 9, 2020",Men's Athletic Footwear,West,West Gear,Online,Colorado,60,63,11
"April 15, 2020",Men's Athletic Footwear,West,West Gear,Online,Colorado,59,85,14
"March 16, 2020",Men's Athletic Footwear,West,West Gear,Online,Nevada,38,47,12
"February 20, 2020",Men's Athletic Footwear,West,West Gear,Online,Nevada,61,99,16
"March 10, 2020",Men's Athletic Footwear,West,West Gear,Online,Nevada,62,117,19
"March 4, 2020",Men's Athletic Footwear,West,West Gear,Online,Nevada,64,96,15
"February 26, 2020",Men's Athletic Footwear,West,West Gear,Online,Nevada,59,97,17
"February 8, 2020",Men's Athletic Footwear,West,West Gear,Online,Nevada,61,106,17
"January 21, 2020",Men's Athletic Footwear,West,West Gear,Online,Nevada,62,63,10
"February 14, 2020",Men's Athletic Footwear,West,West Gear,Online,Nevada,64,116,18
"January 9, 2020",Men's Athletic Footwear,West,West Gear,Online,Nevada,43,55,13
"January 15, 2020",Men's Athletic Footwear,West,West Gear,Online,Nevada,50,60,12
"February 2, 2020",Men's Athletic Footwear,West,West Gear,Online,Nevada,62,102,17
"January 27, 2020",Men's Athletic Footwear,West,West Gear,Online,Nevada,60,62,10
"May 25, 2021",Men's Athletic Footwear,West,West Gear,Online,Oregon,50,53,11
"October 24, 2021",Men's Athletic Footwear,West,West Gear,Online,Oregon,50,71,14
"September 25, 2021",Men's Athletic Footwear,West,West Gear,Online,Oregon,51,62,12
"December 23, 2021",Men's Athletic Footwear,West,West Gear,Online,Oregon,72,157,22
"July 23, 2021",Men's Athletic Footwear,West,West Gear,Online,Oregon,85,167,20
"March 23, 2021",Men's Athletic Footwear,West,West Gear,Online,Oregon,45,38,9
"April 24, 2021",Men's Athletic Footwear,West,West Gear,Online,Oregon,54,45,8
"June 24, 2021",Men's Athletic Footwear,West,West Gear,Online,Oregon,62,105,17
"August 24, 2021",Men's Athletic Footwear,West,West Gear,Online,Oregon,76,177,23
"November 24, 2021",Men's Athletic Footwear,West,West Gear,Online,Oregon,48,94,20
"February 17, 2021",Men's Athletic Footwear,West,West Gear,Online,Oregon,41,48,12
"January 17, 2021",Men's Athletic Footwear,West,West Gear,Online,Oregon,42,42,10
"February 24, 2021",Men's Athletic Footwear,West,West Gear,Online,Utah,39,35,9
"January 24, 2021",Men's Athletic Footwear,West,West Gear,Online,Utah,39,41,11
"July 14, 2020",Men's Athletic Footwear,West,West Gear,Online,Washington,71,124,17
"June 8, 2020",Men's Athletic Footwear,West,West Gear,Online,Washington,58,67,12
"July 2, 2020",Men's Athletic Footwear,West,West Gear,Online,Washington,82,149,18
"July 26, 2020",Men's Athletic Footwear,West,West Gear,Online,Washington,60,113,19
"July 20, 2020",Men's Athletic Footwear,West,West Gear,Online,Washington,64,88,14
"June 26, 2020",Men's Athletic Footwear,West,West Gear,Online,Washington,74,139,19
"June 20, 2020",Men's Athletic Footwear,West,West Gear,Online,Washington,60,65,11
"August 1, 2020",Men's Athletic Footwear,West,West Gear,Online,Washington,77,150,20
"June 2, 2020",Men's Athletic Footwear,West,West Gear,Online,Washington,47,62,13
"June 14, 2020",Men's Athletic Footwear,West,West Gear,Online,Washington,71,62,9
"July 8, 2020",Men's Athletic Footwear,West,West Gear,Online,Washington,77,162,21
"February 11, 2021",Men's Street Footwear,West,West Gear,Online,California,51,149,29
"January 24, 2021",Men's Street Footwear,West,West Gear,Online,California,51,123,24
"February 5, 2021",Men's Street Footwear,West,West Gear,Online,California,52,137,26
"November 13, 2020",Men's Street Footwear,West,West Gear,Online,California,49,113,23
"January 30, 2021",Men's Street Footwear,West,West Gear,Online,California,51,120,24
"January 12, 2021",Men's Street Footwear,West,West Gear,Online,California,56,155,28
"January 18, 2021",Men's Street Footwear,West,West Gear,Online,California,62,169,27
"December 25, 2020",Men's Street Footwear,West,West Gear,Online,California,56,128,23
"November 7, 2020",Men's Street Footwear,West,West Gear,Online,California,37,83,22
"December 31, 2020",Men's Street Footwear,West,West Gear,Online,California,56,141,25
"January 6, 2021",Men's Street Footwear,West,West Gear,Online,California,56,153,27
"May 26, 2020",Men's Street Footwear,West,West Gear,Online,Colorado,36,42,12
"April 2, 2020",Men's Street Footwear,West,West Gear,Online,Colorado,55,72,13
"March 21, 2020",Men's Street Footwear,West,West Gear,Online,Colorado,27,35,13
"March 27, 2020",Men's Street Footwear,West,West Gear,Online,Colorado,37,61,17
"May 8, 2020",Men's Street Footwear,West,West Gear,Online,Colorado,51,70,14
"May 20, 2020",Men's Street Footwear,West,West Gear,Online,Colorado,59,120,20
"May 2, 2020",Men's Street Footwear,West,West Gear,Online,Colorado,59,96,16
"May 14, 2020",Men's Street Footwear,West,West Gear,Online,Colorado,52,78,15
"April 26, 2020",Men's Street Footwear,West,West Gear,Online,Colorado,63,123,20
"April 20, 2020",Men's Street Footwear,West,West Gear,Online,Colorado,64,129,20
"April 8, 2020",Men's Street Footwear,West,West Gear,Online,Colorado,55,72,13
"April 14, 2020",Men's Street Footwear,West,West Gear,Online,Colorado,54,102,19
"March 9, 2020",Men's Street Footwear,West,West Gear,Online,Nevada,58,114,20
"February 19, 2020",Men's Street Footwear,West,West Gear,Online,Nevada,56,97,17
"March 3, 2020",Men's Street Footwear,West,West Gear,Online,Nevada,57,88,16
"February 25, 2020",Men's Street Footwear,West,West Gear,Online,Nevada,56,77,14
"March 15, 2020",Men's Street Footwear,West,West Gear,Online,Nevada,28,34,12
"January 8, 2020",Men's Street Footwear,West,West Gear,Online,Nevada,34,54,16
"January 20, 2020",Men's Street Footwear,West,West Gear,Online,Nevada,58,83,14
"February 7, 2020",Men's Street Footwear,West,West Gear,Online,Nevada,58,126,22
"February 13, 2020",Men's Street Footwear,West,West Gear,Online,Nevada,62,130,21
"January 14, 2020",Men's Street Footwear,West,West Gear,Online,Nevada,43,69,16
"February 1, 2020",Men's Street Footwear,West,West Gear,Online,Nevada,56,106,19
"January 26, 2020",Men's Street Footwear,West,West Gear,Online,Nevada,58,86,15
"September 25, 2021",Men's Street Footwear,West,West Gear,Online,Oregon,46,56,12
"May 25, 2021",Men's Street Footwear,West,West Gear,Online,Oregon,48,70,15
"November 24, 2021",Men's Street Footwear,West,West Gear,Online,Oregon,44,76,17
"April 24, 2021",Men's Street Footwear,West,West Gear,Online,Oregon,51,63,12
"October 24, 2021",Men's Street Footwear,West,West Gear,Online,Oregon,38,39,10
"December 23, 2021",Men's Street Footwear,West,West Gear,Online,Oregon,61,115,19
"July 23, 2021",Men's Street Footwear,West,West Gear,Online,Oregon,79,201,26
"August 24, 2021",Men's Street Footwear,West,West Gear,Online,Oregon,81,162,20
"March 23, 2021",Men's Street Footwear,West,West Gear,Online,Oregon,38,49,13
"June 24, 2021",Men's Street Footwear,West,West Gear,Online,Oregon,51,115,23
"January 17, 2021",Men's Street Footwear,West,West Gear,Online,Oregon,33,33,10
"February 17, 2021",Men's Street Footwear,West,West Gear,Online,Oregon,33,46,14
"February 24, 2021",Men's Street Footwear,West,West Gear,Online,Utah,29,34,12
"January 24, 2021",Men's Street Footwear,West,West Gear,Online,Utah,27,26,10
"July 19, 2020",Men's Street Footwear,West,West Gear,Online,Washington,58,86,15
"July 1, 2020",Men's Street Footwear,West,West Gear,Online,Washington,73,174,24
"July 31, 2020",Men's Street Footwear,West,West Gear,Online,Washington,78,147,19
"June 19, 2020",Men's Street Footwear,West,West Gear,Online,Washington,55,91,17
"July 13, 2020",Men's Street Footwear,West,West Gear,Online,Washington,64,100,16
"June 25, 2020",Men's Street Footwear,West,West Gear,Online,Washington,71,138,20
"June 1, 2020",Men's Street Footwear,West,West Gear,Online,Washington,36,50,14
"July 25, 2020",Men's Street Footwear,West,West Gear,Online,Washington,54,87,16
"June 13, 2020",Men's Street Footwear,West,West Gear,Online,Washington,68,109,16
"June 7, 2020",Men's Street Footwear,West,West Gear,Online,Washington,46,77,17
"July 7, 2020",Men's Street Footwear,West,West Gear,Online,Washington,80,174,22
"February 10, 2021",Women's Apparel,West,West Gear,Online,California,67,135,20
"February 4, 2021",Women's Apparel,West,West Gear,Online,California,63,123,20
"February 16, 2021",Women's Apparel,West,West Gear,Online,California,67,139,21
"January 29, 2021",Women's Apparel,West,West Gear,Online,California,65,141,22
"November 6, 2020",Women's Apparel,West,West Gear,Online,California,49,114,23
"January 23, 2021",Women's Apparel,West,West Gear,Online,California,76,138,18
"December 24, 2020",Women's Apparel,West,West Gear,Online,California,54,113,21
"December 30, 2020",Women's Apparel,West,West Gear,Online,California,72,146,20
"November 12, 2020",Women's Apparel,West,West Gear,Online,California,46,84,18
"January 17, 2021",Women's Apparel,West,West Gear,Online,California,72,168,23
"January 5, 2021",Women's Apparel,West,West Gear,Online,California,72,136,19
"January 11, 2021",Women's Apparel,West,West Gear,Online,California,72,158,22
"April 7, 2020",Women's Apparel,West,West Gear,Online,Colorado,72,71,10
"March 20, 2020",Women's Apparel,West,West Gear,Online,Colorado,37,47,13
"March 26, 2020",Women's Apparel,West,West Gear,Online,Colorado,37,43,12
"April 1, 2020",Women's Apparel,West,West Gear,Online,Colorado,52,49,10
"May 13, 2020",Women's Apparel,West,West Gear,Online,Colorado,65,68,11
"May 7, 2020",Women's Apparel,West,West Gear,Online,Colorado,65,69,11
"May 19, 2020",Women's Apparel,West,West Gear,Online,Colorado,73,95,13
"May 25, 2020",Women's Apparel,West,West Gear,Online,Colorado,75,103,14
"May 1, 2020",Women's Apparel,West,West Gear,Online,Colorado,74,74,10
"April 25, 2020",Women's Apparel,West,West Gear,Online,Colorado,78,107,14
"April 13, 2020",Women's Apparel,West,West Gear,Online,Colorado,74,98,13
"April 19, 2020",Women's Apparel,West,West Gear,Online,Colorado,83,150,18
"March 2, 2020",Women's Apparel,West,West Gear,Online,Nevada,68,64,9
"March 8, 2020",Women's Apparel,West,West Gear,Online,Nevada,68,90,13
"March 14, 2020",Women's Apparel,West,West Gear,Online,Nevada,74,111,15
"January 7, 2020",Women's Apparel,West,West Gear,Online,Nevada,41,52,13
"February 24, 2020",Women's Apparel,West,West Gear,Online,Nevada,74,84,11
"February 12, 2020",Women's Apparel,West,West Gear,Online,Nevada,78,113,15
"January 13, 2020",Women's Apparel,West,West Gear,Online,Nevada,41,48,12
"January 19, 2020",Women's Apparel,West,West Gear,Online,Nevada,54,51,9
"January 25, 2020",Women's Apparel,West,West Gear,Online,Nevada,78,74,10
"February 18, 2020",Women's Apparel,West,West Gear,Online,Nevada,78,84,11
"January 31, 2020",Women's Apparel,West,West Gear,Online,Nevada,78,102,13
"February 6, 2020",Women's Apparel,West,West Gear,Online,Nevada,73,127,17
"February 24, 2021",Women's Apparel,West,West Gear,Online,Oregon,37,31,9
"December 23, 2021",Women's Apparel,West,West Gear,Online,Oregon,77,133,17
"September 25, 2021",Women's Apparel,West,West Gear,Online,Oregon,41,30,7
"March 23, 2021",Women's Apparel,West,West Gear,Online,Oregon,49,43,9
"November 24, 2021",Women's Apparel,West,West Gear,Online,Oregon,76,113,15
"July 23, 2021",Women's Apparel,West,West Gear,Online,Oregon,97,146,15
"October 24, 2021",Women's Apparel,West,West Gear,Online,Oregon,58,61,11
"August 24, 2021",Women's Apparel,West,West Gear,Online,Oregon,69,50,7
"May 25, 2021",Women's Apparel,West,West Gear,Online,Oregon,54,85,16
"April 24, 2021",Women's Apparel,West,West Gear,Online,Oregon,59,50,8
"June 24, 2021",Women's Apparel,West,West Gear,Online,Oregon,95,180,19
"January 17, 2021",Women's Apparel,West,West Gear,Online,Oregon,41,50,12
"January 24, 2021",Women's Apparel,West,West Gear,Online,Utah,39,42,11
"June 6, 2020",Women's Apparel,West,West Gear,Online,Washington,46,57,12
"May 31, 2020",Women's Apparel,West,West Gear,Online,Washington,46,58,13
"July 30, 2020",Women's Apparel,West,West Gear,Online,Washington,88,121,14
"June 18, 2020",Women's Apparel,West,West Gear,Online,Washington,78,69,9
"June 24, 2020",Women's Apparel,West,West Gear,Online,Washington,75,94,13
"July 12, 2020",Women's Apparel,West,West Gear,Online,Washington,76,82,11
"June 12, 2020",Women's Apparel,West,West Gear,Online,Washington,62,65,11
"August 5, 2020",Women's Apparel,West,West Gear,Online,Washington,86,129,15
"June 30, 2020",Women's Apparel,West,West Gear,Online,Washington,98,178,18
"July 18, 2020",Women's Apparel,West,West Gear,Online,Washington,62,70,11
"July 24, 2020",Women's Apparel,West,West Gear,Online,Washington,71,72,10
"July 6, 2020",Women's Apparel,West,West Gear,Online,Washington,95,147,16
"January 27, 2021",Women's Athletic Footwear,West,West Gear,Online,California,53,108,20
"February 2, 2021",Women's Athletic Footwear,West,West Gear,Online,California,51,104,20
"February 14, 2021",Women's Athletic Footwear,West,West Gear,Online,California,51,99,19
"February 8, 2021",Women's Athletic Footwear,West,West Gear,Online,California,53,111,21
"January 15, 2021",Women's Athletic Footwear,West,West Gear,Online,California,55,120,22
"December 28, 2020",Women's Athletic Footwear,West,West Gear,Online,California,54,102,19
"January 21, 2021",Women's Athletic Footwear,West,West Gear,Online,California,59,111,19
"November 10, 2020",Women's Athletic Footwear,West,West Gear,Online,California,47,71,15
"December 22, 2020",Women's Athletic Footwear,West,West Gear,Online,California,58,101,17
"January 3, 2021",Women's Athletic Footwear,West,West Gear,Online,California,56,102,18
"January 9, 2021",Women's Athletic Footwear,West,West Gear,Online,California,59,124,21
"May 29, 2020",Women's Athletic Footwear,West,West Gear,Online,Colorado,49,38,8
"March 30, 2020",Women's Athletic Footwear,West,West Gear,Online,Colorado,51,46,9
"April 5, 2020",Women's Athletic Footwear,West,West Gear,Online,Colorado,56,41,7
"March 24, 2020",Women's Athletic Footwear,West,West Gear,Online,Colorado,36,26,7
"May 23, 2020",Women's Athletic Footwear,West,West Gear,Online,Colorado,63,79,13
"May 11, 2020",Women's Athletic Footwear,West,West Gear,Online,Colorado,53,45,9
"May 5, 2020",Women's Athletic Footwear,West,West Gear,Online,Colorado,59,59,10
"May 17, 2020",Women's Athletic Footwear,West,West Gear,Online,Colorado,60,70,12
"April 23, 2020",Women's Athletic Footwear,West,West Gear,Online,Colorado,61,87,14
"April 29, 2020",Women's Athletic Footwear,West,West Gear,Online,Colorado,63,85,14
"April 11, 2020",Women's Athletic Footwear,West,West Gear,Online,Colorado,58,40,7
"April 17, 2020",Women's Athletic Footwear,West,West Gear,Online,Colorado,62,84,14
"March 6, 2020",Women's Athletic Footwear,West,West Gear,Online,Nevada,56,60,11
"February 28, 2020",Women's Athletic Footwear,West,West Gear,Online,Nevada,54,57,11
"March 12, 2020",Women's Athletic Footwear,West,West Gear,Online,Nevada,57,76,13
"February 22, 2020",Women's Athletic Footwear,West,West Gear,Online,Nevada,58,65,11
"March 18, 2020",Women's Athletic Footwear,West,West Gear,Online,Nevada,38,27,7
"January 11, 2020",Women's Athletic Footwear,West,West Gear,Online,Nevada,44,33,7
"January 23, 2020",Women's Athletic Footwear,West,West Gear,Online,Nevada,59,44,8
"January 17, 2020",Women's Athletic Footwear,West,West Gear,Online,Nevada,50,42,8
"February 16, 2020",Women's Athletic Footwear,West,West Gear,Online,Nevada,64,79,12
"February 10, 2020",Women's Athletic Footwear,West,West Gear,Online,Nevada,55,64,12
"January 29, 2020",Women's Athletic Footwear,West,West Gear,Online,Nevada,57,51,9
"February 4, 2020",Women's Athletic Footwear,West,West Gear,Online,Nevada,58,64,11
"December 23, 2021",Women's Athletic Footwear,West,West Gear,Online,Oregon,67,96,14
"September 25, 2021",Women's Athletic Footwear,West,West Gear,Online,Oregon,49,25,5
"November 24, 2021",Women's Athletic Footwear,West,West Gear,Online,Oregon,51,67,13
"August 24, 2021",Women's Athletic Footwear,West,West Gear,Online,Oregon,68,81,12
"February 24, 2021",Women's Athletic Footwear,West,West Gear,Online,Oregon,39,23,6
"October 24, 2021",Women's Athletic Footwear,West,West Gear,Online,Oregon,44,36,8
"March 23, 2021",Women's Athletic Footwear,West,West Gear,Online,Oregon,49,32,7
"May 25, 2021",Women's Athletic Footwear,West,West Gear,Online,Oregon,49,41,8
"July 23, 2021",Women's Athletic Footwear,West,West Gear,Online,Oregon,82,135,17
"April 24, 2021",Women's Athletic Footwear,West,West Gear,Online,Oregon,41,26,6
"June 24, 2021",Women's Athletic Footwear,West,West Gear,Online,Oregon,74,117,16
"January 17, 2021",Women's Athletic Footwear,West,West Gear,Online,Oregon,41,28,7
"January 24, 2021",Women's Athletic Footwear,West,West Gear,Online,Utah,39,23,6
"July 16, 2020",Women's Athletic Footwear,West,West Gear,Online,Washington,67,75,11
"June 28, 2020",Women's Athletic Footwear,West,West Gear,Online,Washington,75,94,13
"July 4, 2020",Women's Athletic Footwear,West,West Gear,Online,Washington,78,107,14
"June 4, 2020",Women's Athletic Footwear,West,West Gear,Online,Washington,48,42,9
"June 16, 2020",Women's Athletic Footwear,West,West Gear,Online,Washington,55,50,9
"June 10, 2020",Women's Athletic Footwear,West,West Gear,Online,Washington,64,54,9
"July 28, 2020",Women's Athletic Footwear,West,West Gear,Online,Washington,69,81,12
"August 3, 2020",Women's Athletic Footwear,West,West Gear,Online,Washington,76,105,14
"July 22, 2020",Women's Athletic Footwear,West,West Gear,Online,Washington,58,57,10
"June 22, 2020",Women's Athletic Footwear,West,West Gear,Online,Washington,59,53,9
"July 10, 2020",Women's Athletic Footwear,West,West Gear,Online,Washington,74,115,16
"February 7, 2021",Women's Street Footwear,West,West Gear,Online,California,50,105,21
"January 26, 2021",Women's Street Footwear,West,West Gear,Online,California,52,117,23
"February 13, 2021",Women's Street Footwear,West,West Gear,Online,California,52,121,23
"February 1, 2021",Women's Street Footwear,West,West Gear,Online,California,50,91,18
"January 14, 2021",Women's Street Footwear,West,West Gear,Online,California,62,154,25
"November 15, 2020",Women's Street Footwear,West,West Gear,Online,California,55,112,20
"January 20, 2021",Women's Street Footwear,West,West Gear,Online,California,60,120,20
"November 9, 2020",Women's Street Footwear,West,West Gear,Online,California,49,96,20
"December 27, 2020",Women's Street Footwear,West,West Gear,Online,California,64,134,21
"January 2, 2021",Women's Street Footwear,West,West Gear,Online,California,60,131,22
"January 8, 2021",Women's Street Footwear,West,West Gear,Online,California,64,132,21
"May 28, 2020",Women's Street Footwear,West,West Gear,Online,Colorado,46,62,14
"March 29, 2020",Women's Street Footwear,West,West Gear,Online,Colorado,51,59,12
"March 23, 2020",Women's Street Footwear,West,West Gear,Online,Colorado,38,47,12
"May 10, 2020",Women's Street Footwear,West,West Gear,Online,Colorado,51,52,10
"May 4, 2020",Women's Street Footwear,West,West Gear,Online,Colorado,60,68,11
"April 4, 2020",Women's Street Footwear,West,West Gear,Online,Colorado,61,69,11
"May 16, 2020",Women's Street Footwear,West,West Gear,Online,Colorado,51,65,13
"May 22, 2020",Women's Street Footwear,West,West Gear,Online,Colorado,60,75,13
"April 22, 2020",Women's Street Footwear,West,West Gear,Online,Colorado,67,108,16
"April 28, 2020",Women's Street Footwear,West,West Gear,Online,Colorado,67,96,14
"April 10, 2020",Women's Street Footwear,West,West Gear,Online,Colorado,59,58,10
"April 16, 2020",Women's Street Footwear,West,West Gear,Online,Colorado,64,96,15
"February 27, 2020",Women's Street Footwear,West,West Gear,Online,Nevada,54,59,11
"March 17, 2020",Women's Street Footwear,West,West Gear,Online,Nevada,39,45,12
"March 5, 2020",Women's Street Footwear,West,West Gear,Online,Nevada,55,58,11
"March 11, 2020",Women's Street Footwear,West,West Gear,Online,Nevada,59,70,12
"February 21, 2020",Women's Street Footwear,West,West Gear,Online,Nevada,57,67,12
"February 15, 2020",Women's Street Footwear,West,West Gear,Online,Nevada,60,91,15
"January 10, 2020",Women's Street Footwear,West,West Gear,Online,Nevada,41,49,12
"January 16, 2020",Women's Street Footwear,West,West Gear,Online,Nevada,52,54,10
"January 22, 2020",Women's Street Footwear,West,West Gear,Online,Nevada,61,73,12
"February 9, 2020",Women's Street Footwear,West,West Gear,Online,Nevada,61,87,14
"January 28, 2020",Women's Street Footwear,West,West Gear,Online,Nevada,63,73,12
"February 3, 2020",Women's Street Footwear,West,West Gear,Online,Nevada,62,102,17
"September 25, 2021",Women's Street Footwear,West,West Gear,Online,Oregon,49,37,8
"March 23, 2021",Women's Street Footwear,West,West Gear,Online,Oregon,54,48,9
"December 23, 2021",Women's Street Footwear,West,West Gear,Online,Oregon,67,111,17
"June 24, 2021",Women's Street Footwear,West,West Gear,Online,Oregon,78,147,19
"July 23, 2021",Women's Street Footwear,West,West Gear,Online,Oregon,86,140,16
"April 24, 2021",Women's Street Footwear,West,West Gear,Online,Oregon,55,47,9
"October 24, 2021",Women's Street Footwear,West,West Gear,Online,Oregon,46,42,9
"August 24, 2021",Women's Street Footwear,West,West Gear,Online,Oregon,68,133,20
"November 24, 2021",Women's Street Footwear,West,West Gear,Online,Oregon,42,54,13
"May 25, 2021",Women's Street Footwear,West,West Gear,Online,Oregon,50,48,10
"February 17, 2021",Women's Street Footwear,West,West Gear,Online,Oregon,41,49,12
"January 17, 2021",Women's Street Footwear,West,West Gear,Online,Oregon,43,48,11
"February 24, 2021",Women's Street Footwear,West,West Gear,Online,Utah,36,32,9
"January 24, 2021",Women's Street Footwear,West,West Gear,Online,Utah,39,41,11
"July 9, 2020",Women's Street Footwear,West,West Gear,Online,Washington,73,119,16
"July 3, 2020",Women's Street Footwear,West,West Gear,Online,Washington,78,137,18
"July 21, 2020",Women's Street Footwear,West,West Gear,Online,Washington,56,63,11
"July 27, 2020",Women's Street Footwear,West,West Gear,Online,Washington,54,67,12
"July 15, 2020",Women's Street Footwear,West,West Gear,Online,Washington,63,85,14
"June 21, 2020",Women's Street Footwear,West,West Gear,Online,Washington,61,73,12
"June 27, 2020",Women's Street Footwear,West,West Gear,Online,Washington,72,117,16
"June 3, 2020",Women's Street Footwear,West,West Gear,Online,Washington,47,57,12
"August 2, 2020",Women's Street Footwear,West,West Gear,Online,Washington,73,101,14
"June 15, 2020",Women's Street Footwear,West,West Gear,Online,Washington,74,89,12
"June 9, 2020",Women's Street Footwear,West,West Gear,Online,Washington,60,69,12
"September 9, 2021",Men's Apparel,Midwest,Amazon,Online,Ohio,35,"1,575",45
"March 9, 2021",Men's Apparel,Midwest,Amazon,Online,Ohio,40,"1,500",38
"October 11, 2021",Men's Apparel,Midwest,Amazon,Online,Ohio,40,"1,600",40
"April 10, 2021",Men's Apparel,Midwest,Amazon,Online,Ohio,45,"1,688",38
"February 11, 2021",Men's Apparel,Midwest,Amazon,Online,Ohio,45,"2,025",45
"January 22, 2021",Men's Apparel,Midwest,Amazon,Online,Ohio,50,"1,000",20
"May 9, 2021",Men's Apparel,Midwest,Amazon,Online,Ohio,50,"2,250",45
"August 10, 2021",Men's Apparel,Midwest,Amazon,Online,Ohio,55,"2,750",50
"June 11, 2021",Men's Apparel,Midwest,Amazon,Online,Ohio,65,"3,250",50
"July 9, 2021",Men's Apparel,Midwest,Amazon,Online,Ohio,65,"3,575",55
"November 10, 2021",Men's Apparel,Midwest,Amazon,Online,Ohio,80,"3,800",48
"October 11, 2021",Men's Apparel,Midwest,Amazon,Online,Ohio,37,43,12
"February 11, 2021",Men's Apparel,Midwest,Amazon,Online,Ohio,41,50,12
"May 9, 2021",Men's Apparel,Midwest,Amazon,Online,Ohio,49,62,13
"July 9, 2021",Men's Apparel,Midwest,Amazon,Online,Ohio,59,91,15
"April 10, 2021",Men's Apparel,Midwest,Amazon,Online,Ohio,42,42,10
"January 22, 2021",Men's Apparel,Midwest,Amazon,Online,Ohio,46,24,5
"June 11, 2021",Men's Apparel,Midwest,Amazon,Online,Ohio,62,93,15
"September 9, 2021",Men's Apparel,Midwest,Amazon,Online,Ohio,32,39,12
"March 9, 2021",Men's Apparel,Midwest,Amazon,Online,Ohio,37,42,11
"August 10, 2021",Men's Apparel,Midwest,Amazon,Online,Ohio,50,68,14
"November 10, 2021",Men's Apparel,Midwest,Amazon,Online,Ohio,76,105,14
"November 10, 2021",Men's Athletic Footwear,Midwest,Amazon,Online,Ohio,25,"1,250",50
"April 10, 2021",Men's Athletic Footwear,Midwest,Amazon,Online,Ohio,30,"1,275",43
"March 9, 2021",Men's Athletic Footwear,Midwest,Amazon,Online,Ohio,30,"1,350",45
"October 11, 2021",Men's Athletic Footwear,Midwest,Amazon,Online,Ohio,30,"1,650",55
"February 22, 2021",Men's Athletic Footwear,Midwest,Amazon,Online,Ohio,40,800,20
"January 22, 2021",Men's Athletic Footwear,Midwest,Amazon,Online,Ohio,40,"1,200",30
"May 9, 2021",Men's Athletic Footwear,Midwest,Amazon,Online,Ohio,45,"2,250",50
"June 11, 2021",Men's Athletic Footwear,Midwest,Amazon,Online,Ohio,45,"2,475",55
"September 9, 2021",Men's Athletic Footwear,Midwest,Amazon,Online,Ohio,50,"2,875",58
"July 9, 2021",Men's Athletic Footwear,Midwest,Amazon,Online,Ohio,60,"3,900",65
"August 10, 2021",Men's Athletic Footwear,Midwest,Amazon,Online,Ohio,60,"3,900",65
"December 9, 2021",Men's Athletic Footwear,Midwest,Amazon,Online,Ohio,65,"4,063",63
"November 10, 2021",Men's Athletic Footwear,Midwest,Amazon,Online,Ohio,24,34,14
"March 9, 2021",Men's Athletic Footwear,Midwest,Amazon,Online,Ohio,27,34,13
"February 22, 2021",Men's Athletic Footwear,Midwest,Amazon,Online,Ohio,38,22,6
"June 11, 2021",Men's Athletic Footwear,Midwest,Amazon,Online,Ohio,41,57,14
"August 10, 2021",Men's Athletic Footwear,Midwest,Amazon,Online,Ohio,58,113,20
"October 11, 2021",Men's Athletic Footwear,Midwest,Amazon,Online,Ohio,29,40,14
"January 22, 2021",Men's Athletic Footwear,Midwest,Amazon,Online,Ohio,38,30,8
"September 9, 2021",Men's Athletic Footwear,Midwest,Amazon,Online,Ohio,47,81,17
"July 9, 2021",Men's Athletic Footwear,Midwest,Amazon,Online,Ohio,56,109,20
"December 9, 2021",Men's Athletic Footwear,Midwest,Amazon,Online,Ohio,60,109,18
"April 10, 2021",Men's Athletic Footwear,Midwest,Amazon,Online,Ohio,28,31,11
"May 9, 2021",Men's Athletic Footwear,Midwest,Amazon,Online,Ohio,44,59,14
"April 10, 2021",Men's Street Footwear,Midwest,Amazon,Online,Ohio,30,"2,175",73
"March 9, 2021",Men's Street Footwear,Midwest,Amazon,Online,Ohio,30,"2,310",77
"November 10, 2021",Men's Street Footwear,Midwest,Amazon,Online,Ohio,35,"2,363",68
"January 22, 2021",Men's Street Footwear,Midwest,Amazon,Online,Ohio,40,"2,000",50
"February 22, 2021",Men's Street Footwear,Midwest,Amazon,Online,Ohio,40,"2,200",55
"October 11, 2021",Men's Street Footwear,Midwest,Amazon,Online,Ohio,40,"2,900",73
"May 9, 2021",Men's Street Footwear,Midwest,Amazon,Online,Ohio,45,"3,578",80
"June 11, 2021",Men's Street Footwear,Midwest,Amazon,Online,Ohio,50,"4,000",80
"September 9, 2021",Men's Street Footwear,Midwest,Amazon,Online,Ohio,55,"4,263",78
"August 10, 2021",Men's Street Footwear,Midwest,Amazon,Online,Ohio,65,"5,688",88
"July 9, 2021",Men's Street Footwear,Midwest,Amazon,Online,Ohio,65,"5,850",90
"December 9, 2021",Men's Street Footwear,Midwest,Amazon,Online,Ohio,75,"6,188",83
"May 9, 2021",Men's Street Footwear,Midwest,Amazon,Online,Ohio,42,87,21
"August 10, 2021",Men's Street Footwear,Midwest,Amazon,Online,Ohio,61,139,23
"December 9, 2021",Men's Street Footwear,Midwest,Amazon,Online,Ohio,70,162,23
"March 9, 2021",Men's Street Footwear,Midwest,Amazon,Online,Ohio,27,62,23
"November 10, 2021",Men's Street Footwear,Midwest,Amazon,Online,Ohio,34,57,17
"October 11, 2021",Men's Street Footwear,Midwest,Amazon,Online,Ohio,36,76,21
"July 9, 2021",Men's Street Footwear,Midwest,Amazon,Online,Ohio,63,159,25
"February 22, 2021",Men's Street Footwear,Midwest,Amazon,Online,Ohio,38,52,14
"June 11, 2021",Men's Street Footwear,Midwest,Amazon,Online,Ohio,49,114,23
"January 22, 2021",Men's Street Footwear,Midwest,Amazon,Online,Ohio,37,50,14
"September 9, 2021",Men's Street Footwear,Midwest,Amazon,Online,Ohio,50,113,23
"April 10, 2021",Men's Street Footwear,Midwest,Amazon,Online,Ohio,28,61,22
"January 22, 2021",Women's Apparel,Midwest,Amazon,Online,Ohio,40,"1,200",30
"March 9, 2021",Women's Apparel,Midwest,Amazon,Online,Ohio,30,"1,425",48
"February 11, 2021",Women's Apparel,Midwest,Amazon,Online,Ohio,30,"1,650",55
"April 10, 2021",Women's Apparel,Midwest,Amazon,Online,Ohio,35,"1,838",53
"October 11, 2021",Women's Apparel,Midwest,Amazon,Online,Ohio,40,"2,100",53
"September 9, 2021",Women's Apparel,Midwest,Amazon,Online,Ohio,40,"2,200",55
"May 9, 2021",Women's Apparel,Midwest,Amazon,Online,Ohio,55,"3,025",55
"August 10, 2021",Women's Apparel,Midwest,Amazon,Online,Ohio,60,"4,050",68
"June 11, 2021",Women's Apparel,Midwest,Amazon,Online,Ohio,70,"4,725",68
"July 9, 2021",Women's Apparel,Midwest,Amazon,Online,Ohio,70,"5,075",73
"November 10, 2021",Women's Apparel,Midwest,Amazon,Online,Ohio,80,"4,600",58
"January 22, 2021",Women's Apparel,Midwest,Amazon,Online,Ohio,37,30,8
"March 9, 2021",Women's Apparel,Midwest,Amazon,Online,Ohio,28,36,13
"February 11, 2021",Women's Apparel,Midwest,Amazon,Online,Ohio,29,41,14
"August 10, 2021",Women's Apparel,Midwest,Amazon,Online,Ohio,54,91,17
"September 9, 2021",Women's Apparel,Midwest,Amazon,Online,Ohio,37,51,14
"June 11, 2021",Women's Apparel,Midwest,Amazon,Online,Ohio,64,125,20
"October 11, 2021",Women's Apparel,Midwest,Amazon,Online,Ohio,38,56,15
"July 9, 2021",Women's Apparel,Midwest,Amazon,Online,Ohio,69,125,18
"May 9, 2021",Women's Apparel,Midwest,Amazon,Online,Ohio,53,76,14
"November 10, 2021",Women's Apparel,Midwest,Amazon,Online,Ohio,74,124,17
"April 10, 2021",Women's Apparel,Midwest,Amazon,Online,Ohio,34,47,14
"March 9, 2021",Women's Athletic Footwear,Midwest,Amazon,Online,Ohio,25,813,33
"April 10, 2021",Women's Athletic Footwear,Midwest,Amazon,Online,Ohio,25,875,35
"September 9, 2021",Women's Athletic Footwear,Midwest,Amazon,Online,Ohio,25,"1,125",45
"February 11, 2021",Women's Athletic Footwear,Midwest,Amazon,Online,Ohio,30,"1,125",38
"October 11, 2021",Women's Athletic Footwear,Midwest,Amazon,Online,Ohio,30,"1,200",40
"January 22, 2021",Women's Athletic Footwear,Midwest,Amazon,Online,Ohio,35,525,15
"May 9, 2021",Women's Athletic Footwear,Midwest,Amazon,Online,Ohio,40,"1,700",43
"August 10, 2021",Women's Athletic Footwear,Midwest,Amazon,Online,Ohio,45,"2,363",53
"June 11, 2021",Women's Athletic Footwear,Midwest,Amazon,Online,Ohio,50,"2,500",50
"July 9, 2021",Women's Athletic Footwear,Midwest,Amazon,Online,Ohio,55,"2,888",53
"November 10, 2021",Women's Athletic Footwear,Midwest,Amazon,Online,Ohio,65,"3,250",50
"April 10, 2021",Women's Athletic Footwear,Midwest,Amazon,Online,Ohio,24,24,10
"February 11, 2021",Women's Athletic Footwear,Midwest,Amazon,Online,Ohio,29,29,10
"January 22, 2021",Women's Athletic Footwear,Midwest,Amazon,Online,Ohio,34,14,4
"November 10, 2021",Women's Athletic Footwear,Midwest,Amazon,Online,Ohio,59,80,14
"September 9, 2021",Women's Athletic Footwear,Midwest,Amazon,Online,Ohio,24,27,11
"October 11, 2021",Women's Athletic Footwear,Midwest,Amazon,Online,Ohio,29,32,11
"August 10, 2021",Women's Athletic Footwear,Midwest,Amazon,Online,Ohio,41,65,16
"June 11, 2021",Women's Athletic Footwear,Midwest,Amazon,Online,Ohio,49,69,14
"March 9, 2021",Women's Athletic Footwear,Midwest,Amazon,Online,Ohio,24,24,10
"July 9, 2021",Women's Athletic Footwear,Midwest,Amazon,Online,Ohio,53,81,15
"May 9, 2021",Women's Athletic Footwear,Midwest,Amazon,Online,Ohio,38,47,12
"April 10, 2021",Women's Street Footwear,Midwest,Amazon,Online,Ohio,20,850,43
"March 9, 2021",Women's Street Footwear,Midwest,Amazon,Online,Ohio,20,950,48
"September 9, 2021",Women's Street Footwear,Midwest,Amazon,Online,Ohio,25,"1,188",48
"February 22, 2021",Women's Street Footwear,Midwest,Amazon,Online,Ohio,30,750,25
"January 22, 2021",Women's Street Footwear,Midwest,Amazon,Online,Ohio,30,900,30
"October 11, 2021",Women's Street Footwear,Midwest,Amazon,Online,Ohio,30,"1,275",43
"November 10, 2021",Women's Street Footwear,Midwest,Amazon,Online,Ohio,35,"1,558",45
"May 9, 2021",Women's Street Footwear,Midwest,Amazon,Online,Ohio,40,"1,900",48
"June 11, 2021",Women's Street Footwear,Midwest,Amazon,Online,Ohio,50,"2,625",53
"July 9, 2021",Women's Street Footwear,Midwest,Amazon,Online,Ohio,55,"3,163",58
"August 10, 2021",Women's Street Footwear,Midwest,Amazon,Online,Ohio,55,"3,163",58
"November 10, 2021",Women's Street Footwear,Midwest,Amazon,Online,Ohio,32,37,12
"May 9, 2021",Women's Street Footwear,Midwest,Amazon,Online,Ohio,39,56,14
"July 9, 2021",Women's Street Footwear,Midwest,Amazon,Online,Ohio,51,88,17
"August 10, 2021",Women's Street Footwear,Midwest,Amazon,Online,Ohio,53,80,15
"January 22, 2021",Women's Street Footwear,Midwest,Amazon,Online,Ohio,28,21,8
"April 10, 2021",Women's Street Footwear,Midwest,Amazon,Online,Ohio,19,20,11
"March 9, 2021",Women's Street Footwear,Midwest,Amazon,Online,Ohio,20,25,12
"October 11, 2021",Women's Street Footwear,Midwest,Amazon,Online,Ohio,27,29,11
"February 22, 2021",Women's Street Footwear,Midwest,Amazon,Online,Ohio,29,18,6
"June 11, 2021",Women's Street Footwear,Midwest,Amazon,Online,Ohio,49,70,14
"September 9, 2021",Women's Street Footwear,Midwest,Amazon,Online,Ohio,23,32,14
"August 9, 2021",Men's Apparel,Midwest,Foot Locker,Online,Illinois,59,34,6
"July 10, 2021",Men's Apparel,Midwest,Foot Locker,Online,Illinois,47,26,6
"July 22, 2021",Men's Apparel,Midwest,Foot Locker,Online,Illinois,49,24,5
"June 28, 2021",Men's Apparel,Midwest,Foot Locker,Online,Illinois,59,21,4
"June 10, 2021",Men's Apparel,Midwest,Foot Locker,Online,Illinois,50,22,4
"June 22, 2021",Men's Apparel,Midwest,Foot Locker,Online,Illinois,54,15,3
"July 28, 2021",Men's Apparel,Midwest,Foot Locker,Online,Illinois,56,18,3
"June 16, 2021",Men's Apparel,Midwest,Foot Locker,Online,Illinois,56,21,4
"June 4, 2021",Men's Apparel,Midwest,Foot Locker,Online,Illinois,53,25,5
"July 4, 2021",Men's Apparel,Midwest,Foot Locker,Online,Illinois,46,23,5
"July 16, 2021",Men's Apparel,Midwest,Foot Locker,Online,Illinois,49,25,5
"August 3, 2021",Men's Apparel,Midwest,Foot Locker,Online,Illinois,56,23,4
"July 5, 2021",Men's Apparel,Midwest,Foot Locker,Online,Iowa,46,28,6
"August 6, 2021",Men's Apparel,Midwest,Foot Locker,Online,Iowa,48,24,5
"September 7, 2021",Men's Apparel,Midwest,Foot Locker,Online,Iowa,34,15,5
"April 6, 2021",Men's Apparel,Midwest,Foot Locker,Online,Iowa,55,19,3
"March 5, 2021",Men's Apparel,Midwest,Foot Locker,Online,Iowa,28,11,4
"June 6, 2021",Men's Apparel,Midwest,Foot Locker,Online,Iowa,34,15,4
"October 6, 2021",Men's Apparel,Midwest,Foot Locker,Online,Iowa,42,16,4
"February 6, 2021",Men's Apparel,Midwest,Foot Locker,Online,Iowa,38,14,4
"May 7, 2021",Men's Apparel,Midwest,Foot Locker,Online,Iowa,43,18,4
"January 12, 2021",Men's Apparel,Midwest,Foot Locker,Online,Kansas,50,875,18
"January 12, 2021",Men's Apparel,Midwest,Foot Locker,Online,Kansas,48,21,4
"January 18, 2021",Men's Apparel,Midwest,Foot Locker,Online,Michigan,39,38,10
"December 15, 2021",Men's Apparel,Midwest,Foot Locker,Online,Michigan,55,79,14
"November 8, 2020",Men's Apparel,Midwest,Foot Locker,Online,Minnesota,47,7,1
"October 27, 2020",Men's Apparel,Midwest,Foot Locker,Online,Minnesota,41,18,4
"December 2, 2020",Men's Apparel,Midwest,Foot Locker,Online,Minnesota,42,18,4
"November 26, 2020",Men's Apparel,Midwest,Foot Locker,Online,Minnesota,49,28,6
"November 14, 2020",Men's Apparel,Midwest,Foot Locker,Online,Minnesota,50,10,2
"December 26, 2020",Men's Apparel,Midwest,Foot Locker,Online,Minnesota,54,24,4
"December 14, 2020",Men's Apparel,Midwest,Foot Locker,Online,Minnesota,41,8,2
"November 2, 2020",Men's Apparel,Midwest,Foot Locker,Online,Minnesota,47,9,2
"November 20, 2020",Men's Apparel,Midwest,Foot Locker,Online,Minnesota,49,22,5
"December 20, 2020",Men's Apparel,Midwest,Foot Locker,Online,Minnesota,52,18,3
"December 8, 2020",Men's Apparel,Midwest,Foot Locker,Online,Minnesota,32,11,3
"October 21, 2020",Men's Apparel,Midwest,Foot Locker,Online,Minnesota,43,17,4
"April 18, 2021",Men's Apparel,Midwest,Foot Locker,Online,Missouri,36,23,7
"February 18, 2021",Men's Apparel,Midwest,Foot Locker,Online,Missouri,38,33,9
"June 18, 2021",Men's Apparel,Midwest,Foot Locker,Online,Missouri,38,39,10
"September 19, 2021",Men's Apparel,Midwest,Foot Locker,Online,Missouri,23,18,8
"October 18, 2021",Men's Apparel,Midwest,Foot Locker,Online,Missouri,32,22,7
"August 18, 2021",Men's Apparel,Midwest,Foot Locker,Online,Missouri,34,28,8
"November 18, 2021",Men's Apparel,Midwest,Foot Locker,Online,Missouri,43,35,8
"May 19, 2021",Men's Apparel,Midwest,Foot Locker,Online,Missouri,44,31,7
"July 17, 2021",Men's Apparel,Midwest,Foot Locker,Online,Missouri,37,35,9
"March 17, 2021",Men's Apparel,Midwest,Foot Locker,Online,Missouri,41,31,8
"May 25, 2021",Men's Apparel,Midwest,Foot Locker,Online,Nebraska,43,15,4
"July 24, 2021",Men's Apparel,Midwest,Foot Locker,Online,Nebraska,48,13,3
"June 18, 2021",Men's Apparel,Midwest,Foot Locker,Online,Nebraska,46,6,1
"June 6, 2021",Men's Apparel,Midwest,Foot Locker,Online,Nebraska,45,6,1
"July 12, 2021",Men's Apparel,Midwest,Foot Locker,Online,Nebraska,29,6,2
"July 18, 2021",Men's Apparel,Midwest,Foot Locker,Online,Nebraska,37,3,1
"July 6, 2021",Men's Apparel,Midwest,Foot Locker,Online,Nebraska,37,10,3
"June 12, 2021",Men's Apparel,Midwest,Foot Locker,Online,Nebraska,42,3,1
"July 30, 2021",Men's Apparel,Midwest,Foot Locker,Online,Nebraska,45,18,4
"May 31, 2021",Men's Apparel,Midwest,Foot Locker,Online,Nebraska,41,13,3
"June 30, 2021",Men's Apparel,Midwest,Foot Locker,Online,Nebraska,41,18,4
"June 24, 2021",Men's Apparel,Midwest,Foot Locker,Online,Nebraska,42,18,4
"November 9, 2021",Men's Apparel,Midwest,Foot Locker,Online,North Dakota,55,24,4
"December 8, 2021",Men's Apparel,Midwest,Foot Locker,Online,North Dakota,58,31,5
"January 6, 2021",Men's Apparel,Midwest,Foot Locker,Online,North Dakota,38,16,4
"September 13, 2021",Men's Apparel,Midwest,Foot Locker,Online,South Dakota,45,675,15
"June 12, 2021",Men's Apparel,Midwest,Foot Locker,Online,South Dakota,45,788,18
"February 12, 2021",Men's Apparel,Midwest,Foot Locker,Online,South Dakota,50,875,18
"March 11, 2021",Men's Apparel,Midwest,Foot Locker,Online,South Dakota,50,625,13
"August 12, 2021",Men's Apparel,Midwest,Foot Locker,Online,South Dakota,50,875,18
"July 11, 2021",Men's Apparel,Midwest,Foot Locker,Online,South Dakota,50,"1,000",20
"May 13, 2021",Men's Apparel,Midwest,Foot Locker,Online,South Dakota,55,688,13
"October 12, 2021",Men's Apparel,Midwest,Foot Locker,Online,South Dakota,55,688,13
"April 12, 2021",Men's Apparel,Midwest,Foot Locker,Online,South Dakota,60,600,10
"June 12, 2021",Men's Apparel,Midwest,Foot Locker,Online,South Dakota,41,21,5
"February 12, 2021",Men's Apparel,Midwest,Foot Locker,Online,South Dakota,48,22,5
"August 12, 2021",Men's Apparel,Midwest,Foot Locker,Online,South Dakota,47,22,5
"July 11, 2021",Men's Apparel,Midwest,Foot Locker,Online,South Dakota,49,25,5
"April 12, 2021",Men's Apparel,Midwest,Foot Locker,Online,South Dakota,56,16,3
"October 12, 2021",Men's Apparel,Midwest,Foot Locker,Online,South Dakota,54,21,4
"September 13, 2021",Men's Apparel,Midwest,Foot Locker,Online,South Dakota,41,17,4
"March 11, 2021",Men's Apparel,Midwest,Foot Locker,Online,South Dakota,47,15,3
"May 13, 2021",Men's Apparel,Midwest,Foot Locker,Online,South Dakota,51,19,4
"July 1, 2021",Men's Athletic Footwear,Midwest,Foot Locker,Online,Illinois,43,27,6
"July 7, 2021",Men's Athletic Footwear,Midwest,Foot Locker,Online,Illinois,43,35,8
"June 25, 2021",Men's Athletic Footwear,Midwest,Foot Locker,Online,Illinois,53,29,5
"July 13, 2021",Men's Athletic Footwear,Midwest,Foot Locker,Online,Illinois,41,39,9
"June 19, 2021",Men's Athletic Footwear,Midwest,Foot Locker,Online,Illinois,48,21,4
"June 7, 2021",Men's Athletic Footwear,Midwest,Foot Locker,Online,Illinois,43,22,5
"July 31, 2021",Men's Athletic Footwear,Midwest,Foot Locker,Online,Illinois,46,30,7
"June 13, 2021",Men's Athletic Footwear,Midwest,Foot Locker,Online,Illinois,46,28,6
"August 6, 2021",Men's Athletic Footwear,Midwest,Foot Locker,Online,Illinois,46,35,8
"July 19, 2021",Men's Athletic Footwear,Midwest,Foot Locker,Online,Illinois,41,34,8
"July 25, 2021",Men's Athletic Footwear,Midwest,Foot Locker,Online,Illinois,49,37,8
"March 5, 2021",Men's Athletic Footwear,Midwest,Foot Locker,Online,Iowa,19,9,5
"October 6, 2021",Men's Athletic Footwear,Midwest,Foot Locker,Online,Iowa,32,24,8
"May 7, 2021",Men's Athletic Footwear,Midwest,Foot Locker,Online,Iowa,37,23,6
"August 6, 2021",Men's Athletic Footwear,Midwest,Foot Locker,Online,Iowa,42,33,8
"September 7, 2021",Men's Athletic Footwear,Midwest,Foot Locker,Online,Iowa,27,21,8
"June 6, 2021",Men's Athletic Footwear,Midwest,Foot Locker,Online,Iowa,28,22,8
"April 6, 2021",Men's Athletic Footwear,Midwest,Foot Locker,Online,Iowa,18,9,5
"July 5, 2021",Men's Athletic Footwear,Midwest,Foot Locker,Online,Iowa,44,38,9
"February 12, 2021",Men's Athletic Footwear,Midwest,Foot Locker,Online,Kansas,40,700,18
"January 12, 2021",Men's Athletic Footwear,Midwest,Foot Locker,Online,Kansas,40,"1,100",28
"January 12, 2021",Men's Athletic Footwear,Midwest,Foot Locker,Online,Kansas,37,30,8
"February 12, 2021",Men's Athletic Footwear,Midwest,Foot Locker,Online,Kansas,39,18,5
"January 18, 2021",Men's Athletic Footwear,Midwest,Foot Locker,Online,Michigan,29,36,12
"February 18, 2021",Men's Athletic Footwear,Midwest,Foot Locker,Online,Michigan,28,26,9
"October 30, 2020",Men's Athletic Footwear,Midwest,Foot Locker,Online,Minnesota,38,13,4
"December 17, 2020",Men's Athletic Footwear,Midwest,Foot Locker,Online,Minnesota,38,20,5
"November 17, 2020",Men's Athletic Footwear,Midwest,Foot Locker,Online,Minnesota,38,19,5
"November 29, 2020",Men's Athletic Footwear,Midwest,Foot Locker,Online,Minnesota,43,37,9
"November 11, 2020",Men's Athletic Footwear,Midwest,Foot Locker,Online,Minnesota,44,19,4
"November 5, 2020",Men's Athletic Footwear,Midwest,Foot Locker,Online,Minnesota,38,11,3
"December 11, 2020",Men's Athletic Footwear,Midwest,Foot Locker,Online,Minnesota,34,20,6
"October 24, 2020",Men's Athletic Footwear,Midwest,Foot Locker,Online,Minnesota,34,13,4
"December 5, 2020",Men's Athletic Footwear,Midwest,Foot Locker,Online,Minnesota,37,27,7
"November 23, 2020",Men's Athletic Footwear,Midwest,Foot Locker,Online,Minnesota,42,32,8
"December 23, 2020",Men's Athletic Footwear,Midwest,Foot Locker,Online,Minnesota,42,32,8
"November 18, 2021",Men's Athletic Footwear,Midwest,Foot Locker,Online,Missouri,23,20,9
"March 17, 2021",Men's Athletic Footwear,Midwest,Foot Locker,Online,Missouri,34,30,9
"June 18, 2021",Men's Athletic Footwear,Midwest,Foot Locker,Online,Missouri,27,25,9
"August 18, 2021",Men's Athletic Footwear,Midwest,Foot Locker,Online,Missouri,38,54,14
"September 19, 2021",Men's Athletic Footwear,Midwest,Foot Locker,Online,Missouri,28,28,10
"July 17, 2021",Men's Athletic Footwear,Midwest,Foot Locker,Online,Missouri,33,43,13
"May 19, 2021",Men's Athletic Footwear,Midwest,Foot Locker,Online,Missouri,34,30,9
"December 17, 2021",Men's Athletic Footwear,Midwest,Foot Locker,Online,Missouri,32,36,11
"April 18, 2021",Men's Athletic Footwear,Midwest,Foot Locker,Online,Missouri,27,19,7
"October 18, 2021",Men's Athletic Footwear,Midwest,Foot Locker,Online,Missouri,24,22,9
"June 9, 2021",Men's Athletic Footwear,Midwest,Foot Locker,Online,Nebraska,32,7,2
"June 27, 2021",Men's Athletic Footwear,Midwest,Foot Locker,Online,Nebraska,37,30,8
"July 15, 2021",Men's Athletic Footwear,Midwest,Foot Locker,Online,Nebraska,29,12,4
"July 21, 2021",Men's Athletic Footwear,Midwest,Foot Locker,Online,Nebraska,29,12,4
"July 9, 2021",Men's Athletic Footwear,Midwest,Foot Locker,Online,Nebraska,33,18,6
"June 3, 2021",Men's Athletic Footwear,Midwest,Foot Locker,Online,Nebraska,39,10,3
"July 3, 2021",Men's Athletic Footwear,Midwest,Foot Locker,Online,Nebraska,42,34,8
"June 21, 2021",Men's Athletic Footwear,Midwest,Foot Locker,Online,Nebraska,32,14,5
"May 28, 2021",Men's Athletic Footwear,Midwest,Foot Locker,Online,Nebraska,33,13,4
"July 27, 2021",Men's Athletic Footwear,Midwest,Foot Locker,Online,Nebraska,36,23,6
"June 15, 2021",Men's Athletic Footwear,Midwest,Foot Locker,Online,Nebraska,38,13,3
"November 9, 2021",Men's Athletic Footwear,Midwest,Foot Locker,Online,North Dakota,36,26,7
"December 8, 2021",Men's Athletic Footwear,Midwest,Foot Locker,Online,North Dakota,46,35,8
"February 6, 2021",Men's Athletic Footwear,Midwest,Foot Locker,Online,North Dakota,28,13,5
"January 6, 2021",Men's Athletic Footwear,Midwest,Foot Locker,Online,North Dakota,29,20,7
"April 12, 2021",Men's Athletic Footwear,Midwest,Foot Locker,Online,South Dakota,40,600,15
"March 11, 2021",Men's Athletic Footwear,Midwest,Foot Locker,Online,South Dakota,40,800,20
"June 12, 2021",Men's Athletic Footwear,Midwest,Foot Locker,Online,South Dakota,40,"1,000",25
"September 13, 2021",Men's Athletic Footwear,Midwest,Foot Locker,Online,South Dakota,40,"1,100",28
"October 12, 2021",Men's Athletic Footwear,Midwest,Foot Locker,Online,South Dakota,45,"1,125",25
"July 11, 2021",Men's Athletic Footwear,Midwest,Foot Locker,Online,South Dakota,45,"1,350",30
"August 12, 2021",Men's Athletic Footwear,Midwest,Foot Locker,Online,South Dakota,45,"1,350",30
"May 13, 2021",Men's Athletic Footwear,Midwest,Foot Locker,Online,South Dakota,50,"1,000",20
"June 12, 2021",Men's Athletic Footwear,Midwest,Foot Locker,Online,South Dakota,39,27,7
"September 13, 2021",Men's Athletic Footwear,Midwest,Foot Locker,Online,South Dakota,39,31,8
"April 12, 2021",Men's Athletic Footwear,Midwest,Foot Locker,Online,South Dakota,39,16,4
"March 11, 2021",Men's Athletic Footwear,Midwest,Foot Locker,Online,South Dakota,37,19,5
"October 12, 2021",Men's Athletic Footwear,Midwest,Foot Locker,Online,South Dakota,41,31,8
"August 12, 2021",Men's Athletic Footwear,Midwest,Foot Locker,Online,South Dakota,42,33,8
"July 11, 2021",Men's Athletic Footwear,Midwest,Foot Locker,Online,South Dakota,44,36,8
"May 13, 2021",Men's Athletic Footwear,Midwest,Foot Locker,Online,South Dakota,45,27,6
"July 18, 2021",Men's Street Footwear,Midwest,Foot Locker,Online,Illinois,47,63,14
"June 6, 2021",Men's Street Footwear,Midwest,Foot Locker,Online,Illinois,44,70,16
"July 12, 2021",Men's Street Footwear,Midwest,Foot Locker,Online,Illinois,49,73,15
"July 6, 2021",Men's Street Footwear,Midwest,Foot Locker,Online,Illinois,47,76,16
"June 18, 2021",Men's Street Footwear,Midwest,Foot Locker,Online,Illinois,48,59,12
"July 30, 2021",Men's Street Footwear,Midwest,Foot Locker,Online,Illinois,55,62,11
"June 24, 2021",Men's Street Footwear,Midwest,Foot Locker,Online,Illinois,58,78,13
"June 30, 2021",Men's Street Footwear,Midwest,Foot Locker,Online,Illinois,46,62,14
"June 12, 2021",Men's Street Footwear,Midwest,Foot Locker,Online,Illinois,47,68,14
"July 24, 2021",Men's Street Footwear,Midwest,Foot Locker,Online,Illinois,56,64,12
"August 5, 2021",Men's Street Footwear,Midwest,Foot Locker,Online,Illinois,57,86,15
"March 5, 2021",Men's Street Footwear,Midwest,Foot Locker,Online,Iowa,19,26,14
"September 7, 2021",Men's Street Footwear,Midwest,Foot Locker,Online,Iowa,34,45,13
"October 6, 2021",Men's Street Footwear,Midwest,Foot Locker,Online,Iowa,43,48,11
"June 6, 2021",Men's Street Footwear,Midwest,Foot Locker,Online,Iowa,32,44,14
"August 6, 2021",Men's Street Footwear,Midwest,Foot Locker,Online,Iowa,49,64,13
"May 7, 2021",Men's Street Footwear,Midwest,Foot Locker,Online,Iowa,57,83,15
"July 5, 2021",Men's Street Footwear,Midwest,Foot Locker,Online,Iowa,49,68,14
"April 6, 2021",Men's Street Footwear,Midwest,Foot Locker,Online,Iowa,20,25,12
"January 12, 2021",Men's Street Footwear,Midwest,Foot Locker,Online,Kansas,40,"1,900",48
"February 12, 2021",Men's Street Footwear,Midwest,Foot Locker,Online,Kansas,40,"2,100",53
"January 12, 2021",Men's Street Footwear,Midwest,Foot Locker,Online,Kansas,38,52,14
"February 12, 2021",Men's Street Footwear,Midwest,Foot Locker,Online,Kansas,37,58,16
"January 18, 2021",Men's Street Footwear,Midwest,Foot Locker,Online,Michigan,27,42,16
"February 18, 2021",Men's Street Footwear,Midwest,Foot Locker,Online,Michigan,29,53,18
"October 23, 2020",Men's Street Footwear,Midwest,Foot Locker,Online,Minnesota,32,43,14
"November 4, 2020",Men's Street Footwear,Midwest,Foot Locker,Online,Minnesota,36,43,12
"December 10, 2020",Men's Street Footwear,Midwest,Foot Locker,Online,Minnesota,41,40,10
"December 16, 2020",Men's Street Footwear,Midwest,Foot Locker,Online,Minnesota,46,42,9
"November 28, 2020",Men's Street Footwear,Midwest,Foot Locker,Online,Minnesota,47,64,14
"November 10, 2020",Men's Street Footwear,Midwest,Foot Locker,Online,Minnesota,48,56,12
"November 22, 2020",Men's Street Footwear,Midwest,Foot Locker,Online,Minnesota,49,78,16
"December 4, 2020",Men's Street Footwear,Midwest,Foot Locker,Online,Minnesota,43,49,11
"November 16, 2020",Men's Street Footwear,Midwest,Foot Locker,Online,Minnesota,44,47,11
"October 29, 2020",Men's Street Footwear,Midwest,Foot Locker,Online,Minnesota,39,45,12
"December 22, 2020",Men's Street Footwear,Midwest,Foot Locker,Online,Minnesota,50,62,12
"September 19, 2021",Men's Street Footwear,Midwest,Foot Locker,Online,Missouri,32,56,17
"August 18, 2021",Men's Street Footwear,Midwest,Foot Locker,Online,Missouri,38,77,20
"October 18, 2021",Men's Street Footwear,Midwest,Foot Locker,Online,Missouri,34,45,13
"November 18, 2021",Men's Street Footwear,Midwest,Foot Locker,Online,Missouri,34,51,15
"March 17, 2021",Men's Street Footwear,Midwest,Foot Locker,Online,Missouri,34,63,19
"May 19, 2021",Men's Street Footwear,Midwest,Foot Locker,Online,Missouri,39,70,18
"April 18, 2021",Men's Street Footwear,Midwest,Foot Locker,Online,Missouri,33,48,14
"December 17, 2021",Men's Street Footwear,Midwest,Foot Locker,Online,Missouri,41,67,16
"June 18, 2021",Men's Street Footwear,Midwest,Foot Locker,Online,Missouri,32,54,17
"July 17, 2021",Men's Street Footwear,Midwest,Foot Locker,Online,Missouri,36,73,20
"July 26, 2021",Men's Street Footwear,Midwest,Foot Locker,Online,Nebraska,49,57,12
"June 26, 2021",Men's Street Footwear,Midwest,Foot Locker,Online,Nebraska,43,71,17
"June 20, 2021",Men's Street Footwear,Midwest,Foot Locker,Online,Nebraska,36,43,12
"June 8, 2021",Men's Street Footwear,Midwest,Foot Locker,Online,Nebraska,38,40,11
"July 2, 2021",Men's Street Footwear,Midwest,Foot Locker,Online,Nebraska,41,59,15
"May 27, 2021",Men's Street Footwear,Midwest,Foot Locker,Online,Nebraska,32,38,12
"July 14, 2021",Men's Street Footwear,Midwest,Foot Locker,Online,Nebraska,36,34,9
"July 20, 2021",Men's Street Footwear,Midwest,Foot Locker,Online,Nebraska,37,31,8
"July 8, 2021",Men's Street Footwear,Midwest,Foot Locker,Online,Nebraska,38,43,11
"June 2, 2021",Men's Street Footwear,Midwest,Foot Locker,Online,Nebraska,38,46,12
"June 14, 2021",Men's Street Footwear,Midwest,Foot Locker,Online,Nebraska,44,52,12
"February 6, 2021",Men's Street Footwear,Midwest,Foot Locker,Online,North Dakota,28,41,15
"January 6, 2021",Men's Street Footwear,Midwest,Foot Locker,Online,North Dakota,27,31,11
"December 8, 2021",Men's Street Footwear,Midwest,Foot Locker,Online,North Dakota,55,83,15
"November 9, 2021",Men's Street Footwear,Midwest,Foot Locker,Online,North Dakota,49,59,12
"April 12, 2021",Men's Street Footwear,Midwest,Foot Locker,Online,South Dakota,40,"1,800",45
"March 11, 2021",Men's Street Footwear,Midwest,Foot Locker,Online,South Dakota,40,"1,980",50
"September 13, 2021",Men's Street Footwear,Midwest,Foot Locker,Online,South Dakota,45,"2,138",48
"June 12, 2021",Men's Street Footwear,Midwest,Foot Locker,Online,South Dakota,45,"2,250",50
"August 12, 2021",Men's Street Footwear,Midwest,Foot Locker,Online,South Dakota,50,"2,625",53
"July 11, 2021",Men's Street Footwear,Midwest,Foot Locker,Online,South Dakota,50,"2,750",55
"October 12, 2021",Men's Street Footwear,Midwest,Foot Locker,Online,South Dakota,55,"2,200",40
"May 13, 2021",Men's Street Footwear,Midwest,Foot Locker,Online,South Dakota,60,"2,970",50
"September 13, 2021",Men's Street Footwear,Midwest,Foot Locker,Online,South Dakota,42,58,14
"April 12, 2021",Men's Street Footwear,Midwest,Foot Locker,Online,South Dakota,38,43,11
"June 12, 2021",Men's Street Footwear,Midwest,Foot Locker,Online,South Dakota,41,55,14
"July 11, 2021",Men's Street Footwear,Midwest,Foot Locker,Online,South Dakota,47,72,15
"October 12, 2021",Men's Street Footwear,Midwest,Foot Locker,Online,South Dakota,54,56,10
"May 13, 2021",Men's Street Footwear,Midwest,Foot Locker,Online,South Dakota,58,81,14
"August 12, 2021",Men's Street Footwear,Midwest,Foot Locker,Online,South Dakota,49,64,13
"March 11, 2021",Men's Street Footwear,Midwest,Foot Locker,Online,South Dakota,39,48,12
"June 5, 2021",Women's Apparel,Midwest,Foot Locker,Online,Illinois,41,28,7
"June 23, 2021",Women's Apparel,Midwest,Foot Locker,Online,Illinois,49,32,7
"July 29, 2021",Women's Apparel,Midwest,Foot Locker,Online,Illinois,60,39,7
"August 4, 2021",Women's Apparel,Midwest,Foot Locker,Online,Illinois,61,40,7
"June 29, 2021",Women's Apparel,Midwest,Foot Locker,Online,Illinois,64,40,6
"July 11, 2021",Women's Apparel,Midwest,Foot Locker,Online,Illinois,54,65,12
"June 17, 2021",Women's Apparel,Midwest,Foot Locker,Online,Illinois,45,28,6
"July 5, 2021",Women's Apparel,Midwest,Foot Locker,Online,Illinois,51,54,11
"August 10, 2021",Women's Apparel,Midwest,Foot Locker,Online,Illinois,64,52,8
"July 23, 2021",Women's Apparel,Midwest,Foot Locker,Online,Illinois,53,39,7
"June 11, 2021",Women's Apparel,Midwest,Foot Locker,Online,Illinois,43,33,8
"July 17, 2021",Women's Apparel,Midwest,Foot Locker,Online,Illinois,50,47,9
"September 7, 2021",Women's Apparel,Midwest,Foot Locker,Online,Iowa,36,22,6
"July 5, 2021",Women's Apparel,Midwest,Foot Locker,Online,Iowa,51,48,9
"April 6, 2021",Women's Apparel,Midwest,Foot Locker,Online,Iowa,46,29,6
"May 7, 2021",Women's Apparel,Midwest,Foot Locker,Online,Iowa,46,32,7
"March 5, 2021",Women's Apparel,Midwest,Foot Locker,Online,Iowa,20,14,7
"June 6, 2021",Women's Apparel,Midwest,Foot Locker,Online,Iowa,51,43,9
"February 6, 2021",Women's Apparel,Midwest,Foot Locker,Online,Iowa,14,10,7
"August 6, 2021",Women's Apparel,Midwest,Foot Locker,Online,Iowa,53,52,10
"January 12, 2021",Women's Apparel,Midwest,Foot Locker,Online,Kansas,40,"1,100",28
"January 12, 2021",Women's Apparel,Midwest,Foot Locker,Online,Kansas,37,27,7
"January 18, 2021",Women's Apparel,Midwest,Foot Locker,Online,Michigan,29,36,12
"December 15, 2021",Women's Apparel,Midwest,Foot Locker,Online,Michigan,59,96,16
"October 28, 2020",Women's Apparel,Midwest,Foot Locker,Online,Minnesota,34,22,7
"November 3, 2020",Women's Apparel,Midwest,Foot Locker,Online,Minnesota,38,18,5
"November 27, 2020",Women's Apparel,Midwest,Foot Locker,Online,Minnesota,54,53,10
"October 22, 2020",Women's Apparel,Midwest,Foot Locker,Online,Minnesota,32,21,7
"November 21, 2020",Women's Apparel,Midwest,Foot Locker,Online,Minnesota,53,43,8
"December 9, 2020",Women's Apparel,Midwest,Foot Locker,Online,Minnesota,39,20,5
"December 3, 2020",Women's Apparel,Midwest,Foot Locker,Online,Minnesota,46,40,9
"December 27, 2020",Women's Apparel,Midwest,Foot Locker,Online,Minnesota,54,42,8
"November 15, 2020",Women's Apparel,Midwest,Foot Locker,Online,Minnesota,58,30,5
"November 9, 2020",Women's Apparel,Midwest,Foot Locker,Online,Minnesota,36,19,5
"December 15, 2020",Women's Apparel,Midwest,Foot Locker,Online,Minnesota,49,29,6
"December 21, 2020",Women's Apparel,Midwest,Foot Locker,Online,Minnesota,59,36,6
"May 19, 2021",Women's Apparel,Midwest,Foot Locker,Online,Missouri,45,47,11
"April 18, 2021",Women's Apparel,Midwest,Foot Locker,Online,Missouri,28,29,11
"July 17, 2021",Women's Apparel,Midwest,Foot Locker,Online,Missouri,41,66,16
"February 18, 2021",Women's Apparel,Midwest,Foot Locker,Online,Missouri,28,34,12
"November 18, 2021",Women's Apparel,Midwest,Foot Locker,Online,Missouri,48,52,11
"September 19, 2021",Women's Apparel,Midwest,Foot Locker,Online,Missouri,28,27,10
"October 18, 2021",Women's Apparel,Midwest,Foot Locker,Online,Missouri,38,33,9
"March 17, 2021",Women's Apparel,Midwest,Foot Locker,Online,Missouri,34,35,10
"August 18, 2021",Women's Apparel,Midwest,Foot Locker,Online,Missouri,36,46,13
"June 18, 2021",Women's Apparel,Midwest,Foot Locker,Online,Missouri,42,60,14
"July 7, 2021",Women's Apparel,Midwest,Foot Locker,Online,Nebraska,44,30,7
"May 26, 2021",Women's Apparel,Midwest,Foot Locker,Online,Nebraska,32,22,7
"June 7, 2021",Women's Apparel,Midwest,Foot Locker,Online,Nebraska,37,14,4
"June 1, 2021",Women's Apparel,Midwest,Foot Locker,Online,Nebraska,32,19,6
"June 13, 2021",Women's Apparel,Midwest,Foot Locker,Online,Nebraska,34,13,4
"July 13, 2021",Women's Apparel,Midwest,Foot Locker,Online,Nebraska,34,13,4
"June 25, 2021",Women's Apparel,Midwest,Foot Locker,Online,Nebraska,49,42,9
"June 19, 2021",Women's Apparel,Midwest,Foot Locker,Online,Nebraska,51,21,4
"July 25, 2021",Women's Apparel,Midwest,Foot Locker,Online,Nebraska,53,31,6
"July 31, 2021",Women's Apparel,Midwest,Foot Locker,Online,Nebraska,54,35,7
"July 19, 2021",Women's Apparel,Midwest,Foot Locker,Online,Nebraska,44,17,4
"July 1, 2021",Women's Apparel,Midwest,Foot Locker,Online,Nebraska,49,45,9
"November 9, 2021",Women's Apparel,Midwest,Foot Locker,Online,North Dakota,60,39,7
"January 6, 2021",Women's Apparel,Midwest,Foot Locker,Online,North Dakota,28,21,8
"October 9, 2021",Women's Apparel,Midwest,Foot Locker,Online,North Dakota,53,39,7
"December 8, 2021",Women's Apparel,Midwest,Foot Locker,Online,North Dakota,63,49,8
"February 12, 2021",Women's Apparel,Midwest,Foot Locker,Online,South Dakota,35,963,28
"March 11, 2021",Women's Apparel,Midwest,Foot Locker,Online,South Dakota,40,900,23
"April 12, 2021",Women's Apparel,Midwest,Foot Locker,Online,South Dakota,50,"1,125",23
"September 13, 2021",Women's Apparel,Midwest,Foot Locker,Online,South Dakota,50,"1,125",23
"June 12, 2021",Women's Apparel,Midwest,Foot Locker,Online,South Dakota,55,"1,788",33
"August 12, 2021",Women's Apparel,Midwest,Foot Locker,Online,South Dakota,55,"1,925",35
"July 11, 2021",Women's Apparel,Midwest,Foot Locker,Online,South Dakota,55,"2,063",38
"May 13, 2021",Women's Apparel,Midwest,Foot Locker,Online,South Dakota,60,"1,500",25
"September 13, 2021",Women's Apparel,Midwest,Foot Locker,Online,South Dakota,46,30,7
"August 12, 2021",Women's Apparel,Midwest,Foot Locker,Online,South Dakota,53,47,9
"May 13, 2021",Women's Apparel,Midwest,Foot Locker,Online,South Dakota,58,39,7
"March 11, 2021",Women's Apparel,Midwest,Foot Locker,Online,South Dakota,37,22,6
"April 12, 2021",Women's Apparel,Midwest,Foot Locker,Online,South Dakota,48,29,6
"June 12, 2021",Women's Apparel,Midwest,Foot Locker,Online,South Dakota,50,47,9
"July 11, 2021",Women's Apparel,Midwest,Foot Locker,Online,South Dakota,53,50,9
"February 12, 2021",Women's Apparel,Midwest,Foot Locker,Online,South Dakota,32,26,8
"July 15, 2021",Women's Athletic Footwear,Midwest,Foot Locker,Online,Illinois,37,23,6
"June 21, 2021",Women's Athletic Footwear,Midwest,Foot Locker,Online,Illinois,44,9,2
"July 27, 2021",Women's Athletic Footwear,Midwest,Foot Locker,Online,Illinois,47,16,3
"July 21, 2021",Women's Athletic Footwear,Midwest,Foot Locker,Online,Illinois,36,16,4
"July 3, 2021",Women's Athletic Footwear,Midwest,Foot Locker,Online,Illinois,38,18,5
"June 9, 2021",Women's Athletic Footwear,Midwest,Foot Locker,Online,Illinois,39,11,3
"June 15, 2021",Women's Athletic Footwear,Midwest,Foot Locker,Online,Illinois,41,8,2
"August 2, 2021",Women's Athletic Footwear,Midwest,Foot Locker,Online,Illinois,46,24,5
"June 27, 2021",Women's Athletic Footwear,Midwest,Foot Locker,Online,Illinois,48,13,3
"August 8, 2021",Women's Athletic Footwear,Midwest,Foot Locker,Online,Illinois,49,26,5
"July 9, 2021",Women's Athletic Footwear,Midwest,Foot Locker,Online,Illinois,39,20,5
"July 5, 2021",Women's Athletic Footwear,Midwest,Foot Locker,Online,Iowa,37,17,5
"August 6, 2021",Women's Athletic Footwear,Midwest,Foot Locker,Online,Iowa,37,20,5
"March 5, 2021",Women's Athletic Footwear,Midwest,Foot Locker,Online,Iowa,14,4,3
"October 6, 2021",Women's Athletic Footwear,Midwest,Foot Locker,Online,Iowa,34,11,3
"June 6, 2021",Women's Athletic Footwear,Midwest,Foot Locker,Online,Iowa,24,11,4
"February 6, 2021",Women's Athletic Footwear,Midwest,Foot Locker,Online,Iowa,25,6,2
"May 7, 2021",Women's Athletic Footwear,Midwest,Foot Locker,Online,Iowa,33,11,3
"April 6, 2021",Women's Athletic Footwear,Midwest,Foot Locker,Online,Iowa,15,4,3
"September 7, 2021",Women's Athletic Footwear,Midwest,Foot Locker,Online,Iowa,23,9,4
"January 12, 2021",Women's Athletic Footwear,Midwest,Foot Locker,Online,Kansas,35,438,13
"January 12, 2021",Women's Athletic Footwear,Midwest,Foot Locker,Online,Kansas,34,12,4
"December 15, 2021",Women's Athletic Footwear,Midwest,Foot Locker,Online,Michigan,48,66,14
"January 18, 2021",Women's Athletic Footwear,Midwest,Foot Locker,Online,Michigan,24,18,8
"December 7, 2020",Women's Athletic Footwear,Midwest,Foot Locker,Online,Minnesota,24,7,3
"December 13, 2020",Women's Athletic Footwear,Midwest,Foot Locker,Online,Minnesota,32,7,2
"October 26, 2020",Women's Athletic Footwear,Midwest,Foot Locker,Online,Minnesota,27,5,2
"November 19, 2020",Women's Athletic Footwear,Midwest,Foot Locker,Online,Minnesota,32,14,5
"November 25, 2020",Women's Athletic Footwear,Midwest,Foot Locker,Online,Minnesota,38,19,5
"December 1, 2020",Women's Athletic Footwear,Midwest,Foot Locker,Online,Minnesota,33,16,5
"November 13, 2020",Women's Athletic Footwear,Midwest,Foot Locker,Online,Minnesota,36,5,1
"December 19, 2020",Women's Athletic Footwear,Midwest,Foot Locker,Online,Minnesota,38,17,5
"December 25, 2020",Women's Athletic Footwear,Midwest,Foot Locker,Online,Minnesota,44,22,5
"November 1, 2020",Women's Athletic Footwear,Midwest,Foot Locker,Online,Minnesota,32,2,1
"November 7, 2020",Women's Athletic Footwear,Midwest,Foot Locker,Online,Minnesota,32,2,1
"October 18, 2021",Women's Athletic Footwear,Midwest,Foot Locker,Online,Missouri,23,14,6
"June 18, 2021",Women's Athletic Footwear,Midwest,Foot Locker,Online,Missouri,23,21,9
"March 17, 2021",Women's Athletic Footwear,Midwest,Foot Locker,Online,Missouri,28,15,5
"April 18, 2021",Women's Athletic Footwear,Midwest,Foot Locker,Online,Missouri,23,12,5
"November 18, 2021",Women's Athletic Footwear,Midwest,Foot Locker,Online,Missouri,23,20,9
"February 18, 2021",Women's Athletic Footwear,Midwest,Foot Locker,Online,Missouri,24,17,7
"September 19, 2021",Women's Athletic Footwear,Midwest,Foot Locker,Online,Missouri,14,12,8
"July 17, 2021",Women's Athletic Footwear,Midwest,Foot Locker,Online,Missouri,29,29,10
"August 18, 2021",Women's Athletic Footwear,Midwest,Foot Locker,Online,Missouri,24,22,9
"May 19, 2021",Women's Athletic Footwear,Midwest,Foot Locker,Online,Missouri,29,19,7
"May 30, 2021",Women's Athletic Footwear,Midwest,Foot Locker,Online,Nebraska,29,4,1
"July 5, 2021",Women's Athletic Footwear,Midwest,Foot Locker,Online,Nebraska,29,11,4
"July 11, 2021",Women's Athletic Footwear,Midwest,Foot Locker,Online,Nebraska,19,4,2
"June 29, 2021",Women's Athletic Footwear,Midwest,Foot Locker,Online,Nebraska,33,15,5
"June 11, 2021",Women's Athletic Footwear,Midwest,Foot Locker,Online,Nebraska,27,0,0
"July 17, 2021",Women's Athletic Footwear,Midwest,Foot Locker,Online,Nebraska,29,2,1
"June 17, 2021",Women's Athletic Footwear,Midwest,Foot Locker,Online,Nebraska,34,2,1
"June 23, 2021",Women's Athletic Footwear,Midwest,Foot Locker,Online,Nebraska,27,11,4
"July 23, 2021",Women's Athletic Footwear,Midwest,Foot Locker,Online,Nebraska,27,10,4
"June 5, 2021",Women's Athletic Footwear,Midwest,Foot Locker,Online,Nebraska,33,0,0
"July 29, 2021",Women's Athletic Footwear,Midwest,Foot Locker,Online,Nebraska,38,14,4
"December 8, 2021",Women's Athletic Footwear,Midwest,Foot Locker,Online,North Dakota,47,25,5
"November 9, 2021",Women's Athletic Footwear,Midwest,Foot Locker,Online,North Dakota,39,18,5
"January 6, 2021",Women's Athletic Footwear,Midwest,Foot Locker,Online,North Dakota,24,6,3
"March 11, 2021",Women's Athletic Footwear,Midwest,Foot Locker,Online,South Dakota,35,263,8
"April 12, 2021",Women's Athletic Footwear,Midwest,Foot Locker,Online,South Dakota,35,263,8
"February 12, 2021",Women's Athletic Footwear,Midwest,Foot Locker,Online,South Dakota,35,350,10
"September 13, 2021",Women's Athletic Footwear,Midwest,Foot Locker,Online,South Dakota,35,525,15
"June 12, 2021",Women's Athletic Footwear,Midwest,Foot Locker,Online,South Dakota,35,613,18
"July 11, 2021",Women's Athletic Footwear,Midwest,Foot Locker,Online,South Dakota,40,700,18
"August 12, 2021",Women's Athletic Footwear,Midwest,Foot Locker,Online,South Dakota,40,800,20
"May 13, 2021",Women's Athletic Footwear,Midwest,Foot Locker,Online,South Dakota,45,450,10
"October 12, 2021",Women's Athletic Footwear,Midwest,Foot Locker,Online,South Dakota,45,563,13
"September 13, 2021",Women's Athletic Footwear,Midwest,Foot Locker,Online,South Dakota,34,13,4
"April 12, 2021",Women's Athletic Footwear,Midwest,Foot Locker,Online,South Dakota,34,7,2
"July 11, 2021",Women's Athletic Footwear,Midwest,Foot Locker,Online,South Dakota,38,17,4
"August 12, 2021",Women's Athletic Footwear,Midwest,Foot Locker,Online,South Dakota,38,22,6
"March 11, 2021",Women's Athletic Footwear,Midwest,Foot Locker,Online,South Dakota,33,8,2
"February 12, 2021",Women's Athletic Footwear,Midwest,Foot Locker,Online,South Dakota,33,8,3
"June 12, 2021",Women's Athletic Footwear,Midwest,Foot Locker,Online,South Dakota,32,16,5
"May 13, 2021",Women's Athletic Footwear,Midwest,Foot Locker,Online,South Dakota,43,11,3
"October 12, 2021",Women's Athletic Footwear,Midwest,Foot Locker,Online,South Dakota,43,15,4
"July 8, 2021",Women's Street Footwear,Midwest,Foot Locker,Online,Illinois,36,23,7
"June 14, 2021",Women's Street Footwear,Midwest,Foot Locker,Online,Illinois,37,25,7
"July 2, 2021",Women's Street Footwear,Midwest,Foot Locker,Online,Illinois,39,21,5
"July 26, 2021",Women's Street Footwear,Midwest,Foot Locker,Online,Illinois,48,19,4
"June 8, 2021",Women's Street Footwear,Midwest,Foot Locker,Online,Illinois,32,20,6
"June 26, 2021",Women's Street Footwear,Midwest,Foot Locker,Online,Illinois,49,22,4
"July 20, 2021",Women's Street Footwear,Midwest,Foot Locker,Online,Illinois,36,22,6
"August 1, 2021",Women's Street Footwear,Midwest,Foot Locker,Online,Illinois,48,24,5
"June 20, 2021",Women's Street Footwear,Midwest,Foot Locker,Online,Illinois,36,15,4
"July 14, 2021",Women's Street Footwear,Midwest,Foot Locker,Online,Illinois,38,29,8
"August 7, 2021",Women's Street Footwear,Midwest,Foot Locker,Online,Illinois,46,35,8
"March 5, 2021",Women's Street Footwear,Midwest,Foot Locker,Online,Iowa,9,6,7
"September 7, 2021",Women's Street Footwear,Midwest,Foot Locker,Online,Iowa,24,12,5
"May 7, 2021",Women's Street Footwear,Midwest,Foot Locker,Online,Iowa,33,18,5
"October 6, 2021",Women's Street Footwear,Midwest,Foot Locker,Online,Iowa,34,13,4
"August 6, 2021",Women's Street Footwear,Midwest,Foot Locker,Online,Iowa,39,24,6
"April 6, 2021",Women's Street Footwear,Midwest,Foot Locker,Online,Iowa,10,5,5
"July 5, 2021",Women's Street Footwear,Midwest,Foot Locker,Online,Iowa,36,24,7
"June 6, 2021",Women's Street Footwear,Midwest,Foot Locker,Online,Iowa,23,12,5
"February 12, 2021",Women's Street Footwear,Midwest,Foot Locker,Online,Kansas,30,675,23
"January 12, 2021",Women's Street Footwear,Midwest,Foot Locker,Online,Kansas,30,825,28
"February 12, 2021",Women's Street Footwear,Midwest,Foot Locker,Online,Kansas,29,17,6
"January 12, 2021",Women's Street Footwear,Midwest,Foot Locker,Online,Kansas,27,22,8
"February 18, 2021",Women's Street Footwear,Midwest,Foot Locker,Online,Michigan,19,21,11
"January 18, 2021",Women's Street Footwear,Midwest,Foot Locker,Online,Michigan,19,23,12
"December 15, 2021",Women's Street Footwear,Midwest,Foot Locker,Online,Michigan,48,81,17
"December 6, 2020",Women's Street Footwear,Midwest,Foot Locker,Online,Minnesota,24,10,4
"December 18, 2020",Women's Street Footwear,Midwest,Foot Locker,Online,Minnesota,36,14,4
"November 30, 2020",Women's Street Footwear,Midwest,Foot Locker,Online,Minnesota,37,25,7
"December 24, 2020",Women's Street Footwear,Midwest,Foot Locker,Online,Minnesota,44,25,6
"October 25, 2020",Women's Street Footwear,Midwest,Foot Locker,Online,Minnesota,25,14,6
"December 12, 2020",Women's Street Footwear,Midwest,Foot Locker,Online,Minnesota,32,8,3
"November 24, 2020",Women's Street Footwear,Midwest,Foot Locker,Online,Minnesota,36,23,6
"November 6, 2020",Women's Street Footwear,Midwest,Foot Locker,Online,Minnesota,29,8,3
"November 12, 2020",Women's Street Footwear,Midwest,Foot Locker,Online,Minnesota,37,14,4
"October 31, 2020",Women's Street Footwear,Midwest,Foot Locker,Online,Minnesota,29,15,5
"November 18, 2020",Women's Street Footwear,Midwest,Foot Locker,Online,Minnesota,33,16,5
"March 17, 2021",Women's Street Footwear,Midwest,Foot Locker,Online,Missouri,23,22,10
"May 19, 2021",Women's Street Footwear,Midwest,Foot Locker,Online,Missouri,29,25,9
"July 17, 2021",Women's Street Footwear,Midwest,Foot Locker,Online,Missouri,29,37,13
"August 18, 2021",Women's Street Footwear,Midwest,Foot Locker,Online,Missouri,32,38,12
"October 18, 2021",Women's Street Footwear,Midwest,Foot Locker,Online,Missouri,23,17,7
"September 19, 2021",Women's Street Footwear,Midwest,Foot Locker,Online,Missouri,14,11,8
"April 18, 2021",Women's Street Footwear,Midwest,Foot Locker,Online,Missouri,18,15,8
"November 18, 2021",Women's Street Footwear,Midwest,Foot Locker,Online,Missouri,23,18,8
"June 18, 2021",Women's Street Footwear,Midwest,Foot Locker,Online,Missouri,23,26,11
"June 10, 2021",Women's Street Footwear,Midwest,Foot Locker,Online,Nebraska,23,5,2
"June 22, 2021",Women's Street Footwear,Midwest,Foot Locker,Online,Nebraska,27,12,5
"June 28, 2021",Women's Street Footwear,Midwest,Foot Locker,Online,Nebraska,34,21,6
"July 22, 2021",Women's Street Footwear,Midwest,Foot Locker,Online,Nebraska,29,7,3
"July 10, 2021",Women's Street Footwear,Midwest,Foot Locker,Online,Nebraska,18,5,3
"June 16, 2021",Women's Street Footwear,Midwest,Foot Locker,Online,Nebraska,32,10,3
"July 4, 2021",Women's Street Footwear,Midwest,Foot Locker,Online,Nebraska,36,19,5
"July 28, 2021",Women's Street Footwear,Midwest,Foot Locker,Online,Nebraska,39,23,6
"May 29, 2021",Women's Street Footwear,Midwest,Foot Locker,Online,Nebraska,23,11,5
"July 16, 2021",Women's Street Footwear,Midwest,Foot Locker,Online,Nebraska,29,4,1
"June 4, 2021",Women's Street Footwear,Midwest,Foot Locker,Online,Nebraska,29,11,4
"February 6, 2021",Women's Street Footwear,Midwest,Foot Locker,Online,North Dakota,19,11,6
"November 9, 2021",Women's Street Footwear,Midwest,Foot Locker,Online,North Dakota,39,21,5
"January 6, 2021",Women's Street Footwear,Midwest,Foot Locker,Online,North Dakota,19,13,7
"December 8, 2021",Women's Street Footwear,Midwest,Foot Locker,Online,North Dakota,48,35,7
"April 12, 2021",Women's Street Footwear,Midwest,Foot Locker,Online,South Dakota,30,450,15
"March 11, 2021",Women's Street Footwear,Midwest,Foot Locker,Online,South Dakota,30,675,23
"September 13, 2021",Women's Street Footwear,Midwest,Foot Locker,Online,South Dakota,35,613,18
"June 12, 2021",Women's Street Footwear,Midwest,Foot Locker,Online,South Dakota,35,700,20
"July 11, 2021",Women's Street Footwear,Midwest,Foot Locker,Online,South Dakota,40,900,23
"August 12, 2021",Women's Street Footwear,Midwest,Foot Locker,Online,South Dakota,40,900,23
"October 12, 2021",Women's Street Footwear,Midwest,Foot Locker,Online,South Dakota,45,675,15
"May 13, 2021",Women's Street Footwear,Midwest,Foot Locker,Online,South Dakota,45,788,18
"April 12, 2021",Women's Street Footwear,Midwest,Foot Locker,Online,South Dakota,29,13,5
"September 13, 2021",Women's Street Footwear,Midwest,Foot Locker,Online,South Dakota,32,17,5
"August 12, 2021",Women's Street Footwear,Midwest,Foot Locker,Online,South Dakota,36,23,7
"October 12, 2021",Women's Street Footwear,Midwest,Foot Locker,Online,South Dakota,43,18,4
"March 11, 2021",Women's Street Footwear,Midwest,Foot Locker,Online,South Dakota,27,16,6
"July 11, 2021",Women's Street Footwear,Midwest,Foot Locker,Online,South Dakota,37,23,6
"May 13, 2021",Women's Street Footwear,Midwest,Foot Locker,Online,South Dakota,43,20,5
"June 12, 2021",Women's Street Footwear,Midwest,Foot Locker,Online,South Dakota,32,17,5
"September 15, 2021",Men's Apparel,Midwest,Sports Direct,Online,Michigan,41,52,13
"April 16, 2021",Men's Apparel,Midwest,Sports Direct,Online,Michigan,45,54,12
"July 15, 2021",Men's Apparel,Midwest,Sports Direct,Online,Michigan,54,77,14
"March 15, 2021",Men's Apparel,Midwest,Sports Direct,Online,Michigan,43,40,9
"August 16, 2021",Men's Apparel,Midwest,Sports Direct,Online,Michigan,42,57,14
"May 15, 2021",Men's Apparel,Midwest,Sports Direct,Online,Michigan,52,64,12
"February 17, 2021",Men's Apparel,Midwest,Sports Direct,Online,Michigan,41,52,13
"October 17, 2021",Men's Apparel,Midwest,Sports Direct,Online,Michigan,48,54,11
"June 17, 2021",Men's Apparel,Midwest,Sports Direct,Online,Michigan,57,87,15
"November 16, 2021",Men's Apparel,Midwest,Sports Direct,Online,Michigan,59,74,13
"March 8, 2021",Men's Apparel,Midwest,Sports Direct,Online,North Dakota,40,500,13
"February 9, 2021",Men's Apparel,Midwest,Sports Direct,Online,North Dakota,45,788,18
"June 9, 2021",Men's Apparel,Midwest,Sports Direct,Online,North Dakota,38,18,5
"August 9, 2021",Men's Apparel,Midwest,Sports Direct,Online,North Dakota,46,20,4
"July 8, 2021",Men's Apparel,Midwest,Sports Direct,Online,North Dakota,49,29,6
"October 9, 2021",Men's Apparel,Midwest,Sports Direct,Online,North Dakota,45,15,3
"May 10, 2021",Men's Apparel,Midwest,Sports Direct,Online,North Dakota,46,14,3
"April 9, 2021",Men's Apparel,Midwest,Sports Direct,Online,North Dakota,58,17,3
"September 10, 2021",Men's Apparel,Midwest,Sports Direct,Online,North Dakota,36,15,4
"February 9, 2021",Men's Apparel,Midwest,Sports Direct,Online,North Dakota,42,21,5
"March 8, 2021",Men's Apparel,Midwest,Sports Direct,Online,North Dakota,36,13,4
"January 9, 2021",Men's Apparel,Midwest,Sports Direct,Online,South Dakota,45,788,18
"November 12, 2021",Men's Apparel,Midwest,Sports Direct,Online,South Dakota,60,900,15
"December 11, 2021",Men's Apparel,Midwest,Sports Direct,Online,South Dakota,60,"1,200",20
"December 11, 2021",Men's Apparel,Midwest,Sports Direct,Online,South Dakota,56,28,5
"November 12, 2021",Men's Apparel,Midwest,Sports Direct,Online,South Dakota,59,27,5
"January 9, 2021",Men's Apparel,Midwest,Sports Direct,Online,South Dakota,43,21,5
"August 16, 2021",Men's Athletic Footwear,Midwest,Sports Direct,Online,Michigan,50,98,20
"October 17, 2021",Men's Athletic Footwear,Midwest,Sports Direct,Online,Michigan,37,62,17
"September 15, 2021",Men's Athletic Footwear,Midwest,Sports Direct,Online,Michigan,37,64,17
"July 15, 2021",Men's Athletic Footwear,Midwest,Sports Direct,Online,Michigan,53,100,19
"April 16, 2021",Men's Athletic Footwear,Midwest,Sports Direct,Online,Michigan,38,42,11
"December 15, 2021",Men's Athletic Footwear,Midwest,Sports Direct,Online,Michigan,46,81,18
"March 15, 2021",Men's Athletic Footwear,Midwest,Sports Direct,Online,Michigan,32,40,13
"June 17, 2021",Men's Athletic Footwear,Midwest,Sports Direct,Online,Michigan,46,77,17
"November 16, 2021",Men's Athletic Footwear,Midwest,Sports Direct,Online,Michigan,42,61,15
"May 15, 2021",Men's Athletic Footwear,Midwest,Sports Direct,Online,Michigan,47,71,15
"April 9, 2021",Men's Athletic Footwear,Midwest,Sports Direct,Online,North Dakota,30,450,15
"March 8, 2021",Men's Athletic Footwear,Midwest,Sports Direct,Online,North Dakota,30,600,20
"August 9, 2021",Men's Athletic Footwear,Midwest,Sports Direct,Online,North Dakota,42,38,9
"October 9, 2021",Men's Athletic Footwear,Midwest,Sports Direct,Online,North Dakota,36,26,7
"March 8, 2021",Men's Athletic Footwear,Midwest,Sports Direct,Online,North Dakota,27,16,6
"April 9, 2021",Men's Athletic Footwear,Midwest,Sports Direct,Online,North Dakota,28,12,4
"June 9, 2021",Men's Athletic Footwear,Midwest,Sports Direct,Online,North Dakota,32,21,7
"September 10, 2021",Men's Athletic Footwear,Midwest,Sports Direct,Online,North Dakota,34,24,7
"July 8, 2021",Men's Athletic Footwear,Midwest,Sports Direct,Online,North Dakota,44,37,8
"May 10, 2021",Men's Athletic Footwear,Midwest,Sports Direct,Online,North Dakota,41,22,5
"February 9, 2021",Men's Athletic Footwear,Midwest,Sports Direct,Online,South Dakota,35,613,18
"January 9, 2021",Men's Athletic Footwear,Midwest,Sports Direct,Online,South Dakota,35,963,28
"November 12, 2021",Men's Athletic Footwear,Midwest,Sports Direct,Online,South Dakota,45,"1,125",25
"December 11, 2021",Men's Athletic Footwear,Midwest,Sports Direct,Online,South Dakota,50,"1,500",30
"November 12, 2021",Men's Athletic Footwear,Midwest,Sports Direct,Online,South Dakota,41,26,6
"February 9, 2021",Men's Athletic Footwear,Midwest,Sports Direct,Online,South Dakota,34,17,5
"December 11, 2021",Men's Athletic Footwear,Midwest,Sports Direct,Online,South Dakota,45,34,8
"January 9, 2021",Men's Athletic Footwear,Midwest,Sports Direct,Online,South Dakota,32,24,7
"April 16, 2021",Men's Street Footwear,Midwest,Sports Direct,Online,Michigan,32,58,18
"July 15, 2021",Men's Street Footwear,Midwest,Sports Direct,Online,Michigan,57,128,23
"March 15, 2021",Men's Street Footwear,Midwest,Sports Direct,Online,Michigan,34,73,22
"May 15, 2021",Men's Street Footwear,Midwest,Sports Direct,Online,Michigan,48,99,21
"October 17, 2021",Men's Street Footwear,Midwest,Sports Direct,Online,Michigan,49,110,23
"December 15, 2021",Men's Street Footwear,Midwest,Sports Direct,Online,Michigan,55,140,26
"June 17, 2021",Men's Street Footwear,Midwest,Sports Direct,Online,Michigan,52,107,21
"September 15, 2021",Men's Street Footwear,Midwest,Sports Direct,Online,Michigan,42,97,23
"November 16, 2021",Men's Street Footwear,Midwest,Sports Direct,Online,Michigan,49,96,20
"August 16, 2021",Men's Street Footwear,Midwest,Sports Direct,Online,Michigan,55,145,26
"April 9, 2021",Men's Street Footwear,Midwest,Sports Direct,Online,North Dakota,30,"1,350",45
"March 8, 2021",Men's Street Footwear,Midwest,Sports Direct,Online,North Dakota,30,"1,485",50
"June 9, 2021",Men's Street Footwear,Midwest,Sports Direct,Online,North Dakota,36,45,13
"March 8, 2021",Men's Street Footwear,Midwest,Sports Direct,Online,North Dakota,29,39,13
"October 9, 2021",Men's Street Footwear,Midwest,Sports Direct,Online,North Dakota,49,57,12
"May 10, 2021",Men's Street Footwear,Midwest,Sports Direct,Online,North Dakota,55,71,13
"April 9, 2021",Men's Street Footwear,Midwest,Sports Direct,Online,North Dakota,28,32,11
"August 9, 2021",Men's Street Footwear,Midwest,Sports Direct,Online,North Dakota,46,68,15
"July 8, 2021",Men's Street Footwear,Midwest,Sports Direct,Online,North Dakota,48,77,16
"September 10, 2021",Men's Street Footwear,Midwest,Sports Direct,Online,North Dakota,36,48,13
"January 9, 2021",Men's Street Footwear,Midwest,Sports Direct,Online,South Dakota,35,"1,663",48
"February 9, 2021",Men's Street Footwear,Midwest,Sports Direct,Online,South Dakota,35,"1,838",53
"November 12, 2021",Men's Street Footwear,Midwest,Sports Direct,Online,South Dakota,55,"2,200",40
"December 11, 2021",Men's Street Footwear,Midwest,Sports Direct,Online,South Dakota,60,"3,000",50
"January 9, 2021",Men's Street Footwear,Midwest,Sports Direct,Online,South Dakota,33,42,13
"February 9, 2021",Men's Street Footwear,Midwest,Sports Direct,Online,South Dakota,34,52,15
"December 11, 2021",Men's Street Footwear,Midwest,Sports Direct,Online,South Dakota,58,81,14
"November 12, 2021",Men's Street Footwear,Midwest,Sports Direct,Online,South Dakota,53,55,10
"September 15, 2021",Women's Apparel,Midwest,Sports Direct,Online,Michigan,48,83,17
"June 17, 2021",Women's Apparel,Midwest,Sports Direct,Online,Michigan,60,101,17
"February 17, 2021",Women's Apparel,Midwest,Sports Direct,Online,Michigan,33,46,14
"August 16, 2021",Women's Apparel,Midwest,Sports Direct,Online,Michigan,45,79,18
"March 15, 2021",Women's Apparel,Midwest,Sports Direct,Online,Michigan,33,47,14
"April 16, 2021",Women's Apparel,Midwest,Sports Direct,Online,Michigan,37,56,15
"November 16, 2021",Women's Apparel,Midwest,Sports Direct,Online,Michigan,59,100,17
"July 15, 2021",Women's Apparel,Midwest,Sports Direct,Online,Michigan,62,130,21
"October 17, 2021",Women's Apparel,Midwest,Sports Direct,Online,Michigan,52,71,14
"May 15, 2021",Women's Apparel,Midwest,Sports Direct,Online,Michigan,55,83,15
"February 9, 2021",Women's Apparel,Midwest,Sports Direct,Online,North Dakota,25,688,28
"March 8, 2021",Women's Apparel,Midwest,Sports Direct,Online,North Dakota,30,675,23
"February 9, 2021",Women's Apparel,Midwest,Sports Direct,Online,North Dakota,23,16,7
"May 10, 2021",Women's Apparel,Midwest,Sports Direct,Online,North Dakota,52,39,8
"March 8, 2021",Women's Apparel,Midwest,Sports Direct,Online,North Dakota,28,18,6
"April 9, 2021",Women's Apparel,Midwest,Sports Direct,Online,North Dakota,49,33,7
"August 9, 2021",Women's Apparel,Midwest,Sports Direct,Online,North Dakota,54,51,10
"June 9, 2021",Women's Apparel,Midwest,Sports Direct,Online,North Dakota,51,46,9
"July 8, 2021",Women's Apparel,Midwest,Sports Direct,Online,North Dakota,54,53,10
"September 10, 2021",Women's Apparel,Midwest,Sports Direct,Online,North Dakota,44,28,6
"January 9, 2021",Women's Apparel,Midwest,Sports Direct,Online,South Dakota,35,963,28
"October 12, 2021",Women's Apparel,Midwest,Sports Direct,Online,South Dakota,60,"1,500",25
"November 12, 2021",Women's Apparel,Midwest,Sports Direct,Online,South Dakota,65,"1,625",25
"December 11, 2021",Women's Apparel,Midwest,Sports Direct,Online,South Dakota,65,"1,950",30
"November 12, 2021",Women's Apparel,Midwest,Sports Direct,Online,South Dakota,61,40,7
"January 9, 2021",Women's Apparel,Midwest,Sports Direct,Online,South Dakota,33,24,7
"December 11, 2021",Women's Apparel,Midwest,Sports Direct,Online,South Dakota,64,48,8
"October 12, 2021",Women's Apparel,Midwest,Sports Direct,Online,South Dakota,55,39,7
"September 15, 2021",Women's Athletic Footwear,Midwest,Sports Direct,Online,Michigan,34,40,12
"August 16, 2021",Women's Athletic Footwear,Midwest,Sports Direct,Online,Michigan,34,48,14
"July 15, 2021",Women's Athletic Footwear,Midwest,Sports Direct,Online,Michigan,47,74,16
"April 16, 2021",Women's Athletic Footwear,Midwest,Sports Direct,Online,Michigan,32,35,11
"March 15, 2021",Women's Athletic Footwear,Midwest,Sports Direct,Online,Michigan,29,26,9
"June 17, 2021",Women's Athletic Footwear,Midwest,Sports Direct,Online,Michigan,43,68,16
"February 17, 2021",Women's Athletic Footwear,Midwest,Sports Direct,Online,Michigan,28,31,11
"November 16, 2021",Women's Athletic Footwear,Midwest,Sports Direct,Online,Michigan,41,57,14
"October 17, 2021",Women's Athletic Footwear,Midwest,Sports Direct,Online,Michigan,38,44,12
"May 15, 2021",Women's Athletic Footwear,Midwest,Sports Direct,Online,Michigan,42,53,13
"March 8, 2021",Women's Athletic Footwear,Midwest,Sports Direct,Online,North Dakota,25,188,8
"April 9, 2021",Women's Athletic Footwear,Midwest,Sports Direct,Online,North Dakota,25,188,8
"February 9, 2021",Women's Athletic Footwear,Midwest,Sports Direct,Online,North Dakota,30,300,10
"October 9, 2021",Women's Athletic Footwear,Midwest,Sports Direct,Online,North Dakota,38,13,3
"September 10, 2021",Women's Athletic Footwear,Midwest,Sports Direct,Online,North Dakota,28,12,4
"August 9, 2021",Women's Athletic Footwear,Midwest,Sports Direct,Online,North Dakota,38,20,5
"March 8, 2021",Women's Athletic Footwear,Midwest,Sports Direct,Online,North Dakota,25,6,2
"June 9, 2021",Women's Athletic Footwear,Midwest,Sports Direct,Online,North Dakota,29,15,5
"April 9, 2021",Women's Athletic Footwear,Midwest,Sports Direct,Online,North Dakota,24,5,2
"July 8, 2021",Women's Athletic Footwear,Midwest,Sports Direct,Online,North Dakota,38,20,5
"May 10, 2021",Women's Athletic Footwear,Midwest,Sports Direct,Online,North Dakota,36,9,3
"February 9, 2021",Women's Athletic Footwear,Midwest,Sports Direct,Online,North Dakota,29,9,3
"January 9, 2021",Women's Athletic Footwear,Midwest,Sports Direct,Online,South Dakota,30,375,13
"November 12, 2021",Women's Athletic Footwear,Midwest,Sports Direct,Online,South Dakota,45,788,18
"December 11, 2021",Women's Athletic Footwear,Midwest,Sports Direct,Online,South Dakota,50,"1,000",20
"November 12, 2021",Women's Athletic Footwear,Midwest,Sports Direct,Online,South Dakota,43,19,4
"January 9, 2021",Women's Athletic Footwear,Midwest,Sports Direct,Online,South Dakota,28,9,3
"December 11, 2021",Women's Athletic Footwear,Midwest,Sports Direct,Online,South Dakota,45,23,5
"March 15, 2021",Women's Street Footwear,Midwest,Sports Direct,Online,Michigan,25,31,12
"May 15, 2021",Women's Street Footwear,Midwest,Sports Direct,Online,Michigan,44,59,13
"April 16, 2021",Women's Street Footwear,Midwest,Sports Direct,Online,Michigan,27,36,14
"September 15, 2021",Women's Street Footwear,Midwest,Sports Direct,Online,Michigan,34,49,15
"August 16, 2021",Women's Street Footwear,Midwest,Sports Direct,Online,Michigan,42,60,14
"June 17, 2021",Women's Street Footwear,Midwest,Sports Direct,Online,Michigan,41,57,14
"October 17, 2021",Women's Street Footwear,Midwest,Sports Direct,Online,Michigan,37,46,12
"November 16, 2021",Women's Street Footwear,Midwest,Sports Direct,Online,Michigan,43,52,12
"July 15, 2021",Women's Street Footwear,Midwest,Sports Direct,Online,Michigan,46,80,17
"April 9, 2021",Women's Street Footwear,Midwest,Sports Direct,Online,North Dakota,20,300,15
"March 8, 2021",Women's Street Footwear,Midwest,Sports Direct,Online,North Dakota,20,450,23
"June 9, 2021",Women's Street Footwear,Midwest,Sports Direct,Online,North Dakota,27,16,6
"July 8, 2021",Women's Street Footwear,Midwest,Sports Direct,Online,North Dakota,37,22,6
"August 9, 2021",Women's Street Footwear,Midwest,Sports Direct,Online,North Dakota,37,23,6
"April 9, 2021",Women's Street Footwear,Midwest,Sports Direct,Online,North Dakota,19,8,4
"March 8, 2021",Women's Street Footwear,Midwest,Sports Direct,Online,North Dakota,19,11,6
"May 10, 2021",Women's Street Footwear,Midwest,Sports Direct,Online,North Dakota,37,19,5
"September 10, 2021",Women's Street Footwear,Midwest,Sports Direct,Online,North Dakota,27,14,5
"October 9, 2021",Women's Street Footwear,Midwest,Sports Direct,Online,North Dakota,39,15,4
"February 9, 2021",Women's Street Footwear,Midwest,Sports Direct,Online,South Dakota,25,563,23
"January 9, 2021",Women's Street Footwear,Midwest,Sports Direct,Online,South Dakota,25,688,28
"November 12, 2021",Women's Street Footwear,Midwest,Sports Direct,Online,South Dakota,45,878,20
"December 11, 2021",Women's Street Footwear,Midwest,Sports Direct,Online,South Dakota,50,"1,250",25
"January 9, 2021",Women's Street Footwear,Midwest,Sports Direct,Online,South Dakota,25,19,7
"February 9, 2021",Women's Street Footwear,Midwest,Sports Direct,Online,South Dakota,24,16,7
"December 11, 2021",Women's Street Footwear,Midwest,Sports Direct,Online,South Dakota,45,33,7
"November 12, 2021",Women's Street Footwear,Midwest,Sports Direct,Online,South Dakota,43,25,6
"September 11, 2021",Men's Apparel,Midwest,West Gear,Online,Indiana,33,14,4
"November 10, 2021",Men's Apparel,Midwest,West Gear,Online,Indiana,55,41,8
"July 9, 2021",Men's Apparel,Midwest,West Gear,Online,Indiana,51,26,5
"March 9, 2021",Men's Apparel,Midwest,West Gear,Online,Indiana,32,14,4
"December 9, 2021",Men's Apparel,Midwest,West Gear,Online,Indiana,54,45,8
"October 10, 2021",Men's Apparel,Midwest,West Gear,Online,Indiana,41,16,4
"February 10, 2021",Men's Apparel,Midwest,West Gear,Online,Indiana,41,24,6
"April 10, 2021",Men's Apparel,Midwest,West Gear,Online,Indiana,61,27,5
"June 10, 2021",Men's Apparel,Midwest,West Gear,Online,Indiana,36,19,5
"May 11, 2021",Men's Apparel,Midwest,West Gear,Online,Indiana,44,26,6
"August 10, 2021",Men's Apparel,Midwest,West Gear,Online,Indiana,47,25,5
"January 17, 2021",Men's Apparel,Midwest,West Gear,Online,Indiana,41,22,5
"November 6, 2021",Men's Apparel,Midwest,West Gear,Online,Iowa,55,27,5
"December 5, 2021",Men's Apparel,Midwest,West Gear,Online,Iowa,59,35,6
"January 3, 2021",Men's Apparel,Midwest,West Gear,Online,Iowa,38,17,5
"January 11, 2021",Men's Apparel,Midwest,West Gear,Online,Missouri,33,32,10
"December 17, 2021",Men's Apparel,Midwest,West Gear,Online,Missouri,42,37,9
"December 9, 2021",Men's Apparel,Midwest,West Gear,Online,Ohio,75,"3,938",53
"December 9, 2021",Men's Apparel,Midwest,West Gear,Online,Ohio,68,97,14
"January 10, 2021",Men's Apparel,Midwest,West Gear,Online,Wisconsin,41,24,6
"June 3, 2021",Men's Apparel,Midwest,West Gear,Online,Wisconsin,34,16,5
"December 2, 2021",Men's Apparel,Midwest,West Gear,Online,Wisconsin,57,42,7
"March 2, 2021",Men's Apparel,Midwest,West Gear,Online,Wisconsin,29,10,3
"February 3, 2021",Men's Apparel,Midwest,West Gear,Online,Wisconsin,38,14,4
"May 4, 2021",Men's Apparel,Midwest,West Gear,Online,Wisconsin,44,23,5
"July 2, 2021",Men's Apparel,Midwest,West Gear,Online,Wisconsin,48,24,5
"April 3, 2021",Men's Apparel,Midwest,West Gear,Online,Wisconsin,55,14,3
"November 3, 2021",Men's Apparel,Midwest,West Gear,Online,Wisconsin,58,32,6
"October 3, 2021",Men's Apparel,Midwest,West Gear,Online,Wisconsin,44,15,3
"September 4, 2021",Men's Apparel,Midwest,West Gear,Online,Wisconsin,33,11,3
"August 3, 2021",Men's Apparel,Midwest,West Gear,Online,Wisconsin,48,22,5
"September 11, 2021",Men's Athletic Footwear,Midwest,West Gear,Online,Indiana,29,21,7
"July 9, 2021",Men's Athletic Footwear,Midwest,West Gear,Online,Indiana,49,41,8
"April 10, 2021",Men's Athletic Footwear,Midwest,West Gear,Online,Indiana,23,12,5
"June 10, 2021",Men's Athletic Footwear,Midwest,West Gear,Online,Indiana,32,30,9
"August 10, 2021",Men's Athletic Footwear,Midwest,West Gear,Online,Indiana,41,36,9
"March 9, 2021",Men's Athletic Footwear,Midwest,West Gear,Online,Indiana,23,14,6
"October 10, 2021",Men's Athletic Footwear,Midwest,West Gear,Online,Indiana,32,21,7
"January 17, 2021",Men's Athletic Footwear,Midwest,West Gear,Online,Indiana,32,24,8
"November 10, 2021",Men's Athletic Footwear,Midwest,West Gear,Online,Indiana,33,32,10
"May 11, 2021",Men's Athletic Footwear,Midwest,West Gear,Online,Indiana,37,27,7
"February 17, 2021",Men's Athletic Footwear,Midwest,West Gear,Online,Indiana,38,19,5
"December 9, 2021",Men's Athletic Footwear,Midwest,West Gear,Online,Indiana,49,53,11
"January 3, 2021",Men's Athletic Footwear,Midwest,West Gear,Online,Iowa,29,20,7
"December 5, 2021",Men's Athletic Footwear,Midwest,West Gear,Online,Iowa,47,43,9
"February 3, 2021",Men's Athletic Footwear,Midwest,West Gear,Online,Iowa,29,11,4
"November 6, 2021",Men's Athletic Footwear,Midwest,West Gear,Online,Iowa,32,23,7
"January 11, 2021",Men's Athletic Footwear,Midwest,West Gear,Online,Missouri,23,31,13
"February 11, 2021",Men's Athletic Footwear,Midwest,West Gear,Online,Missouri,24,24,10
"September 4, 2021",Men's Athletic Footwear,Midwest,West Gear,Online,Wisconsin,29,19,7
"April 3, 2021",Men's Athletic Footwear,Midwest,West Gear,Online,Wisconsin,20,8,4
"November 3, 2021",Men's Athletic Footwear,Midwest,West Gear,Online,Wisconsin,32,25,8
"August 3, 2021",Men's Athletic Footwear,Midwest,West Gear,Online,Wisconsin,43,36,8
"December 2, 2021",Men's Athletic Footwear,Midwest,West Gear,Online,Wisconsin,49,50,10
"October 3, 2021",Men's Athletic Footwear,Midwest,West Gear,Online,Wisconsin,33,22,7
"June 3, 2021",Men's Athletic Footwear,Midwest,West Gear,Online,Wisconsin,27,24,9
"May 4, 2021",Men's Athletic Footwear,Midwest,West Gear,Online,Wisconsin,39,20,5
"July 2, 2021",Men's Athletic Footwear,Midwest,West Gear,Online,Wisconsin,42,37,9
"March 2, 2021",Men's Athletic Footwear,Midwest,West Gear,Online,Wisconsin,19,8,4
"January 10, 2021",Men's Athletic Footwear,Midwest,West Gear,Online,Wisconsin,32,25,8
"February 10, 2021",Men's Athletic Footwear,Midwest,West Gear,Online,Wisconsin,34,18,5
"May 11, 2021",Men's Street Footwear,Midwest,West Gear,Online,Indiana,54,89,16
"March 9, 2021",Men's Street Footwear,Midwest,West Gear,Online,Indiana,23,35,15
"November 10, 2021",Men's Street Footwear,Midwest,West Gear,Online,Indiana,41,50,12
"December 9, 2021",Men's Street Footwear,Midwest,West Gear,Online,Indiana,58,87,15
"January 17, 2021",Men's Street Footwear,Midwest,West Gear,Online,Indiana,32,40,13
"October 10, 2021",Men's Street Footwear,Midwest,West Gear,Online,Indiana,41,48,12
"July 9, 2021",Men's Street Footwear,Midwest,West Gear,Online,Indiana,51,76,15
"September 11, 2021",Men's Street Footwear,Midwest,West Gear,Online,Indiana,33,44,13
"February 17, 2021",Men's Street Footwear,Midwest,West Gear,Online,Indiana,33,49,15
"April 10, 2021",Men's Street Footwear,Midwest,West Gear,Online,Indiana,23,29,13
"June 10, 2021",Men's Street Footwear,Midwest,West Gear,Online,Indiana,36,56,16
"August 10, 2021",Men's Street Footwear,Midwest,West Gear,Online,Indiana,47,71,15
"February 3, 2021",Men's Street Footwear,Midwest,West Gear,Online,Iowa,29,41,14
"December 5, 2021",Men's Street Footwear,Midwest,West Gear,Online,Iowa,54,79,15
"November 6, 2021",Men's Street Footwear,Midwest,West Gear,Online,Iowa,41,46,11
"January 3, 2021",Men's Street Footwear,Midwest,West Gear,Online,Iowa,28,35,13
"February 11, 2021",Men's Street Footwear,Midwest,West Gear,Online,Missouri,25,55,22
"January 11, 2021",Men's Street Footwear,Midwest,West Gear,Online,Missouri,23,45,20
"April 3, 2021",Men's Street Footwear,Midwest,West Gear,Online,Wisconsin,18,22,12
"March 2, 2021",Men's Street Footwear,Midwest,West Gear,Online,Wisconsin,19,27,14
"September 4, 2021",Men's Street Footwear,Midwest,West Gear,Online,Wisconsin,33,47,14
"May 4, 2021",Men's Street Footwear,Midwest,West Gear,Online,Wisconsin,58,78,13
"December 2, 2021",Men's Street Footwear,Midwest,West Gear,Online,Wisconsin,58,80,14
"October 3, 2021",Men's Street Footwear,Midwest,West Gear,Online,Wisconsin,43,49,11
"July 2, 2021",Men's Street Footwear,Midwest,West Gear,Online,Wisconsin,45,67,15
"August 3, 2021",Men's Street Footwear,Midwest,West Gear,Online,Wisconsin,46,73,16
"November 3, 2021",Men's Street Footwear,Midwest,West Gear,Online,Wisconsin,41,43,10
"June 3, 2021",Men's Street Footwear,Midwest,West Gear,Online,Wisconsin,32,51,16
"January 10, 2021",Men's Street Footwear,Midwest,West Gear,Online,Wisconsin,32,45,14
"February 10, 2021",Men's Street Footwear,Midwest,West Gear,Online,Wisconsin,34,54,16
"January 17, 2021",Women's Apparel,Midwest,West Gear,Online,Indiana,34,26,8
"December 9, 2021",Women's Apparel,Midwest,West Gear,Online,Indiana,62,74,12
"February 10, 2021",Women's Apparel,Midwest,West Gear,Online,Indiana,19,14,8
"July 9, 2021",Women's Apparel,Midwest,West Gear,Online,Indiana,54,55,10
"June 10, 2021",Women's Apparel,Midwest,West Gear,Online,Indiana,56,51,9
"March 9, 2021",Women's Apparel,Midwest,West Gear,Online,Indiana,24,18,7
"September 11, 2021",Women's Apparel,Midwest,West Gear,Online,Indiana,36,24,7
"May 11, 2021",Women's Apparel,Midwest,West Gear,Online,Indiana,53,48,9
"October 10, 2021",Women's Apparel,Midwest,West Gear,Online,Indiana,48,40,8
"August 10, 2021",Women's Apparel,Midwest,West Gear,Online,Indiana,54,49,9
"November 10, 2021",Women's Apparel,Midwest,West Gear,Online,Indiana,61,56,9
"April 10, 2021",Women's Apparel,Midwest,West Gear,Online,Indiana,47,34,7
"November 6, 2021",Women's Apparel,Midwest,West Gear,Online,Iowa,59,42,7
"October 6, 2021",Women's Apparel,Midwest,West Gear,Online,Iowa,49,36,7
"January 3, 2021",Women's Apparel,Midwest,West Gear,Online,Iowa,28,20,7
"December 5, 2021",Women's Apparel,Midwest,West Gear,Online,Iowa,59,52,9
"December 17, 2021",Women's Apparel,Midwest,West Gear,Online,Missouri,47,59,13
"January 11, 2021",Women's Apparel,Midwest,West Gear,Online,Missouri,24,33,14
"December 9, 2021",Women's Apparel,Midwest,West Gear,Online,Ohio,80,"5,000",63
"December 9, 2021",Women's Apparel,Midwest,West Gear,Online,Ohio,74,115,16
"January 10, 2021",Women's Apparel,Midwest,West Gear,Online,Wisconsin,32,27,8
"September 4, 2021",Women's Apparel,Midwest,West Gear,Online,Wisconsin,38,20,5
"February 3, 2021",Women's Apparel,Midwest,West Gear,Online,Wisconsin,14,9,7
"October 3, 2021",Women's Apparel,Midwest,West Gear,Online,Wisconsin,46,30,7
"May 4, 2021",Women's Apparel,Midwest,West Gear,Online,Wisconsin,47,42,9
"August 3, 2021",Women's Apparel,Midwest,West Gear,Online,Wisconsin,52,53,10
"November 3, 2021",Women's Apparel,Midwest,West Gear,Online,Wisconsin,61,46,8
"December 2, 2021",Women's Apparel,Midwest,West Gear,Online,Wisconsin,59,52,9
"March 2, 2021",Women's Apparel,Midwest,West Gear,Online,Wisconsin,18,11,6
"July 2, 2021",Women's Apparel,Midwest,West Gear,Online,Wisconsin,52,49,9
"April 3, 2021",Women's Apparel,Midwest,West Gear,Online,Wisconsin,49,30,6
"June 3, 2021",Women's Apparel,Midwest,West Gear,Online,Wisconsin,51,50,10
"March 9, 2021",Women's Athletic Footwear,Midwest,West Gear,Online,Indiana,19,6,3
"October 10, 2021",Women's Athletic Footwear,Midwest,West Gear,Online,Indiana,33,15,4
"September 11, 2021",Women's Athletic Footwear,Midwest,West Gear,Online,Indiana,24,10,4
"February 10, 2021",Women's Athletic Footwear,Midwest,West Gear,Online,Indiana,29,10,4
"June 10, 2021",Women's Athletic Footwear,Midwest,West Gear,Online,Indiana,29,13,5
"August 10, 2021",Women's Athletic Footwear,Midwest,West Gear,Online,Indiana,38,23,6
"July 9, 2021",Women's Athletic Footwear,Midwest,West Gear,Online,Indiana,42,21,5
"April 10, 2021",Women's Athletic Footwear,Midwest,West Gear,Online,Indiana,19,7,4
"May 11, 2021",Women's Athletic Footwear,Midwest,West Gear,Online,Indiana,34,17,5
"November 10, 2021",Women's Athletic Footwear,Midwest,West Gear,Online,Indiana,34,28,8
"December 9, 2021",Women's Athletic Footwear,Midwest,West Gear,Online,Indiana,45,39,9
"January 17, 2021",Women's Athletic Footwear,Midwest,West Gear,Online,Indiana,29,13,5
"November 6, 2021",Women's Athletic Footwear,Midwest,West Gear,Online,Iowa,34,18,5
"December 5, 2021",Women's Athletic Footwear,Midwest,West Gear,Online,Iowa,49,30,6
"January 3, 2021",Women's Athletic Footwear,Midwest,West Gear,Online,Iowa,23,7,3
"January 11, 2021",Women's Athletic Footwear,Midwest,West Gear,Online,Missouri,18,16,9
"December 17, 2021",Women's Athletic Footwear,Midwest,West Gear,Online,Missouri,34,30,9
"December 9, 2021",Women's Athletic Footwear,Midwest,West Gear,Online,Ohio,65,"3,413",53
"December 9, 2021",Women's Athletic Footwear,Midwest,West Gear,Online,Ohio,63,93,15
"March 2, 2021",Women's Athletic Footwear,Midwest,West Gear,Online,Wisconsin,14,3,2
"April 3, 2021",Women's Athletic Footwear,Midwest,West Gear,Online,Wisconsin,15,3,2
"June 3, 2021",Women's Athletic Footwear,Midwest,West Gear,Online,Wisconsin,24,11,5
"October 3, 2021",Women's Athletic Footwear,Midwest,West Gear,Online,Wisconsin,32,11,3
"July 2, 2021",Women's Athletic Footwear,Midwest,West Gear,Online,Wisconsin,38,19,5
"February 3, 2021",Women's Athletic Footwear,Midwest,West Gear,Online,Wisconsin,23,5,2
"May 4, 2021",Women's Athletic Footwear,Midwest,West Gear,Online,Wisconsin,32,12,4
"September 4, 2021",Women's Athletic Footwear,Midwest,West Gear,Online,Wisconsin,23,8,3
"November 3, 2021",Women's Athletic Footwear,Midwest,West Gear,Online,Wisconsin,33,21,7
"August 3, 2021",Women's Athletic Footwear,Midwest,West Gear,Online,Wisconsin,39,20,5
"December 2, 2021",Women's Athletic Footwear,Midwest,West Gear,Online,Wisconsin,48,35,7
"January 10, 2021",Women's Athletic Footwear,Midwest,West Gear,Online,Wisconsin,28,12,4
"June 10, 2021",Women's Street Footwear,Midwest,West Gear,Online,Indiana,27,14,5
"July 9, 2021",Women's Street Footwear,Midwest,West Gear,Online,Indiana,42,29,7
"December 9, 2021",Women's Street Footwear,Midwest,West Gear,Online,Indiana,49,51,11
"September 11, 2021",Women's Street Footwear,Midwest,West Gear,Online,Indiana,23,11,5
"October 10, 2021",Women's Street Footwear,Midwest,West Gear,Online,Indiana,32,12,4
"May 11, 2021",Women's Street Footwear,Midwest,West Gear,Online,Indiana,34,19,6
"August 10, 2021",Women's Street Footwear,Midwest,West Gear,Online,Indiana,37,21,6
"November 10, 2021",Women's Street Footwear,Midwest,West Gear,Online,Indiana,32,26,8
"April 10, 2021",Women's Street Footwear,Midwest,West Gear,Online,Indiana,14,7,5
"March 9, 2021",Women's Street Footwear,Midwest,West Gear,Online,Indiana,14,10,7
"February 17, 2021",Women's Street Footwear,Midwest,West Gear,Online,Indiana,27,20,8
"January 17, 2021",Women's Street Footwear,Midwest,West Gear,Online,Indiana,25,22,9
"January 3, 2021",Women's Street Footwear,Midwest,West Gear,Online,Iowa,18,12,7
"December 5, 2021",Women's Street Footwear,Midwest,West Gear,Online,Iowa,47,39,8
"February 3, 2021",Women's Street Footwear,Midwest,West Gear,Online,Iowa,20,12,6
"November 6, 2021",Women's Street Footwear,Midwest,West Gear,Online,Iowa,32,18,6
"February 11, 2021",Women's Street Footwear,Midwest,West Gear,Online,Missouri,14,16,12
"January 11, 2021",Women's Street Footwear,Midwest,West Gear,Online,Missouri,14,20,14
"December 17, 2021",Women's Street Footwear,Midwest,West Gear,Online,Missouri,32,38,12
"December 9, 2021",Women's Street Footwear,Midwest,West Gear,Online,Ohio,65,"3,738",58
"December 9, 2021",Women's Street Footwear,Midwest,West Gear,Online,Ohio,59,95,16
"August 3, 2021",Women's Street Footwear,Midwest,West Gear,Online,Wisconsin,39,22,6
"November 3, 2021",Women's Street Footwear,Midwest,West Gear,Online,Wisconsin,33,23,7
"April 3, 2021",Women's Street Footwear,Midwest,West Gear,Online,Wisconsin,9,4,4
"October 3, 2021",Women's Street Footwear,Midwest,West Gear,Online,Wisconsin,34,11,3
"July 2, 2021",Women's Street Footwear,Midwest,West Gear,Online,Wisconsin,38,23,6
"March 2, 2021",Women's Street Footwear,Midwest,West Gear,Online,Wisconsin,9,5,6
"June 3, 2021",Women's Street Footwear,Midwest,West Gear,Online,Wisconsin,24,12,5
"December 2, 2021",Women's Street Footwear,Midwest,West Gear,Online,Wisconsin,45,39,9
"September 4, 2021",Women's Street Footwear,Midwest,West Gear,Online,Wisconsin,24,11,4
"January 10, 2021",Women's Street Footwear,Midwest,West Gear,Online,Wisconsin,24,21,9
"May 4, 2021",Women's Street Footwear,Midwest,West Gear,Online,Wisconsin,33,16,5
"February 10, 2021",Women's Street Footwear,Midwest,West Gear,Online,Wisconsin,24,18,7
"October 28, 2021",Men's Apparel,Northeast,Amazon,Online,Maine,49,14,3
"November 15, 2021",Men's Apparel,Northeast,Amazon,Online,Maine,50,27,5
"November 18, 2021",Men's Apparel,Northeast,Amazon,Online,Maine,60,25,4
"December 17, 2021",Men's Apparel,Northeast,Amazon,Online,Maine,60,32,5
"November 9, 2021",Men's Apparel,Northeast,Amazon,Online,Maine,51,21,4
"December 31, 2021",Men's Apparel,Northeast,Amazon,Online,Maine,52,19,4
"December 25, 2021",Men's Apparel,Northeast,Amazon,Online,Maine,54,22,4
"November 3, 2021",Men's Apparel,Northeast,Amazon,Online,Maine,47,9,2
"November 21, 2021",Men's Apparel,Northeast,Amazon,Online,Maine,53,32,6
"October 19, 2021",Men's Apparel,Northeast,Amazon,Online,Maine,61,16,3
"October 22, 2021",Men's Apparel,Northeast,Amazon,Online,Maine,46,21,5
"October 16, 2021",Men's Apparel,Northeast,Amazon,Online,Maine,47,20,4
"November 14, 2021",Men's Apparel,Northeast,Amazon,Online,Massachusetts,63,44,7
"December 13, 2021",Men's Apparel,Northeast,Amazon,Online,Massachusetts,62,52,8
"January 14, 2021",Men's Apparel,Northeast,Amazon,Online,Massachusetts,52,35,7
"July 17, 2021",Men's Apparel,Northeast,Amazon,Online,New Hampshire,60,61,10
"February 19, 2021",Men's Apparel,Northeast,Amazon,Online,New Hampshire,56,46,8
"June 19, 2021",Men's Apparel,Northeast,Amazon,Online,New Hampshire,60,56,9
"September 17, 2021",Men's Apparel,Northeast,Amazon,Online,New Hampshire,64,40,6
"April 18, 2021",Men's Apparel,Northeast,Amazon,Online,New Hampshire,57,30,5
"March 17, 2021",Men's Apparel,Northeast,Amazon,Online,New Hampshire,58,35,6
"August 18, 2021",Men's Apparel,Northeast,Amazon,Online,New Hampshire,59,43,7
"May 17, 2021",Men's Apparel,Northeast,Amazon,Online,New Hampshire,63,49,8
"January 21, 2021",Men's Apparel,Northeast,Amazon,Online,Vermont,59,33,6
"April 11, 2021",Men's Apparel,Northeast,Amazon,Online,Vermont,51,19,4
"July 10, 2021",Men's Apparel,Northeast,Amazon,Online,Vermont,54,51,9
"May 10, 2021",Men's Apparel,Northeast,Amazon,Online,Vermont,55,40,7
"September 10, 2021",Men's Apparel,Northeast,Amazon,Online,Vermont,58,29,5
"October 12, 2021",Men's Apparel,Northeast,Amazon,Online,Vermont,66,34,5
"December 10, 2021",Men's Apparel,Northeast,Amazon,Online,Vermont,67,54,8
"March 10, 2021",Men's Apparel,Northeast,Amazon,Online,Vermont,51,24,5
"August 11, 2021",Men's Apparel,Northeast,Amazon,Online,Vermont,57,37,7
"February 12, 2021",Men's Apparel,Northeast,Amazon,Online,Vermont,54,34,6
"June 12, 2021",Men's Apparel,Northeast,Amazon,Online,Vermont,58,47,8
"November 11, 2021",Men's Apparel,Northeast,Amazon,Online,Vermont,67,54,8
"October 31, 2021",Men's Athletic Footwear,Northeast,Amazon,Online,Maine,37,16,4
"October 19, 2021",Men's Athletic Footwear,Northeast,Amazon,Online,Maine,38,17,5
"December 28, 2021",Men's Athletic Footwear,Northeast,Amazon,Online,Maine,46,32,7
"December 22, 2021",Men's Athletic Footwear,Northeast,Amazon,Online,Maine,49,44,9
"November 18, 2021",Men's Athletic Footwear,Northeast,Amazon,Online,Maine,46,39,8
"October 25, 2021",Men's Athletic Footwear,Northeast,Amazon,Online,Maine,39,18,5
"November 12, 2021",Men's Athletic Footwear,Northeast,Amazon,Online,Maine,48,37,8
"October 19, 2021",Men's Athletic Footwear,Northeast,Amazon,Online,Maine,54,32,6
"November 6, 2021",Men's Athletic Footwear,Northeast,Amazon,Online,Maine,48,29,6
"November 18, 2021",Men's Athletic Footwear,Northeast,Amazon,Online,Maine,52,27,5
"December 17, 2021",Men's Athletic Footwear,Northeast,Amazon,Online,Maine,53,39,7
"December 13, 2021",Men's Athletic Footwear,Northeast,Amazon,Online,Massachusetts,53,56,11
"November 14, 2021",Men's Athletic Footwear,Northeast,Amazon,Online,Massachusetts,52,47,9
"January 14, 2021",Men's Athletic Footwear,Northeast,Amazon,Online,Massachusetts,42,39,9
"February 12, 2021",Men's Athletic Footwear,Northeast,Amazon,Online,Massachusetts,44,27,6
"July 17, 2021",Men's Athletic Footwear,Northeast,Amazon,Online,New Hampshire,55,72,13
"March 17, 2021",Men's Athletic Footwear,Northeast,Amazon,Online,New Hampshire,49,34,7
"June 19, 2021",Men's Athletic Footwear,Northeast,Amazon,Online,New Hampshire,56,69,12
"September 17, 2021",Men's Athletic Footwear,Northeast,Amazon,Online,New Hampshire,54,51,10
"May 17, 2021",Men's Athletic Footwear,Northeast,Amazon,Online,New Hampshire,54,47,9
"August 18, 2021",Men's Athletic Footwear,Northeast,Amazon,Online,New Hampshire,58,78,14
"April 18, 2021",Men's Athletic Footwear,Northeast,Amazon,Online,New Hampshire,49,33,7
"February 19, 2021",Men's Athletic Footwear,Northeast,Amazon,Online,Vermont,45,34,8
"January 21, 2021",Men's Athletic Footwear,Northeast,Amazon,Online,Vermont,45,41,9
"December 10, 2021",Men's Athletic Footwear,Northeast,Amazon,Online,Vermont,55,55,10
"July 10, 2021",Men's Athletic Footwear,Northeast,Amazon,Online,Vermont,51,59,12
"May 10, 2021",Men's Athletic Footwear,Northeast,Amazon,Online,Vermont,54,43,8
"March 10, 2021",Men's Athletic Footwear,Northeast,Amazon,Online,Vermont,42,29,7
"April 11, 2021",Men's Athletic Footwear,Northeast,Amazon,Online,Vermont,43,24,6
"August 11, 2021",Men's Athletic Footwear,Northeast,Amazon,Online,Vermont,53,56,11
"June 12, 2021",Men's Athletic Footwear,Northeast,Amazon,Online,Vermont,53,61,12
"October 12, 2021",Men's Athletic Footwear,Northeast,Amazon,Online,Vermont,54,41,8
"September 10, 2021",Men's Athletic Footwear,Northeast,Amazon,Online,Vermont,50,43,9
"November 5, 2021",Men's Street Footwear,Northeast,Amazon,Online,Maine,52,75,14
"December 21, 2021",Men's Street Footwear,Northeast,Amazon,Online,Maine,50,74,15
"November 11, 2021",Men's Street Footwear,Northeast,Amazon,Online,Maine,54,85,16
"October 30, 2021",Men's Street Footwear,Northeast,Amazon,Online,Maine,37,45,12
"December 27, 2021",Men's Street Footwear,Northeast,Amazon,Online,Maine,53,65,12
"December 17, 2021",Men's Street Footwear,Northeast,Amazon,Online,Maine,62,86,14
"October 18, 2021",Men's Street Footwear,Northeast,Amazon,Online,Maine,38,53,14
"October 24, 2021",Men's Street Footwear,Northeast,Amazon,Online,Maine,39,50,13
"November 17, 2021",Men's Street Footwear,Northeast,Amazon,Online,Maine,51,73,14
"November 18, 2021",Men's Street Footwear,Northeast,Amazon,Online,Maine,62,61,10
"October 19, 2021",Men's Street Footwear,Northeast,Amazon,Online,Maine,55,66,12
"December 13, 2021",Men's Street Footwear,Northeast,Amazon,Online,Massachusetts,64,96,15
"November 14, 2021",Men's Street Footwear,Northeast,Amazon,Online,Massachusetts,62,70,11
"January 14, 2021",Men's Street Footwear,Northeast,Amazon,Online,Massachusetts,44,67,15
"February 12, 2021",Men's Street Footwear,Northeast,Amazon,Online,Massachusetts,41,68,17
"March 17, 2021",Men's Street Footwear,Northeast,Amazon,Online,New Hampshire,49,81,17
"August 18, 2021",Men's Street Footwear,Northeast,Amazon,Online,New Hampshire,60,118,20
"September 17, 2021",Men's Street Footwear,Northeast,Amazon,Online,New Hampshire,59,91,15
"April 18, 2021",Men's Street Footwear,Northeast,Amazon,Online,New Hampshire,48,74,15
"June 19, 2021",Men's Street Footwear,Northeast,Amazon,Online,New Hampshire,59,100,17
"May 17, 2021",Men's Street Footwear,Northeast,Amazon,Online,New Hampshire,64,111,17
"July 17, 2021",Men's Street Footwear,Northeast,Amazon,Online,New Hampshire,64,125,20
"February 19, 2021",Men's Street Footwear,Northeast,Amazon,Online,Vermont,49,88,18
"January 21, 2021",Men's Street Footwear,Northeast,Amazon,Online,Vermont,49,64,13
"April 11, 2021",Men's Street Footwear,Northeast,Amazon,Online,Vermont,41,56,14
"July 10, 2021",Men's Street Footwear,Northeast,Amazon,Online,Vermont,54,98,18
"May 10, 2021",Men's Street Footwear,Northeast,Amazon,Online,Vermont,55,85,15
"September 10, 2021",Men's Street Footwear,Northeast,Amazon,Online,Vermont,56,77,14
"June 12, 2021",Men's Street Footwear,Northeast,Amazon,Online,Vermont,58,95,16
"March 10, 2021",Men's Street Footwear,Northeast,Amazon,Online,Vermont,44,62,14
"August 11, 2021",Men's Street Footwear,Northeast,Amazon,Online,Vermont,58,102,18
"October 12, 2021",Men's Street Footwear,Northeast,Amazon,Online,Vermont,62,82,13
"December 10, 2021",Men's Street Footwear,Northeast,Amazon,Online,Vermont,64,108,17
"October 23, 2021",Women's Apparel,Northeast,Amazon,Online,Maine,37,23,6
"November 4, 2021",Women's Apparel,Northeast,Amazon,Online,Maine,39,25,6
"November 16, 2021",Women's Apparel,Northeast,Amazon,Online,Maine,56,48,9
"October 17, 2021",Women's Apparel,Northeast,Amazon,Online,Maine,38,26,7
"September 17, 2021",Women's Apparel,Northeast,Amazon,Online,Maine,57,34,6
"November 10, 2021",Women's Apparel,Northeast,Amazon,Online,Maine,56,40,7
"October 19, 2021",Women's Apparel,Northeast,Amazon,Online,Maine,68,38,6
"December 17, 2021",Women's Apparel,Northeast,Amazon,Online,Maine,69,52,8
"December 26, 2021",Women's Apparel,Northeast,Amazon,Online,Maine,54,49,9
"December 20, 2021",Women's Apparel,Northeast,Amazon,Online,Maine,58,66,11
"November 18, 2021",Women's Apparel,Northeast,Amazon,Online,Maine,67,42,6
"October 29, 2021",Women's Apparel,Northeast,Amazon,Online,Maine,36,18,5
"December 13, 2021",Women's Apparel,Northeast,Amazon,Online,Massachusetts,65,73,11
"October 15, 2021",Women's Apparel,Northeast,Amazon,Online,Massachusetts,66,43,7
"November 14, 2021",Women's Apparel,Northeast,Amazon,Online,Massachusetts,64,63,10
"January 14, 2021",Women's Apparel,Northeast,Amazon,Online,Massachusetts,44,43,10
"April 18, 2021",Women's Apparel,Northeast,Amazon,Online,New Hampshire,46,45,10
"May 17, 2021",Women's Apparel,Northeast,Amazon,Online,New Hampshire,65,75,12
"September 17, 2021",Women's Apparel,Northeast,Amazon,Online,New Hampshire,68,67,10
"March 17, 2021",Women's Apparel,Northeast,Amazon,Online,New Hampshire,45,34,8
"August 18, 2021",Women's Apparel,Northeast,Amazon,Online,New Hampshire,64,68,11
"June 19, 2021",Women's Apparel,Northeast,Amazon,Online,New Hampshire,66,91,14
"February 19, 2021",Women's Apparel,Northeast,Amazon,Online,New Hampshire,46,45,10
"July 17, 2021",Women's Apparel,Northeast,Amazon,Online,New Hampshire,64,88,14
"January 21, 2021",Women's Apparel,Northeast,Amazon,Online,Vermont,49,43,9
"April 11, 2021",Women's Apparel,Northeast,Amazon,Online,Vermont,44,40,9
"August 11, 2021",Women's Apparel,Northeast,Amazon,Online,Vermont,61,63,10
"May 10, 2021",Women's Apparel,Northeast,Amazon,Online,Vermont,60,72,12
"July 10, 2021",Women's Apparel,Northeast,Amazon,Online,Vermont,61,76,13
"June 12, 2021",Women's Apparel,Northeast,Amazon,Online,Vermont,62,73,12
"December 10, 2021",Women's Apparel,Northeast,Amazon,Online,Vermont,68,72,11
"November 11, 2021",Women's Apparel,Northeast,Amazon,Online,Vermont,70,66,9
"February 12, 2021",Women's Apparel,Northeast,Amazon,Online,Vermont,43,37,9
"March 10, 2021",Women's Apparel,Northeast,Amazon,Online,Vermont,41,33,8
"September 10, 2021",Women's Apparel,Northeast,Amazon,Online,Vermont,59,46,8
"October 27, 2021",Women's Athletic Footwear,Northeast,Amazon,Online,Maine,32,4,1
"November 2, 2021",Women's Athletic Footwear,Northeast,Amazon,Online,Maine,33,7,2
"November 8, 2021",Women's Athletic Footwear,Northeast,Amazon,Online,Maine,41,14,3
"October 19, 2021",Women's Athletic Footwear,Northeast,Amazon,Online,Maine,50,13,3
"December 24, 2021",Women's Athletic Footwear,Northeast,Amazon,Online,Maine,41,21,5
"November 20, 2021",Women's Athletic Footwear,Northeast,Amazon,Online,Maine,43,19,4
"October 21, 2021",Women's Athletic Footwear,Northeast,Amazon,Online,Maine,34,6,2
"November 14, 2021",Women's Athletic Footwear,Northeast,Amazon,Online,Maine,41,21,5
"December 17, 2021",Women's Athletic Footwear,Northeast,Amazon,Online,Maine,52,26,5
"November 18, 2021",Women's Athletic Footwear,Northeast,Amazon,Online,Maine,54,25,5
"December 30, 2021",Women's Athletic Footwear,Northeast,Amazon,Online,Maine,42,15,4
"December 13, 2021",Women's Athletic Footwear,Northeast,Amazon,Online,Massachusetts,52,39,8
"November 14, 2021",Women's Athletic Footwear,Northeast,Amazon,Online,Massachusetts,51,41,8
"January 14, 2021",Women's Athletic Footwear,Northeast,Amazon,Online,Massachusetts,39,17,4
"May 17, 2021",Women's Athletic Footwear,Northeast,Amazon,Online,New Hampshire,52,42,8
"April 18, 2021",Women's Athletic Footwear,Northeast,Amazon,Online,New Hampshire,44,22,5
"March 17, 2021",Women's Athletic Footwear,Northeast,Amazon,Online,New Hampshire,44,17,4
"August 18, 2021",Women's Athletic Footwear,Northeast,Amazon,Online,New Hampshire,51,37,7
"June 19, 2021",Women's Athletic Footwear,Northeast,Amazon,Online,New Hampshire,52,47,9
"September 17, 2021",Women's Athletic Footwear,Northeast,Amazon,Online,New Hampshire,53,30,6
"February 19, 2021",Women's Athletic Footwear,Northeast,Amazon,Online,New Hampshire,42,24,6
"July 17, 2021",Women's Athletic Footwear,Northeast,Amazon,Online,New Hampshire,53,45,9
"January 21, 2021",Women's Athletic Footwear,Northeast,Amazon,Online,Vermont,43,20,5
"June 12, 2021",Women's Athletic Footwear,Northeast,Amazon,Online,Vermont,47,42,9
"December 10, 2021",Women's Athletic Footwear,Northeast,Amazon,Online,Vermont,56,45,8
"February 12, 2021",Women's Athletic Footwear,Northeast,Amazon,Online,Vermont,36,16,5
"May 10, 2021",Women's Athletic Footwear,Northeast,Amazon,Online,Vermont,46,30,7
"August 11, 2021",Women's Athletic Footwear,Northeast,Amazon,Online,Vermont,49,33,7
"October 12, 2021",Women's Athletic Footwear,Northeast,Amazon,Online,Vermont,55,25,5
"March 10, 2021",Women's Athletic Footwear,Northeast,Amazon,Online,Vermont,36,14,4
"September 10, 2021",Women's Athletic Footwear,Northeast,Amazon,Online,Vermont,45,23,5
"July 10, 2021",Women's Athletic Footwear,Northeast,Amazon,Online,Vermont,46,41,9
"April 11, 2021",Women's Athletic Footwear,Northeast,Amazon,Online,Vermont,36,16,4
"November 11, 2021",Women's Athletic Footwear,Northeast,Amazon,Online,Vermont,55,41,8
"December 23, 2021",Women's Street Footwear,Northeast,Amazon,Online,Maine,41,28,7
"December 17, 2021",Women's Street Footwear,Northeast,Amazon,Online,Maine,52,35,7
"November 13, 2021",Women's Street Footwear,Northeast,Amazon,Online,Maine,42,24,6
"November 18, 2021",Women's Street Footwear,Northeast,Amazon,Online,Maine,52,29,6
"October 20, 2021",Women's Street Footwear,Northeast,Amazon,Online,Maine,29,17,6
"November 1, 2021",Women's Street Footwear,Northeast,Amazon,Online,Maine,27,12,4
"November 7, 2021",Women's Street Footwear,Northeast,Amazon,Online,Maine,42,20,5
"October 26, 2021",Women's Street Footwear,Northeast,Amazon,Online,Maine,27,14,5
"December 29, 2021",Women's Street Footwear,Northeast,Amazon,Online,Maine,41,16,4
"November 19, 2021",Women's Street Footwear,Northeast,Amazon,Online,Maine,43,27,6
"October 19, 2021",Women's Street Footwear,Northeast,Amazon,Online,Maine,52,16,3
"November 14, 2021",Women's Street Footwear,Northeast,Amazon,Online,Massachusetts,50,42,8
"December 13, 2021",Women's Street Footwear,Northeast,Amazon,Online,Massachusetts,51,50,10
"January 14, 2021",Women's Street Footwear,Northeast,Amazon,Online,Massachusetts,32,29,9
"February 12, 2021",Women's Street Footwear,Northeast,Amazon,Online,Massachusetts,33,24,7
"March 17, 2021",Women's Street Footwear,Northeast,Amazon,Online,New Hampshire,38,29,8
"July 17, 2021",Women's Street Footwear,Northeast,Amazon,Online,New Hampshire,54,59,11
"May 17, 2021",Women's Street Footwear,Northeast,Amazon,Online,New Hampshire,51,50,10
"September 17, 2021",Women's Street Footwear,Northeast,Amazon,Online,New Hampshire,52,39,8
"April 18, 2021",Women's Street Footwear,Northeast,Amazon,Online,New Hampshire,38,28,7
"June 19, 2021",Women's Street Footwear,Northeast,Amazon,Online,New Hampshire,53,47,9
"August 18, 2021",Women's Street Footwear,Northeast,Amazon,Online,New Hampshire,52,55,11
"February 19, 2021",Women's Street Footwear,Northeast,Amazon,Online,Vermont,39,35,9
"January 21, 2021",Women's Street Footwear,Northeast,Amazon,Online,Vermont,38,31,8
"August 11, 2021",Women's Street Footwear,Northeast,Amazon,Online,Vermont,48,50,11
"May 10, 2021",Women's Street Footwear,Northeast,Amazon,Online,Vermont,49,37,8
"June 12, 2021",Women's Street Footwear,Northeast,Amazon,Online,Vermont,45,36,8
"December 10, 2021",Women's Street Footwear,Northeast,Amazon,Online,Vermont,55,62,11
"July 10, 2021",Women's Street Footwear,Northeast,Amazon,Online,Vermont,46,45,10
"March 10, 2021",Women's Street Footwear,Northeast,Amazon,Online,Vermont,34,26,8
"April 11, 2021",Women's Street Footwear,Northeast,Amazon,Online,Vermont,32,21,7
"September 10, 2021",Women's Street Footwear,Northeast,Amazon,Online,Vermont,46,26,6
"October 12, 2021",Women's Street Footwear,Northeast,Amazon,Online,Vermont,59,32,5
"January 10, 2021",Men's Apparel,Northeast,Foot Locker,Online,Connecticut,44,15,3
"November 4, 2021",Men's Apparel,Northeast,Foot Locker,Online,Connecticut,60,41,7
"December 3, 2021",Men's Apparel,Northeast,Foot Locker,Online,Connecticut,60,47,8
"June 15, 2021",Men's Apparel,Northeast,Foot Locker,Online,Delaware,50,38,8
"October 15, 2021",Men's Apparel,Northeast,Foot Locker,Online,Delaware,62,30,5
"February 15, 2021",Men's Apparel,Northeast,Foot Locker,Online,Delaware,45,29,7
"March 13, 2021",Men's Apparel,Northeast,Foot Locker,Online,Delaware,46,23,5
"July 13, 2021",Men's Apparel,Northeast,Foot Locker,Online,Delaware,51,48,9
"May 13, 2021",Men's Apparel,Northeast,Foot Locker,Online,Delaware,50,37,7
"September 13, 2021",Men's Apparel,Northeast,Foot Locker,Online,Delaware,50,30,6
"April 14, 2021",Men's Apparel,Northeast,Foot Locker,Online,Delaware,47,21,5
"August 14, 2021",Men's Apparel,Northeast,Foot Locker,Online,Delaware,50,32,6
"October 22, 2021",Men's Apparel,Northeast,Foot Locker,Online,Maryland,56,11,2
"December 20, 2021",Men's Apparel,Northeast,Foot Locker,Online,Maryland,54,28,5
"January 17, 2021",Men's Apparel,Northeast,Foot Locker,Online,Maryland,49,29,6
"June 22, 2021",Men's Apparel,Northeast,Foot Locker,Online,Maryland,49,21,4
"November 21, 2021",Men's Apparel,Northeast,Foot Locker,Online,Maryland,56,17,3
"January 24, 2021",Men's Apparel,Northeast,Foot Locker,Online,New Hampshire,60,32,5
"November 18, 2021",Men's Apparel,Northeast,Foot Locker,Online,New Hampshire,71,58,8
"October 19, 2021",Men's Apparel,Northeast,Foot Locker,Online,New Hampshire,71,33,5
"December 17, 2021",Men's Apparel,Northeast,Foot Locker,Online,New Hampshire,74,78,11
"January 5, 2020",Men's Apparel,Northeast,Foot Locker,Online,New York,55,129,23
"February 4, 2020",Men's Apparel,Northeast,Foot Locker,Online,New York,56,120,22
"January 29, 2020",Men's Apparel,Northeast,Foot Locker,Online,New York,59,136,23
"March 14, 2020",Men's Apparel,Northeast,Foot Locker,Online,New York,58,134,23
"January 23, 2020",Men's Apparel,Northeast,Foot Locker,Online,New York,58,141,24
"March 8, 2020",Men's Apparel,Northeast,Foot Locker,Online,New York,55,139,25
"February 10, 2020",Men's Apparel,Northeast,Foot Locker,Online,New York,59,145,25
"November 7, 2021",Men's Apparel,Northeast,Foot Locker,Online,Pennsylvania,58,12,2
"November 13, 2021",Men's Apparel,Northeast,Foot Locker,Online,Pennsylvania,55,12,2
"November 19, 2021",Men's Apparel,Northeast,Foot Locker,Online,Pennsylvania,59,18,3
"December 19, 2021",Men's Apparel,Northeast,Foot Locker,Online,Pennsylvania,56,15,3
"December 13, 2021",Men's Apparel,Northeast,Foot Locker,Online,Pennsylvania,50,18,4
"October 26, 2021",Men's Apparel,Northeast,Foot Locker,Online,Pennsylvania,54,19,4
"November 1, 2021",Men's Apparel,Northeast,Foot Locker,Online,Pennsylvania,51,18,4
"November 25, 2021",Men's Apparel,Northeast,Foot Locker,Online,Pennsylvania,60,27,5
"December 7, 2021",Men's Apparel,Northeast,Foot Locker,Online,Pennsylvania,61,28,5
"December 31, 2021",Men's Apparel,Northeast,Foot Locker,Online,Pennsylvania,63,30,5
"December 25, 2021",Men's Apparel,Northeast,Foot Locker,Online,Pennsylvania,64,27,4
"December 1, 2021",Men's Apparel,Northeast,Foot Locker,Online,Pennsylvania,64,38,6
"April 7, 2021",Men's Apparel,Northeast,Foot Locker,Online,Rhode Island,44,7,2
"August 7, 2021",Men's Apparel,Northeast,Foot Locker,Online,Rhode Island,45,14,3
"July 6, 2021",Men's Apparel,Northeast,Foot Locker,Online,Rhode Island,47,30,6
"May 6, 2021",Men's Apparel,Northeast,Foot Locker,Online,Rhode Island,49,23,5
"October 8, 2021",Men's Apparel,Northeast,Foot Locker,Online,Rhode Island,55,10,2
"February 8, 2021",Men's Apparel,Northeast,Foot Locker,Online,Rhode Island,41,14,4
"September 6, 2021",Men's Apparel,Northeast,Foot Locker,Online,Rhode Island,47,13,3
"June 8, 2021",Men's Apparel,Northeast,Foot Locker,Online,Rhode Island,48,28,6
"March 6, 2021",Men's Apparel,Northeast,Foot Locker,Online,Rhode Island,44,9,2
"January 24, 2021",Men's Apparel,Northeast,Foot Locker,Online,West Virginia,42,14,3
"December 16, 2021",Men's Apparel,Northeast,Foot Locker,Online,West Virginia,61,58,10
"November 17, 2021",Men's Apparel,Northeast,Foot Locker,Online,West Virginia,62,48,8
"January 10, 2021",Men's Athletic Footwear,Northeast,Foot Locker,Online,Connecticut,34,21,6
"February 8, 2021",Men's Athletic Footwear,Northeast,Foot Locker,Online,Connecticut,34,12,4
"December 3, 2021",Men's Athletic Footwear,Northeast,Foot Locker,Online,Connecticut,51,52,10
"November 4, 2021",Men's Athletic Footwear,Northeast,Foot Locker,Online,Connecticut,51,43,8
"March 13, 2021",Men's Athletic Footwear,Northeast,Foot Locker,Online,Delaware,39,27,7
"May 13, 2021",Men's Athletic Footwear,Northeast,Foot Locker,Online,Delaware,47,32,7
"September 13, 2021",Men's Athletic Footwear,Northeast,Foot Locker,Online,Delaware,47,40,9
"July 13, 2021",Men's Athletic Footwear,Northeast,Foot Locker,Online,Delaware,47,56,12
"June 15, 2021",Men's Athletic Footwear,Northeast,Foot Locker,Online,Delaware,48,58,12
"August 14, 2021",Men's Athletic Footwear,Northeast,Foot Locker,Online,Delaware,47,60,13
"October 15, 2021",Men's Athletic Footwear,Northeast,Foot Locker,Online,Delaware,51,46,9
"April 14, 2021",Men's Athletic Footwear,Northeast,Foot Locker,Online,Delaware,38,23,6
"February 15, 2021",Men's Athletic Footwear,Northeast,Foot Locker,Online,Maryland,37,23,6
"November 21, 2021",Men's Athletic Footwear,Northeast,Foot Locker,Online,Maryland,45,23,5
"January 17, 2021",Men's Athletic Footwear,Northeast,Foot Locker,Online,Maryland,38,31,8
"December 20, 2021",Men's Athletic Footwear,Northeast,Foot Locker,Online,Maryland,46,30,7
"February 22, 2021",Men's Athletic Footwear,Northeast,Foot Locker,Online,New Hampshire,53,31,6
"January 24, 2021",Men's Athletic Footwear,Northeast,Foot Locker,Online,New Hampshire,50,42,8
"November 18, 2021",Men's Athletic Footwear,Northeast,Foot Locker,Online,New Hampshire,62,61,10
"October 19, 2021",Men's Athletic Footwear,Northeast,Foot Locker,Online,New Hampshire,62,52,8
"December 17, 2021",Men's Athletic Footwear,Northeast,Foot Locker,Online,New Hampshire,59,68,12
"February 7, 2020",Men's Athletic Footwear,Northeast,Foot Locker,Online,New York,50,130,26
"February 1, 2020",Men's Athletic Footwear,Northeast,Foot Locker,Online,New York,47,110,23
"March 17, 2020",Men's Athletic Footwear,Northeast,Foot Locker,Online,New York,53,163,31
"March 5, 2020",Men's Athletic Footwear,Northeast,Foot Locker,Online,New York,54,146,27
"January 2, 2020",Men's Athletic Footwear,Northeast,Foot Locker,Online,New York,47,122,26
"March 11, 2020",Men's Athletic Footwear,Northeast,Foot Locker,Online,New York,53,142,27
"January 26, 2020",Men's Athletic Footwear,Northeast,Foot Locker,Online,New York,48,124,26
"January 8, 2020",Men's Athletic Footwear,Northeast,Foot Locker,Online,New York,46,120,26
"December 10, 2021",Men's Athletic Footwear,Northeast,Foot Locker,Online,Pennsylvania,48,38,8
"November 16, 2021",Men's Athletic Footwear,Northeast,Foot Locker,Online,Pennsylvania,54,29,5
"November 10, 2021",Men's Athletic Footwear,Northeast,Foot Locker,Online,Pennsylvania,45,20,5
"December 16, 2021",Men's Athletic Footwear,Northeast,Foot Locker,Online,Pennsylvania,47,30,6
"December 28, 2021",Men's Athletic Footwear,Northeast,Foot Locker,Online,Pennsylvania,55,38,7
"November 22, 2021",Men's Athletic Footwear,Northeast,Foot Locker,Online,Pennsylvania,59,41,7
"December 4, 2021",Men's Athletic Footwear,Northeast,Foot Locker,Online,Pennsylvania,54,41,8
"December 22, 2021",Men's Athletic Footwear,Northeast,Foot Locker,Online,Pennsylvania,55,33,6
"October 29, 2021",Men's Athletic Footwear,Northeast,Foot Locker,Online,Pennsylvania,44,15,4
"November 4, 2021",Men's Athletic Footwear,Northeast,Foot Locker,Online,Pennsylvania,47,18,4
"November 28, 2021",Men's Athletic Footwear,Northeast,Foot Locker,Online,Pennsylvania,55,50,9
"March 6, 2021",Men's Athletic Footwear,Northeast,Foot Locker,Online,Rhode Island,34,15,4
"May 6, 2021",Men's Athletic Footwear,Northeast,Foot Locker,Online,Rhode Island,43,21,5
"August 7, 2021",Men's Athletic Footwear,Northeast,Foot Locker,Online,Rhode Island,42,38,9
"September 6, 2021",Men's Athletic Footwear,Northeast,Foot Locker,Online,Rhode Island,43,24,6
"June 8, 2021",Men's Athletic Footwear,Northeast,Foot Locker,Online,Rhode Island,41,37,9
"October 8, 2021",Men's Athletic Footwear,Northeast,Foot Locker,Online,Rhode Island,46,26,6
"April 7, 2021",Men's Athletic Footwear,Northeast,Foot Locker,Online,Rhode Island,32,11,3
"July 6, 2021",Men's Athletic Footwear,Northeast,Foot Locker,Online,Rhode Island,41,33,8
"January 24, 2021",Men's Athletic Footwear,Northeast,Foot Locker,Online,West Virginia,34,23,7
"December 16, 2021",Men's Athletic Footwear,Northeast,Foot Locker,Online,West Virginia,52,70,14
"November 17, 2021",Men's Athletic Footwear,Northeast,Foot Locker,Online,West Virginia,33,31,10
"January 10, 2021",Men's Street Footwear,Northeast,Foot Locker,Online,Connecticut,34,39,12
"February 8, 2021",Men's Street Footwear,Northeast,Foot Locker,Online,Connecticut,34,40,12
"November 4, 2021",Men's Street Footwear,Northeast,Foot Locker,Online,Connecticut,60,67,11
"December 3, 2021",Men's Street Footwear,Northeast,Foot Locker,Online,Connecticut,59,89,15
"October 15, 2021",Men's Street Footwear,Northeast,Foot Locker,Online,Delaware,56,72,13
"March 13, 2021",Men's Street Footwear,Northeast,Foot Locker,Online,Delaware,36,57,16
"June 15, 2021",Men's Street Footwear,Northeast,Foot Locker,Online,Delaware,51,96,19
"May 13, 2021",Men's Street Footwear,Northeast,Foot Locker,Online,Delaware,51,82,16
"September 13, 2021",Men's Street Footwear,Northeast,Foot Locker,Online,Delaware,50,71,14
"August 14, 2021",Men's Street Footwear,Northeast,Foot Locker,Online,Delaware,50,82,16
"April 14, 2021",Men's Street Footwear,Northeast,Foot Locker,Online,Delaware,36,47,13
"July 19, 2021",Women's Apparel,South,Walmart,Online,Arkansas,65,"3,900",60
"July 13, 2021",Men's Street Footwear,Northeast,Foot Locker,Online,Delaware,53,96,18
"January 17, 2021",Men's Street Footwear,Northeast,Foot Locker,Online,Maryland,36,49,14
"February 15, 2021",Men's Street Footwear,Northeast,Foot Locker,Online,Maryland,39,56,14
"December 20, 2021",Men's Street Footwear,Northeast,Foot Locker,Online,Maryland,57,70,12
"July 20, 2021",Men's Street Footwear,Northeast,Foot Locker,Online,Maryland,49,64,13
"November 21, 2021",Men's Street Footwear,Northeast,Foot Locker,Online,Maryland,58,51,9
"February 22, 2021",Men's Street Footwear,Northeast,Foot Locker,Online,New Hampshire,52,90,17
"January 24, 2021",Men's Street Footwear,Northeast,Foot Locker,Online,New Hampshire,52,75,15
"October 19, 2021",Men's Street Footwear,Northeast,Foot Locker,Online,New Hampshire,64,76,12
"November 18, 2021",Men's Street Footwear,Northeast,Foot Locker,Online,New Hampshire,68,80,12
"December 17, 2021",Men's Street Footwear,Northeast,Foot Locker,Online,New Hampshire,71,120,17
"March 10, 2020",Men's Street Footwear,Northeast,Foot Locker,Online,New York,59,188,32
"January 1, 2020",Men's Street Footwear,Northeast,Foot Locker,Online,New York,47,158,34
"March 4, 2020",Men's Street Footwear,Northeast,Foot Locker,Online,New York,55,172,31
"March 16, 2020",Men's Street Footwear,Northeast,Foot Locker,Online,New York,58,189,33
"January 31, 2020",Men's Street Footwear,Northeast,Foot Locker,Online,New York,45,135,30
"January 7, 2020",Men's Street Footwear,Northeast,Foot Locker,Online,New York,46,144,31
"January 25, 2020",Men's Street Footwear,Northeast,Foot Locker,Online,New York,46,163,35
"February 6, 2020",Men's Street Footwear,Northeast,Foot Locker,Online,New York,54,171,32
"December 9, 2021",Men's Street Footwear,Northeast,Foot Locker,Online,Pennsylvania,62,89,14
"December 15, 2021",Men's Street Footwear,Northeast,Foot Locker,Online,Pennsylvania,55,57,10
"November 9, 2021",Men's Street Footwear,Northeast,Foot Locker,Online,Pennsylvania,46,56,12
"November 15, 2021",Men's Street Footwear,Northeast,Foot Locker,Online,Pennsylvania,58,79,14
"November 21, 2021",Men's Street Footwear,Northeast,Foot Locker,Online,Pennsylvania,64,86,14
"December 21, 2021",Men's Street Footwear,Northeast,Foot Locker,Online,Pennsylvania,66,75,11
"December 3, 2021",Men's Street Footwear,Northeast,Foot Locker,Online,Pennsylvania,60,95,16
"October 28, 2021",Men's Street Footwear,Northeast,Foot Locker,Online,Pennsylvania,42,50,12
"November 27, 2021",Men's Street Footwear,Northeast,Foot Locker,Online,Pennsylvania,60,87,15
"December 27, 2021",Men's Street Footwear,Northeast,Foot Locker,Online,Pennsylvania,67,83,12
"November 3, 2021",Men's Street Footwear,Northeast,Foot Locker,Online,Pennsylvania,49,59,12
"September 6, 2021",Men's Street Footwear,Northeast,Foot Locker,Online,Rhode Island,45,50,11
"July 6, 2021",Men's Street Footwear,Northeast,Foot Locker,Online,Rhode Island,46,77,17
"June 8, 2021",Men's Street Footwear,Northeast,Foot Locker,Online,Rhode Island,47,65,14
"August 7, 2021",Men's Street Footwear,Northeast,Foot Locker,Online,Rhode Island,46,66,14
"April 7, 2021",Men's Street Footwear,Northeast,Foot Locker,Online,Rhode Island,32,36,11
"March 6, 2021",Men's Street Footwear,Northeast,Foot Locker,Online,Rhode Island,34,38,11
"May 6, 2021",Men's Street Footwear,Northeast,Foot Locker,Online,Rhode Island,49,60,12
"October 8, 2021",Men's Street Footwear,Northeast,Foot Locker,Online,Rhode Island,53,50,9
"January 24, 2021",Men's Street Footwear,Northeast,Foot Locker,Online,West Virginia,33,35,11
"November 17, 2021",Men's Street Footwear,Northeast,Foot Locker,Online,West Virginia,44,51,12
"December 16, 2021",Men's Street Footwear,Northeast,Foot Locker,Online,West Virginia,60,106,18
"February 22, 2021",Men's Street Footwear,Northeast,Foot Locker,Online,West Virginia,32,44,14
"December 3, 2021",Women's Apparel,Northeast,Foot Locker,Online,Connecticut,67,75,11
"November 4, 2021",Women's Apparel,Northeast,Foot Locker,Online,Connecticut,67,64,10
"October 5, 2021",Women's Apparel,Northeast,Foot Locker,Online,Connecticut,63,47,7
"January 10, 2021",Women's Apparel,Northeast,Foot Locker,Online,Connecticut,33,21,6
"March 13, 2021",Women's Apparel,Northeast,Foot Locker,Online,Delaware,39,28,7
"July 13, 2021",Women's Apparel,Northeast,Foot Locker,Online,Delaware,55,80,15
"August 14, 2021",Women's Apparel,Northeast,Foot Locker,Online,Delaware,59,71,12
"February 15, 2021",Women's Apparel,Northeast,Foot Locker,Online,Delaware,39,38,10
"June 15, 2021",Women's Apparel,Northeast,Foot Locker,Online,Delaware,56,76,14
"April 14, 2021",Women's Apparel,Northeast,Foot Locker,Online,Delaware,38,30,8
"September 13, 2021",Women's Apparel,Northeast,Foot Locker,Online,Delaware,58,49,8
"May 13, 2021",Women's Apparel,Northeast,Foot Locker,Online,Delaware,54,56,10
"October 22, 2021",Women's Apparel,Northeast,Foot Locker,Online,Maryland,60,31,5
"December 20, 2021",Women's Apparel,Northeast,Foot Locker,Online,Maryland,61,44,7
"November 21, 2021",Women's Apparel,Northeast,Foot Locker,Online,Maryland,62,39,6
"June 22, 2021",Women's Apparel,Northeast,Foot Locker,Online,Maryland,53,45,8
"January 17, 2021",Women's Apparel,Northeast,Foot Locker,Online,Maryland,36,29,8
"January 24, 2021",Women's Apparel,Northeast,Foot Locker,Online,New Hampshire,54,42,8
"November 18, 2021",Women's Apparel,Northeast,Foot Locker,Online,New Hampshire,78,90,12
"October 19, 2021",Women's Apparel,Northeast,Foot Locker,Online,New Hampshire,72,58,8
"December 17, 2021",Women's Apparel,Northeast,Foot Locker,Online,New Hampshire,74,87,12
"January 30, 2020",Women's Apparel,Northeast,Foot Locker,Online,New York,45,107,24
"March 3, 2020",Women's Apparel,Northeast,Foot Locker,Online,New York,59,171,29
"January 6, 2020",Women's Apparel,Northeast,Foot Locker,Online,New York,46,120,26
"February 5, 2020",Women's Apparel,Northeast,Foot Locker,Online,New York,49,117,24
"January 24, 2020",Women's Apparel,Northeast,Foot Locker,Online,New York,48,139,29
"March 9, 2020",Women's Apparel,Northeast,Foot Locker,Online,New York,64,195,31
"March 15, 2020",Women's Apparel,Northeast,Foot Locker,Online,New York,61,174,29
"November 8, 2021",Women's Apparel,Northeast,Foot Locker,Online,Pennsylvania,47,21,4
"November 14, 2021",Women's Apparel,Northeast,Foot Locker,Online,Pennsylvania,48,26,5
"December 20, 2021",Women's Apparel,Northeast,Foot Locker,Online,Pennsylvania,60,38,6
"December 14, 2021",Women's Apparel,Northeast,Foot Locker,Online,Pennsylvania,55,34,6
"December 2, 2021",Women's Apparel,Northeast,Foot Locker,Online,Pennsylvania,64,63,10
"November 26, 2021",Women's Apparel,Northeast,Foot Locker,Online,Pennsylvania,65,53,8
"December 8, 2021",Women's Apparel,Northeast,Foot Locker,Online,Pennsylvania,64,61,10
"January 1, 2020",Women's Apparel,Northeast,Foot Locker,Online,Pennsylvania,68,56,8
"October 27, 2021",Women's Apparel,Northeast,Foot Locker,Online,Pennsylvania,43,26,6
"December 26, 2021",Women's Apparel,Northeast,Foot Locker,Online,Pennsylvania,71,46,7
"November 2, 2021",Women's Apparel,Northeast,Foot Locker,Online,Pennsylvania,44,30,7
"November 20, 2021",Women's Apparel,Northeast,Foot Locker,Online,Pennsylvania,64,40,6
"July 6, 2021",Women's Apparel,Northeast,Foot Locker,Online,Rhode Island,50,58,12
"June 8, 2021",Women's Apparel,Northeast,Foot Locker,Online,Rhode Island,51,45,9
"September 6, 2021",Women's Apparel,Northeast,Foot Locker,Online,Rhode Island,52,30,6
"April 7, 2021",Women's Apparel,Northeast,Foot Locker,Online,Rhode Island,33,17,5
"February 8, 2021",Women's Apparel,Northeast,Foot Locker,Online,Rhode Island,33,21,7
"May 6, 2021",Women's Apparel,Northeast,Foot Locker,Online,Rhode Island,52,42,8
"March 6, 2021",Women's Apparel,Northeast,Foot Locker,Online,Rhode Island,32,16,5
"August 7, 2021",Women's Apparel,Northeast,Foot Locker,Online,Rhode Island,52,45,9
"January 24, 2021",Women's Apparel,Northeast,Foot Locker,Online,West Virginia,33,19,6
"October 17, 2021",Women's Apparel,Northeast,Foot Locker,Online,West Virginia,47,39,8
"November 17, 2021",Women's Apparel,Northeast,Foot Locker,Online,West Virginia,64,64,10
"December 16, 2021",Women's Apparel,Northeast,Foot Locker,Online,West Virginia,68,83,12
"November 4, 2021",Women's Athletic Footwear,Northeast,Foot Locker,Online,Connecticut,50,40,8
"December 3, 2021",Women's Athletic Footwear,Northeast,Foot Locker,Online,Connecticut,53,46,9
"January 10, 2021",Women's Athletic Footwear,Northeast,Foot Locker,Online,Connecticut,29,6,2
"August 14, 2021",Women's Athletic Footwear,Northeast,Foot Locker,Online,Delaware,41,26,6
"October 15, 2021",Women's Athletic Footwear,Northeast,Foot Locker,Online,Delaware,52,23,4
"April 14, 2021",Women's Athletic Footwear,Northeast,Foot Locker,Online,Delaware,32,14,4
"September 13, 2021",Women's Athletic Footwear,Northeast,Foot Locker,Online,Delaware,41,25,6
"May 13, 2021",Women's Athletic Footwear,Northeast,Foot Locker,Online,Delaware,41,27,7
"March 13, 2021",Women's Athletic Footwear,Northeast,Foot Locker,Online,Delaware,32,10,3
"July 13, 2021",Women's Athletic Footwear,Northeast,Foot Locker,Online,Delaware,43,39,9
"February 15, 2021",Women's Athletic Footwear,Northeast,Foot Locker,Online,Delaware,33,15,5
"June 15, 2021",Women's Athletic Footwear,Northeast,Foot Locker,Online,Delaware,41,31,8
"November 21, 2021",Women's Athletic Footwear,Northeast,Foot Locker,Online,Maryland,48,20,4
"December 20, 2021",Women's Athletic Footwear,Northeast,Foot Locker,Online,Maryland,49,22,4
"June 22, 2021",Women's Athletic Footwear,Northeast,Foot Locker,Online,Maryland,37,16,4
"October 22, 2021",Women's Athletic Footwear,Northeast,Foot Locker,Online,Maryland,49,10,2
"January 17, 2021",Women's Athletic Footwear,Northeast,Foot Locker,Online,Maryland,32,15,5
"January 24, 2021",Women's Athletic Footwear,Northeast,Foot Locker,Online,New Hampshire,49,19,4
"November 18, 2021",Women's Athletic Footwear,Northeast,Foot Locker,Online,New Hampshire,64,54,9
"October 19, 2021",Women's Athletic Footwear,Northeast,Foot Locker,Online,New Hampshire,62,29,5
"December 17, 2021",Women's Athletic Footwear,Northeast,Foot Locker,Online,New Hampshire,62,55,9
"March 7, 2020",Women's Athletic Footwear,Northeast,Foot Locker,Online,New York,47,123,26
"January 4, 2020",Women's Athletic Footwear,Northeast,Foot Locker,Online,New York,41,101,25
"March 13, 2020",Women's Athletic Footwear,Northeast,Foot Locker,Online,New York,46,112,24
"March 31, 2020",Women's Athletic Footwear,Northeast,Foot Locker,Online,New York,47,113,24
"February 9, 2020",Women's Athletic Footwear,Northeast,Foot Locker,Online,New York,46,106,23
"February 3, 2020",Women's Athletic Footwear,Northeast,Foot Locker,Online,New York,41,98,24
"January 22, 2020",Women's Athletic Footwear,Northeast,Foot Locker,Online,New York,44,91,21
"January 28, 2020",Women's Athletic Footwear,Northeast,Foot Locker,Online,New York,43,93,22
"December 18, 2021",Women's Athletic Footwear,Northeast,Foot Locker,Online,Pennsylvania,48,14,3
"November 12, 2021",Women's Athletic Footwear,Northeast,Foot Locker,Online,Pennsylvania,42,8,2
"December 12, 2021",Women's Athletic Footwear,Northeast,Foot Locker,Online,Pennsylvania,41,22,5
"November 18, 2021",Women's Athletic Footwear,Northeast,Foot Locker,Online,Pennsylvania,51,15,3
"November 6, 2021",Women's Athletic Footwear,Northeast,Foot Locker,Online,Pennsylvania,43,3,1
"December 24, 2021",Women's Athletic Footwear,Northeast,Foot Locker,Online,Pennsylvania,56,25,4
"October 31, 2021",Women's Athletic Footwear,Northeast,Foot Locker,Online,Pennsylvania,39,5,1
"November 30, 2021",Women's Athletic Footwear,Northeast,Foot Locker,Online,Pennsylvania,51,22,4
"November 24, 2021",Women's Athletic Footwear,Northeast,Foot Locker,Online,Pennsylvania,52,20,4
"December 30, 2021",Women's Athletic Footwear,Northeast,Foot Locker,Online,Pennsylvania,57,30,5
"December 6, 2021",Women's Athletic Footwear,Northeast,Foot Locker,Online,Pennsylvania,53,31,6
"March 6, 2021",Women's Athletic Footwear,Northeast,Foot Locker,Online,Rhode Island,29,2,1
"October 8, 2021",Women's Athletic Footwear,Northeast,Foot Locker,Online,Rhode Island,47,11,2
"July 6, 2021",Women's Athletic Footwear,Northeast,Foot Locker,Online,Rhode Island,37,21,6
"May 6, 2021",Women's Athletic Footwear,Northeast,Foot Locker,Online,Rhode Island,39,17,4
"April 7, 2021",Women's Athletic Footwear,Northeast,Foot Locker,Online,Rhode Island,29,4,1
"August 7, 2021",Women's Athletic Footwear,Northeast,Foot Locker,Online,Rhode Island,37,14,4
"February 8, 2021",Women's Athletic Footwear,Northeast,Foot Locker,Online,Rhode Island,29,4,1
"September 6, 2021",Women's Athletic Footwear,Northeast,Foot Locker,Online,Rhode Island,39,11,3
"June 8, 2021",Women's Athletic Footwear,Northeast,Foot Locker,Online,Rhode Island,39,23,6
"January 24, 2021",Women's Athletic Footwear,Northeast,Foot Locker,Online,West Virginia,28,6,2
"December 16, 2021",Women's Athletic Footwear,Northeast,Foot Locker,Online,West Virginia,53,54,10
"November 17, 2021",Women's Athletic Footwear,Northeast,Foot Locker,Online,West Virginia,38,35,9
"December 3, 2021",Women's Street Footwear,Northeast,Foot Locker,Online,Connecticut,50,44,9
"November 4, 2021",Women's Street Footwear,Northeast,Foot Locker,Online,Connecticut,51,41,8
"February 8, 2021",Women's Street Footwear,Northeast,Foot Locker,Online,Connecticut,24,12,5
"January 10, 2021",Women's Street Footwear,Northeast,Foot Locker,Online,Connecticut,24,15,6
"August 14, 2021",Women's Street Footwear,Northeast,Foot Locker,Online,Delaware,42,44,11
"September 13, 2021",Women's Street Footwear,Northeast,Foot Locker,Online,Delaware,43,26,6
"May 13, 2021",Women's Street Footwear,Northeast,Foot Locker,Online,Delaware,41,33,8
"June 15, 2021",Women's Street Footwear,Northeast,Foot Locker,Online,Delaware,43,37,9
"March 13, 2021",Women's Street Footwear,Northeast,Foot Locker,Online,Delaware,29,20,7
"July 13, 2021",Women's Street Footwear,Northeast,Foot Locker,Online,Delaware,41,42,10
"April 14, 2021",Women's Street Footwear,Northeast,Foot Locker,Online,Delaware,27,16,6
"October 15, 2021",Women's Street Footwear,Northeast,Foot Locker,Online,Delaware,50,26,5
"December 20, 2021",Women's Street Footwear,Northeast,Foot Locker,Online,Maryland,45,29,7
"June 22, 2021",Women's Street Footwear,Northeast,Foot Locker,Online,Maryland,37,17,5
"November 21, 2021",Women's Street Footwear,Northeast,Foot Locker,Online,Maryland,49,24,5
"February 15, 2021",Women's Street Footwear,Northeast,Foot Locker,Online,Maryland,27,19,7
"January 17, 2021",Women's Street Footwear,Northeast,Foot Locker,Online,Maryland,29,26,9
"January 24, 2021",Women's Street Footwear,Northeast,Foot Locker,Online,New Hampshire,44,40,9
"February 22, 2021",Women's Street Footwear,Northeast,Foot Locker,Online,New Hampshire,43,36,8
"December 17, 2021",Women's Street Footwear,Northeast,Foot Locker,Online,New Hampshire,62,67,11
"October 19, 2021",Women's Street Footwear,Northeast,Foot Locker,Online,New Hampshire,59,32,5
"November 18, 2021",Women's Street Footwear,Northeast,Foot Locker,Online,New Hampshire,63,66,10
"March 12, 2020",Women's Street Footwear,Northeast,Foot Locker,Online,New York,46,114,25
"January 3, 2020",Women's Street Footwear,Northeast,Foot Locker,Online,New York,36,90,25
"March 18, 2020",Women's Street Footwear,Northeast,Foot Locker,Online,New York,45,116,26
"January 21, 2020",Women's Street Footwear,Northeast,Foot Locker,Online,New York,36,99,28
"February 8, 2020",Women's Street Footwear,Northeast,Foot Locker,Online,New York,46,120,26
"March 6, 2020",Women's Street Footwear,Northeast,Foot Locker,Online,New York,46,128,28
"January 27, 2020",Women's Street Footwear,Northeast,Foot Locker,Online,New York,39,96,25
"February 2, 2020",Women's Street Footwear,Northeast,Foot Locker,Online,New York,39,98,25
"December 11, 2021",Women's Street Footwear,Northeast,Foot Locker,Online,Pennsylvania,41,21,5
"December 17, 2021",Women's Street Footwear,Northeast,Foot Locker,Online,Pennsylvania,48,16,3
"November 11, 2021",Women's Street Footwear,Northeast,Foot Locker,Online,Pennsylvania,38,14,4
"November 17, 2021",Women's Street Footwear,Northeast,Foot Locker,Online,Pennsylvania,52,22,4
"November 29, 2021",Women's Street Footwear,Northeast,Foot Locker,Online,Pennsylvania,51,30,6
"November 23, 2021",Women's Street Footwear,Northeast,Foot Locker,Online,Pennsylvania,52,23,4
"October 30, 2021",Women's Street Footwear,Northeast,Foot Locker,Online,Pennsylvania,34,16,5
"December 23, 2021",Women's Street Footwear,Northeast,Foot Locker,Online,Pennsylvania,55,30,6
"December 29, 2021",Women's Street Footwear,Northeast,Foot Locker,Online,Pennsylvania,55,36,7
"November 5, 2021",Women's Street Footwear,Northeast,Foot Locker,Online,Pennsylvania,36,18,5
"December 5, 2021",Women's Street Footwear,Northeast,Foot Locker,Online,Pennsylvania,54,33,6
"September 6, 2021",Women's Street Footwear,Northeast,Foot Locker,Online,Rhode Island,36,14,4
"March 6, 2021",Women's Street Footwear,Northeast,Foot Locker,Online,Rhode Island,23,12,5
"April 7, 2021",Women's Street Footwear,Northeast,Foot Locker,Online,Rhode Island,24,9,4
"July 6, 2021",Women's Street Footwear,Northeast,Foot Locker,Online,Rhode Island,37,24,7
"October 8, 2021",Women's Street Footwear,Northeast,Foot Locker,Online,Rhode Island,45,13,3
"May 6, 2021",Women's Street Footwear,Northeast,Foot Locker,Online,Rhode Island,39,23,6
"August 7, 2021",Women's Street Footwear,Northeast,Foot Locker,Online,Rhode Island,38,29,8
"June 8, 2021",Women's Street Footwear,Northeast,Foot Locker,Online,Rhode Island,39,25,7
"January 24, 2021",Women's Street Footwear,Northeast,Foot Locker,Online,West Virginia,24,15,6
"November 17, 2021",Women's Street Footwear,Northeast,Foot Locker,Online,West Virginia,32,25,8
"January 10, 2021",Men's Apparel,Northeast,Kohl's,Online,Delaware,41,19,5
"November 14, 2021",Men's Apparel,Northeast,Kohl's,Online,Delaware,60,43,7
"December 13, 2021",Men's Apparel,Northeast,Kohl's,Online,Delaware,61,56,9
"February 8, 2021",Men's Apparel,Northeast,Kohl's,Online,New Jersey,41,19,5
"September 6, 2021",Men's Apparel,Northeast,Kohl's,Online,New Jersey,47,19,4
"May 6, 2021",Men's Apparel,Northeast,Kohl's,Online,New Jersey,47,32,7
"October 8, 2021",Men's Apparel,Northeast,Kohl's,Online,New Jersey,58,22,4
"August 7, 2021",Men's Apparel,Northeast,Kohl's,Online,New Jersey,46,21,5
"July 6, 2021",Men's Apparel,Northeast,Kohl's,Online,New Jersey,48,36,7
"April 7, 2021",Men's Apparel,Northeast,Kohl's,Online,New Jersey,44,12,3
"March 6, 2021",Men's Apparel,Northeast,Kohl's,Online,New Jersey,43,15,3
"June 8, 2021",Men's Apparel,Northeast,Kohl's,Online,New Jersey,46,30,7
"January 14, 2021",Men's Apparel,Northeast,Kohl's,Online,New York,49,71,15
"December 8, 2021",Men's Apparel,Northeast,Kohl's,Online,New York,60,93,16
"November 14, 2021",Men's Athletic Footwear,Northeast,Kohl's,Online,Delaware,53,45,9
"January 10, 2021",Men's Athletic Footwear,Northeast,Kohl's,Online,Delaware,33,25,8
"December 13, 2021",Men's Athletic Footwear,Northeast,Kohl's,Online,Delaware,50,50,10
"February 8, 2021",Men's Athletic Footwear,Northeast,Kohl's,Online,Delaware,32,17,5
"April 7, 2021",Men's Athletic Footwear,Northeast,Kohl's,Online,New Jersey,33,17,5
"June 8, 2021",Men's Athletic Footwear,Northeast,Kohl's,Online,New Jersey,44,46,11
"August 7, 2021",Men's Athletic Footwear,Northeast,Kohl's,Online,New Jersey,42,42,10
"March 6, 2021",Men's Athletic Footwear,Northeast,Kohl's,Online,New Jersey,32,19,6
"May 6, 2021",Men's Athletic Footwear,Northeast,Kohl's,Online,New Jersey,41,28,7
"September 6, 2021",Men's Athletic Footwear,Northeast,Kohl's,Online,New Jersey,41,30,7
"July 6, 2021",Men's Athletic Footwear,Northeast,Kohl's,Online,New Jersey,42,41,10
"October 8, 2021",Men's Athletic Footwear,Northeast,Kohl's,Online,New Jersey,48,30,6
"February 12, 2021",Men's Athletic Footwear,Northeast,Kohl's,Online,New York,37,54,15
"January 14, 2021",Men's Athletic Footwear,Northeast,Kohl's,Online,New York,39,61,16
"November 14, 2021",Men's Street Footwear,Northeast,Kohl's,Online,Delaware,60,81,14
"December 13, 2021",Men's Street Footwear,Northeast,Kohl's,Online,Delaware,62,104,17
"February 8, 2021",Men's Street Footwear,Northeast,Kohl's,Online,Delaware,34,50,15
"January 10, 2021",Men's Street Footwear,Northeast,Kohl's,Online,Delaware,32,44,14
"March 6, 2021",Men's Street Footwear,Northeast,Kohl's,Online,New Jersey,32,46,14
"June 8, 2021",Men's Street Footwear,Northeast,Kohl's,Online,New Jersey,45,70,16
"October 8, 2021",Men's Street Footwear,Northeast,Kohl's,Online,New Jersey,53,63,12
"July 6, 2021",Men's Street Footwear,Northeast,Kohl's,Online,New Jersey,47,88,19
"May 6, 2021",Men's Street Footwear,Northeast,Kohl's,Online,New Jersey,48,62,13
"August 7, 2021",Men's Street Footwear,Northeast,Kohl's,Online,New Jersey,47,85,18
"September 6, 2021",Men's Street Footwear,Northeast,Kohl's,Online,New Jersey,46,57,12
"April 7, 2021",Men's Street Footwear,Northeast,Kohl's,Online,New Jersey,34,45,13
"February 12, 2021",Men's Street Footwear,Northeast,Kohl's,Online,New York,37,88,24
"January 14, 2021",Men's Street Footwear,Northeast,Kohl's,Online,New York,39,84,22
"December 13, 2021",Women's Apparel,Northeast,Kohl's,Online,Delaware,65,80,12
"January 10, 2021",Women's Apparel,Northeast,Kohl's,Online,Delaware,33,23,7
"October 15, 2021",Women's Apparel,Northeast,Kohl's,Online,Delaware,63,49,8
"November 14, 2021",Women's Apparel,Northeast,Kohl's,Online,Delaware,64,63,10
"March 6, 2021",Women's Apparel,Northeast,Kohl's,Online,New Jersey,32,20,6
"June 8, 2021",Women's Apparel,Northeast,Kohl's,Online,New Jersey,50,60,12
"May 6, 2021",Women's Apparel,Northeast,Kohl's,Online,New Jersey,51,52,10
"February 8, 2021",Women's Apparel,Northeast,Kohl's,Online,New Jersey,32,24,7
"September 6, 2021",Women's Apparel,Northeast,Kohl's,Online,New Jersey,50,37,7
"August 7, 2021",Women's Apparel,Northeast,Kohl's,Online,New Jersey,52,55,11
"July 6, 2021",Women's Apparel,Northeast,Kohl's,Online,New Jersey,54,71,13
"April 7, 2021",Women's Apparel,Northeast,Kohl's,Online,New Jersey,33,22,7
"January 14, 2021",Women's Apparel,Northeast,Kohl's,Online,New York,38,59,16
"December 8, 2021",Women's Apparel,Northeast,Kohl's,Online,New York,69,126,18
"January 10, 2021",Women's Athletic Footwear,Northeast,Kohl's,Online,Delaware,27,10,4
"November 14, 2021",Women's Athletic Footwear,Northeast,Kohl's,Online,Delaware,51,43,8
"December 13, 2021",Women's Athletic Footwear,Northeast,Kohl's,Online,Delaware,53,52,10
"May 6, 2021",Women's Athletic Footwear,Northeast,Kohl's,Online,New Jersey,38,21,6
"April 7, 2021",Women's Athletic Footwear,Northeast,Kohl's,Online,New Jersey,27,7,3
"August 7, 2021",Women's Athletic Footwear,Northeast,Kohl's,Online,New Jersey,36,19,5
"March 6, 2021",Women's Athletic Footwear,Northeast,Kohl's,Online,New Jersey,27,6,2
"October 8, 2021",Women's Athletic Footwear,Northeast,Kohl's,Online,New Jersey,48,15,3
"February 8, 2021",Women's Athletic Footwear,Northeast,Kohl's,Online,New Jersey,29,9,3
"September 6, 2021",Women's Athletic Footwear,Northeast,Kohl's,Online,New Jersey,37,14,4
"July 6, 2021",Women's Athletic Footwear,Northeast,Kohl's,Online,New Jersey,36,23,6
"June 8, 2021",Women's Athletic Footwear,Northeast,Kohl's,Online,New Jersey,39,25,7
"December 8, 2021",Women's Athletic Footwear,Northeast,Kohl's,Online,New York,54,84,16
"January 14, 2021",Women's Athletic Footwear,Northeast,Kohl's,Online,New York,34,45,13
"February 8, 2021",Women's Street Footwear,Northeast,Kohl's,Online,Delaware,24,15,6
"January 10, 2021",Women's Street Footwear,Northeast,Kohl's,Online,Delaware,24,17,7
"November 14, 2021",Women's Street Footwear,Northeast,Kohl's,Online,Delaware,52,45,9
"December 13, 2021",Women's Street Footwear,Northeast,Kohl's,Online,Delaware,50,55,11
"April 7, 2021",Women's Street Footwear,Northeast,Kohl's,Online,New Jersey,24,12,5
"May 6, 2021",Women's Street Footwear,Northeast,Kohl's,Online,New Jersey,38,29,8
"October 8, 2021",Women's Street Footwear,Northeast,Kohl's,Online,New Jersey,46,19,4
"July 6, 2021",Women's Street Footwear,Northeast,Kohl's,Online,New Jersey,37,30,8
"March 6, 2021",Women's Street Footwear,Northeast,Kohl's,Online,New Jersey,24,14,6
"June 8, 2021",Women's Street Footwear,Northeast,Kohl's,Online,New Jersey,38,26,7
"September 6, 2021",Women's Street Footwear,Northeast,Kohl's,Online,New Jersey,39,20,5
"August 7, 2021",Women's Street Footwear,Northeast,Kohl's,Online,New Jersey,37,28,8
"December 8, 2021",Women's Street Footwear,Northeast,Kohl's,Online,New York,52,85,16
"January 14, 2021",Women's Street Footwear,Northeast,Kohl's,Online,New York,29,49,17
"February 12, 2021",Women's Street Footwear,Northeast,Kohl's,Online,New York,29,41,14
"March 3, 2021",Men's Apparel,Northeast,Sports Direct,Online,Connecticut,48,19,4
"September 3, 2021",Men's Apparel,Northeast,Sports Direct,Online,Connecticut,50,26,5
"October 5, 2021",Men's Apparel,Northeast,Sports Direct,Online,Connecticut,64,27,4
"February 5, 2021",Men's Apparel,Northeast,Sports Direct,Online,Connecticut,49,29,6
"May 3, 2021",Men's Apparel,Northeast,Sports Direct,Online,Connecticut,50,35,7
"August 4, 2021",Men's Apparel,Northeast,Sports Direct,Online,Connecticut,51,27,5
"June 5, 2021",Men's Apparel,Northeast,Sports Direct,Online,Connecticut,53,39,7
"July 3, 2021",Men's Apparel,Northeast,Sports Direct,Online,Connecticut,53,43,8
"April 4, 2021",Men's Apparel,Northeast,Sports Direct,Online,Connecticut,46,16,4
"September 20, 2021",Men's Apparel,Northeast,Sports Direct,Online,Maryland,48,14,3
"July 20, 2021",Men's Apparel,Northeast,Sports Direct,Online,Maryland,46,23,5
"August 21, 2021",Men's Apparel,Northeast,Sports Direct,Online,Maryland,47,18,4
"October 15, 2021",Men's Apparel,Northeast,Sports Direct,Online,Massachusetts,62,17,3
"September 13, 2021",Men's Apparel,Northeast,Sports Direct,Online,Massachusetts,52,18,3
"August 14, 2021",Men's Apparel,Northeast,Sports Direct,Online,Massachusetts,50,22,4
"February 15, 2021",Men's Apparel,Northeast,Sports Direct,Online,Massachusetts,48,20,4
"April 14, 2021",Men's Apparel,Northeast,Sports Direct,Online,Massachusetts,49,16,3
"May 13, 2021",Men's Apparel,Northeast,Sports Direct,Online,Massachusetts,50,27,5
"June 15, 2021",Men's Apparel,Northeast,Sports Direct,Online,Massachusetts,51,30,6
"March 13, 2021",Men's Apparel,Northeast,Sports Direct,Online,Massachusetts,46,13,3
"July 13, 2021",Men's Apparel,Northeast,Sports Direct,Online,Massachusetts,53,36,7
"January 7, 2021",Men's Apparel,Northeast,Sports Direct,Online,New Jersey,49,29,6
"November 7, 2021",Men's Apparel,Northeast,Sports Direct,Online,New Jersey,55,32,6
"December 6, 2021",Men's Apparel,Northeast,Sports Direct,Online,New Jersey,55,46,8
"January 17, 2021",Men's Apparel,Northeast,Sports Direct,Online,Rhode Island,48,20,4
"December 6, 2021",Men's Apparel,Northeast,Sports Direct,Online,Rhode Island,56,38,7
"November 7, 2021",Men's Apparel,Northeast,Sports Direct,Online,Rhode Island,58,26,4
"June 5, 2021",Men's Athletic Footwear,Northeast,Sports Direct,Online,Connecticut,48,45,9
"October 5, 2021",Men's Athletic Footwear,Northeast,Sports Direct,Online,Connecticut,52,37,7
"September 3, 2021",Men's Athletic Footwear,Northeast,Sports Direct,Online,Connecticut,47,35,8
"May 3, 2021",Men's Athletic Footwear,Northeast,Sports Direct,Online,Connecticut,48,35,7
"July 3, 2021",Men's Athletic Footwear,Northeast,Sports Direct,Online,Connecticut,48,54,11
"March 3, 2021",Men's Athletic Footwear,Northeast,Sports Direct,Online,Connecticut,38,21,6
"April 4, 2021",Men's Athletic Footwear,Northeast,Sports Direct,Online,Connecticut,38,22,6
"August 4, 2021",Men's Athletic Footwear,Northeast,Sports Direct,Online,Connecticut,48,52,11
"September 20, 2021",Men's Athletic Footwear,Northeast,Sports Direct,Online,Maryland,44,28,6
"October 22, 2021",Men's Athletic Footwear,Northeast,Sports Direct,Online,Maryland,48,28,6
"July 20, 2021",Men's Athletic Footwear,Northeast,Sports Direct,Online,Maryland,42,30,7
"August 21, 2021",Men's Athletic Footwear,Northeast,Sports Direct,Online,Maryland,41,34,8
"September 13, 2021",Men's Athletic Footwear,Northeast,Sports Direct,Online,Massachusetts,49,31,6
"August 14, 2021",Men's Athletic Footwear,Northeast,Sports Direct,Online,Massachusetts,47,41,9
"June 15, 2021",Men's Athletic Footwear,Northeast,Sports Direct,Online,Massachusetts,47,44,9
"May 13, 2021",Men's Athletic Footwear,Northeast,Sports Direct,Online,Massachusetts,47,25,5
"July 13, 2021",Men's Athletic Footwear,Northeast,Sports Direct,Online,Massachusetts,49,51,11
"April 14, 2021",Men's Athletic Footwear,Northeast,Sports Direct,Online,Massachusetts,37,17,5
"March 13, 2021",Men's Athletic Footwear,Northeast,Sports Direct,Online,Massachusetts,38,18,5
"October 15, 2021",Men's Athletic Footwear,Northeast,Sports Direct,Online,Massachusetts,53,30,6
"December 6, 2021",Men's Athletic Footwear,Northeast,Sports Direct,Online,New Jersey,49,51,11
"November 7, 2021",Men's Athletic Footwear,Northeast,Sports Direct,Online,New Jersey,46,37,8
"February 5, 2021",Men's Athletic Footwear,Northeast,Sports Direct,Online,New Jersey,37,20,5
"January 7, 2021",Men's Athletic Footwear,Northeast,Sports Direct,Online,New Jersey,37,32,9
"February 15, 2021",Men's Athletic Footwear,Northeast,Sports Direct,Online,Rhode Island,38,16,4
"January 17, 2021",Men's Athletic Footwear,Northeast,Sports Direct,Online,Rhode Island,38,26,7
"November 7, 2021",Men's Athletic Footwear,Northeast,Sports Direct,Online,Rhode Island,46,29,6
"December 6, 2021",Men's Athletic Footwear,Northeast,Sports Direct,Online,Rhode Island,45,35,8
"April 4, 2021",Men's Street Footwear,Northeast,Sports Direct,Online,Connecticut,36,54,15
"March 3, 2021",Men's Street Footwear,Northeast,Sports Direct,Online,Connecticut,39,51,13
"May 3, 2021",Men's Street Footwear,Northeast,Sports Direct,Online,Connecticut,54,77,14
"September 3, 2021",Men's Street Footwear,Northeast,Sports Direct,Online,Connecticut,52,65,13
"July 3, 2021",Men's Street Footwear,Northeast,Sports Direct,Online,Connecticut,54,102,19
"June 5, 2021",Men's Street Footwear,Northeast,Sports Direct,Online,Connecticut,50,88,18
"August 4, 2021",Men's Street Footwear,Northeast,Sports Direct,Online,Connecticut,51,83,16
"October 5, 2021",Men's Street Footwear,Northeast,Sports Direct,Online,Connecticut,59,67,11
"September 20, 2021",Men's Street Footwear,Northeast,Sports Direct,Online,Maryland,49,63,13
"August 21, 2021",Men's Street Footwear,Northeast,Sports Direct,Online,Maryland,48,65,14
"October 22, 2021",Men's Street Footwear,Northeast,Sports Direct,Online,Maryland,52,59,11
"June 15, 2021",Men's Street Footwear,Northeast,Sports Direct,Online,Massachusetts,51,79,16
"July 13, 2021",Men's Street Footwear,Northeast,Sports Direct,Online,Massachusetts,52,78,15
"September 13, 2021",Men's Street Footwear,Northeast,Sports Direct,Online,Massachusetts,53,72,14
"May 13, 2021",Men's Street Footwear,Northeast,Sports Direct,Online,Massachusetts,53,68,13
"March 13, 2021",Men's Street Footwear,Northeast,Sports Direct,Online,Massachusetts,38,48,13
"August 14, 2021",Men's Street Footwear,Northeast,Sports Direct,Online,Massachusetts,50,81,16
"April 14, 2021",Men's Street Footwear,Northeast,Sports Direct,Online,Massachusetts,38,44,12
"October 15, 2021",Men's Street Footwear,Northeast,Sports Direct,Online,Massachusetts,57,68,12
"December 6, 2021",Men's Street Footwear,Northeast,Sports Direct,Online,New Jersey,55,82,15
"November 7, 2021",Men's Street Footwear,Northeast,Sports Direct,Online,New Jersey,59,64,11
"February 5, 2021",Men's Street Footwear,Northeast,Sports Direct,Online,New Jersey,39,58,15
"January 7, 2021",Men's Street Footwear,Northeast,Sports Direct,Online,New Jersey,38,48,13
"February 15, 2021",Men's Street Footwear,Northeast,Sports Direct,Online,Rhode Island,36,50,14
"January 17, 2021",Men's Street Footwear,Northeast,Sports Direct,Online,Rhode Island,38,48,13
"November 7, 2021",Men's Street Footwear,Northeast,Sports Direct,Online,Rhode Island,55,52,10
"December 6, 2021",Men's Street Footwear,Northeast,Sports Direct,Online,Rhode Island,54,73,14
"February 5, 2021",Women's Apparel,Northeast,Sports Direct,Online,Connecticut,39,33,8
"July 3, 2021",Women's Apparel,Northeast,Sports Direct,Online,Connecticut,56,80,14
"March 3, 2021",Women's Apparel,Northeast,Sports Direct,Online,Connecticut,38,28,7
"September 3, 2021",Women's Apparel,Northeast,Sports Direct,Online,Connecticut,54,45,8
"May 3, 2021",Women's Apparel,Northeast,Sports Direct,Online,Connecticut,55,62,11
"June 5, 2021",Women's Apparel,Northeast,Sports Direct,Online,Connecticut,56,69,12
"April 4, 2021",Women's Apparel,Northeast,Sports Direct,Online,Connecticut,36,25,7
"August 4, 2021",Women's Apparel,Northeast,Sports Direct,Online,Connecticut,55,58,11
"September 20, 2021",Women's Apparel,Northeast,Sports Direct,Online,Maryland,54,27,5
"July 20, 2021",Women's Apparel,Northeast,Sports Direct,Online,Maryland,54,55,10
"August 21, 2021",Women's Apparel,Northeast,Sports Direct,Online,Maryland,53,43,8
"June 15, 2021",Women's Apparel,Northeast,Sports Direct,Online,Massachusetts,54,55,10
"March 13, 2021",Women's Apparel,Northeast,Sports Direct,Online,Massachusetts,39,21,5
"May 13, 2021",Women's Apparel,Northeast,Sports Direct,Online,Massachusetts,55,48,9
"July 13, 2021",Women's Apparel,Northeast,Sports Direct,Online,Massachusetts,55,70,13
"February 15, 2021",Women's Apparel,Northeast,Sports Direct,Online,Massachusetts,38,29,8
"April 14, 2021",Women's Apparel,Northeast,Sports Direct,Online,Massachusetts,39,32,8
"September 13, 2021",Women's Apparel,Northeast,Sports Direct,Online,Massachusetts,57,36,6
"August 14, 2021",Women's Apparel,Northeast,Sports Direct,Online,Massachusetts,58,53,9
"January 7, 2021",Women's Apparel,Northeast,Sports Direct,Online,New Jersey,37,30,8
"November 7, 2021",Women's Apparel,Northeast,Sports Direct,Online,New Jersey,59,54,9
"October 8, 2021",Women's Apparel,Northeast,Sports Direct,Online,New Jersey,62,42,7
"December 6, 2021",Women's Apparel,Northeast,Sports Direct,Online,New Jersey,59,60,10
"January 17, 2021",Women's Apparel,Northeast,Sports Direct,Online,Rhode Island,38,27,7
"October 8, 2021",Women's Apparel,Northeast,Sports Direct,Online,Rhode Island,64,37,6
"November 7, 2021",Women's Apparel,Northeast,Sports Direct,Online,Rhode Island,60,46,8
"December 6, 2021",Women's Apparel,Northeast,Sports Direct,Online,Rhode Island,60,51,9
"October 5, 2021",Women's Athletic Footwear,Northeast,Sports Direct,Online,Connecticut,50,19,4
"August 4, 2021",Women's Athletic Footwear,Northeast,Sports Direct,Online,Connecticut,41,28,7
"May 3, 2021",Women's Athletic Footwear,Northeast,Sports Direct,Online,Connecticut,44,28,6
"March 3, 2021",Women's Athletic Footwear,Northeast,Sports Direct,Online,Connecticut,32,10,3
"June 5, 2021",Women's Athletic Footwear,Northeast,Sports Direct,Online,Connecticut,42,34,8
"February 5, 2021",Women's Athletic Footwear,Northeast,Sports Direct,Online,Connecticut,32,11,3
"July 3, 2021",Women's Athletic Footwear,Northeast,Sports Direct,Online,Connecticut,42,34,8
"April 4, 2021",Women's Athletic Footwear,Northeast,Sports Direct,Online,Connecticut,32,12,4
"September 3, 2021",Women's Athletic Footwear,Northeast,Sports Direct,Online,Connecticut,41,19,5
"September 20, 2021",Women's Athletic Footwear,Northeast,Sports Direct,Online,Maryland,36,9,3
"August 21, 2021",Women's Athletic Footwear,Northeast,Sports Direct,Online,Maryland,37,16,4
"July 20, 2021",Women's Athletic Footwear,Northeast,Sports Direct,Online,Maryland,36,16,5
"June 15, 2021",Women's Athletic Footwear,Northeast,Sports Direct,Online,Massachusetts,41,27,7
"March 13, 2021",Women's Athletic Footwear,Northeast,Sports Direct,Online,Massachusetts,34,30,9
"August 14, 2021",Women's Athletic Footwear,Northeast,Sports Direct,Online,Massachusetts,42,21,5
"July 13, 2021",Women's Athletic Footwear,Northeast,Sports Direct,Online,Massachusetts,44,25,6
"February 15, 2021",Women's Athletic Footwear,Northeast,Sports Direct,Online,Massachusetts,32,22,7
"October 15, 2021",Women's Athletic Footwear,Northeast,Sports Direct,Online,Massachusetts,54,15,3
"April 14, 2021",Women's Athletic Footwear,Northeast,Sports Direct,Online,Massachusetts,32,11,4
"May 13, 2021",Women's Athletic Footwear,Northeast,Sports Direct,Online,Massachusetts,44,21,5
"September 13, 2021",Women's Athletic Footwear,Northeast,Sports Direct,Online,Massachusetts,42,15,4
"January 7, 2021",Women's Athletic Footwear,Northeast,Sports Direct,Online,New Jersey,33,14,4
"December 6, 2021",Women's Athletic Footwear,Northeast,Sports Direct,Online,New Jersey,47,39,8
"November 7, 2021",Women's Athletic Footwear,Northeast,Sports Direct,Online,New Jersey,49,32,7
"January 17, 2021",Women's Athletic Footwear,Northeast,Sports Direct,Online,Rhode Island,34,9,3
"December 6, 2021",Women's Athletic Footwear,Northeast,Sports Direct,Online,Rhode Island,48,31,7
"November 7, 2021",Women's Athletic Footwear,Northeast,Sports Direct,Online,Rhode Island,48,28,6
"May 3, 2021",Women's Street Footwear,Northeast,Sports Direct,Online,Connecticut,43,32,7
"August 4, 2021",Women's Street Footwear,Northeast,Sports Direct,Online,Connecticut,41,35,9
"April 4, 2021",Women's Street Footwear,Northeast,Sports Direct,Online,Connecticut,29,16,6
"October 5, 2021",Women's Street Footwear,Northeast,Sports Direct,Online,Connecticut,53,26,5
"September 3, 2021",Women's Street Footwear,Northeast,Sports Direct,Online,Connecticut,41,25,6
"July 3, 2021",Women's Street Footwear,Northeast,Sports Direct,Online,Connecticut,44,36,8
"March 3, 2021",Women's Street Footwear,Northeast,Sports Direct,Online,Connecticut,29,20,7
"June 5, 2021",Women's Street Footwear,Northeast,Sports Direct,Online,Connecticut,42,37,9
"October 22, 2021",Women's Street Footwear,Northeast,Sports Direct,Online,Maryland,49,12,3
"July 20, 2021",Women's Street Footwear,Northeast,Sports Direct,Online,Maryland,37,22,6
"September 20, 2021",Women's Street Footwear,Northeast,Sports Direct,Online,Maryland,38,14,4
"August 21, 2021",Women's Street Footwear,Northeast,Sports Direct,Online,Maryland,39,23,6
"April 14, 2021",Women's Street Footwear,Northeast,Sports Direct,Online,Massachusetts,29,12,4
"August 14, 2021",Women's Street Footwear,Northeast,Sports Direct,Online,Massachusetts,42,29,7
"October 15, 2021",Women's Street Footwear,Northeast,Sports Direct,Online,Massachusetts,53,18,3
"June 15, 2021",Women's Street Footwear,Northeast,Sports Direct,Online,Massachusetts,42,29,7
"September 13, 2021",Women's Street Footwear,Northeast,Sports Direct,Online,Massachusetts,41,16,4
"July 13, 2021",Women's Street Footwear,Northeast,Sports Direct,Online,Massachusetts,41,32,8
"March 13, 2021",Women's Street Footwear,Northeast,Sports Direct,Online,Massachusetts,28,14,5
"May 13, 2021",Women's Street Footwear,Northeast,Sports Direct,Online,Massachusetts,41,23,6
"January 7, 2021",Women's Street Footwear,Northeast,Sports Direct,Online,New Jersey,28,25,9
"February 5, 2021",Women's Street Footwear,Northeast,Sports Direct,Online,New Jersey,29,19,7
"December 6, 2021",Women's Street Footwear,Northeast,Sports Direct,Online,New Jersey,49,45,9
"November 7, 2021",Women's Street Footwear,Northeast,Sports Direct,Online,New Jersey,48,33,7
"January 17, 2021",Women's Street Footwear,Northeast,Sports Direct,Online,Rhode Island,27,20,7
"February 15, 2021",Women's Street Footwear,Northeast,Sports Direct,Online,Rhode Island,29,17,6
"December 6, 2021",Women's Street Footwear,Northeast,Sports Direct,Online,Rhode Island,47,35,7
"November 7, 2021",Women's Street Footwear,Northeast,Sports Direct,Online,Rhode Island,48,31,6
"April 23, 2020",Men's Apparel,Northeast,Walmart,Online,New York,58,146,25
"April 25, 2020",Men's Apparel,Northeast,Walmart,Online,New York,64,151,24
"May 1, 2020",Men's Apparel,Northeast,Walmart,Online,New York,64,163,25
"May 7, 2020",Men's Apparel,Northeast,Walmart,Online,New York,60,157,26
"April 17, 2020",Men's Apparel,Northeast,Walmart,Online,New York,54,146,27
"May 4, 2020",Men's Athletic Footwear,Northeast,Walmart,Online,New York,51,153,30
"April 28, 2020",Men's Athletic Footwear,Northeast,Walmart,Online,New York,53,145,27
"April 20, 2020",Men's Athletic Footwear,Northeast,Walmart,Online,New York,50,135,27
"April 27, 2020",Men's Street Footwear,Northeast,Walmart,Online,New York,60,179,30
"April 19, 2020",Men's Street Footwear,Northeast,Walmart,Online,New York,56,202,36
"May 3, 2020",Men's Street Footwear,Northeast,Walmart,Online,New York,62,193,31
"July 18, 2020",Women's Apparel,Northeast,Walmart,Online,New York,68,197,29
"April 18, 2020",Women's Apparel,Northeast,Walmart,Online,New York,62,180,29
"May 2, 2020",Women's Apparel,Northeast,Walmart,Online,New York,66,174,26
"April 26, 2020",Women's Apparel,Northeast,Walmart,Online,New York,68,197,29
"April 24, 2020",Women's Apparel,Northeast,Walmart,Online,New York,59,165,28
"April 22, 2020",Women's Athletic Footwear,Northeast,Walmart,Online,New York,47,118,25
"May 6, 2020",Women's Athletic Footwear,Northeast,Walmart,Online,New York,54,122,23
"April 30, 2020",Women's Athletic Footwear,Northeast,Walmart,Online,New York,50,126,25
"April 21, 2020",Women's Street Footwear,Northeast,Walmart,Online,New York,47,126,27
"May 5, 2020",Women's Street Footwear,Northeast,Walmart,Online,New York,54,154,29
"April 29, 2020",Women's Street Footwear,Northeast,Walmart,Online,New York,52,134,26
"May 20, 2021",Men's Apparel,Northeast,West Gear,Online,Maryland,49,18,4
"March 20, 2021",Men's Apparel,Northeast,West Gear,Online,Maryland,43,9,2
"April 21, 2021",Men's Apparel,Northeast,West Gear,Online,Maryland,41,6,2
"February 22, 2021",Men's Apparel,Northeast,West Gear,Online,Maryland,41,13,3
"November 9, 2021",Men's Apparel,Northeast,West Gear,Online,New York,62,95,15
"February 10, 2021",Men's Apparel,Northeast,West Gear,Online,New York,50,77,15
"July 8, 2021",Men's Apparel,Northeast,West Gear,Online,New York,62,104,17
"April 9, 2021",Men's Apparel,Northeast,West Gear,Online,New York,50,62,12
"October 10, 2021",Men's Apparel,Northeast,West Gear,Online,New York,59,89,15
"September 8, 2021",Men's Apparel,Northeast,West Gear,Online,New York,51,67,13
"August 9, 2021",Men's Apparel,Northeast,West Gear,Online,New York,52,77,15
"March 8, 2021",Men's Apparel,Northeast,West Gear,Online,New York,51,68,13
"May 8, 2021",Men's Apparel,Northeast,West Gear,Online,New York,56,77,14
"June 10, 2021",Men's Apparel,Northeast,West Gear,Online,New York,62,93,15
"March 16, 2021",Men's Apparel,Northeast,West Gear,Online,West Virginia,37,22,6
"September 18, 2021",Men's Apparel,Northeast,West Gear,Online,West Virginia,32,20,6
"February 17, 2021",Men's Apparel,Northeast,West Gear,Online,West Virginia,48,31,7
"May 18, 2021",Men's Apparel,Northeast,West Gear,Online,West Virginia,42,29,7
"August 17, 2021",Men's Apparel,Northeast,West Gear,Online,West Virginia,49,33,7
"July 16, 2021",Men's Apparel,Northeast,West Gear,Online,West Virginia,54,47,9
"October 17, 2021",Men's Apparel,Northeast,West Gear,Online,West Virginia,41,22,5
"June 17, 2021",Men's Apparel,Northeast,West Gear,Online,West Virginia,41,30,7
"April 17, 2021",Men's Apparel,Northeast,West Gear,Online,West Virginia,60,34,6
"May 20, 2021",Men's Athletic Footwear,Northeast,West Gear,Online,Maryland,42,20,5
"April 21, 2021",Men's Athletic Footwear,Northeast,West Gear,Online,Maryland,32,10,3
"March 20, 2021",Men's Athletic Footwear,Northeast,West Gear,Online,Maryland,34,13,4
"June 22, 2021",Men's Athletic Footwear,Northeast,West Gear,Online,Maryland,41,31,8
"April 9, 2021",Men's Athletic Footwear,Northeast,West Gear,Online,New York,43,63,15
"September 8, 2021",Men's Athletic Footwear,Northeast,West Gear,Online,New York,48,78,16
"August 9, 2021",Men's Athletic Footwear,Northeast,West Gear,Online,New York,55,116,21
"July 8, 2021",Men's Athletic Footwear,Northeast,West Gear,Online,New York,56,110,20
"March 8, 2021",Men's Athletic Footwear,Northeast,West Gear,Online,New York,44,73,17
"October 10, 2021",Men's Athletic Footwear,Northeast,West Gear,Online,New York,46,72,16
"May 8, 2021",Men's Athletic Footwear,Northeast,West Gear,Online,New York,53,85,16
"June 10, 2021",Men's Athletic Footwear,Northeast,West Gear,Online,New York,54,95,18
"November 9, 2021",Men's Athletic Footwear,Northeast,West Gear,Online,New York,49,79,16
"December 8, 2021",Men's Athletic Footwear,Northeast,West Gear,Online,New York,51,86,17
"November 11, 2021",Men's Athletic Footwear,Northeast,West Gear,Online,Vermont,55,45,8
"February 22, 2021",Men's Athletic Footwear,Northeast,West Gear,Online,West Virginia,34,13,4
"June 17, 2021",Men's Athletic Footwear,Northeast,West Gear,Online,West Virginia,37,44,12
"May 18, 2021",Men's Athletic Footwear,Northeast,West Gear,Online,West Virginia,37,32,9
"October 17, 2021",Men's Athletic Footwear,Northeast,West Gear,Online,West Virginia,32,26,8
"September 18, 2021",Men's Athletic Footwear,Northeast,West Gear,Online,West Virginia,29,26,9
"July 16, 2021",Men's Athletic Footwear,Northeast,West Gear,Online,West Virginia,50,58,12
"March 16, 2021",Men's Athletic Footwear,Northeast,West Gear,Online,West Virginia,27,19,7
"April 17, 2021",Men's Athletic Footwear,Northeast,West Gear,Online,West Virginia,28,21,8
"August 17, 2021",Men's Athletic Footwear,Northeast,West Gear,Online,West Virginia,42,38,9
"June 22, 2021",Men's Street Footwear,Northeast,West Gear,Online,Maryland,47,59,13
"April 21, 2021",Men's Street Footwear,Northeast,West Gear,Online,Maryland,33,42,13
"May 20, 2021",Men's Street Footwear,Northeast,West Gear,Online,Maryland,49,58,12
"March 20, 2021",Men's Street Footwear,Northeast,West Gear,Online,Maryland,32,40,13
"November 9, 2021",Men's Street Footwear,Northeast,West Gear,Online,New York,56,122,22
"July 8, 2021",Men's Street Footwear,Northeast,West Gear,Online,New York,59,146,25
"April 9, 2021",Men's Street Footwear,Northeast,West Gear,Online,New York,42,104,25
"March 19, 2021",Women's Apparel,South,Walmart,Online,Arkansas,24,24,10
"June 10, 2021",Men's Street Footwear,Northeast,West Gear,Online,New York,59,155,26
"August 9, 2021",Men's Street Footwear,Northeast,West Gear,Online,New York,62,155,25
"October 10, 2021",Men's Street Footwear,Northeast,West Gear,Online,New York,57,119,21
"December 8, 2021",Men's Street Footwear,Northeast,West Gear,Online,New York,59,145,25
"March 8, 2021",Men's Street Footwear,Northeast,West Gear,Online,New York,44,111,25
"September 8, 2021",Men's Street Footwear,Northeast,West Gear,Online,New York,50,119,24
"May 8, 2021",Men's Street Footwear,Northeast,West Gear,Online,New York,50,131,26
"November 11, 2021",Men's Street Footwear,Northeast,West Gear,Online,Vermont,64,81,13
"April 17, 2021",Men's Street Footwear,Northeast,West Gear,Online,West Virginia,27,39,14
"March 16, 2021",Men's Street Footwear,Northeast,West Gear,Online,West Virginia,28,46,17
"September 18, 2021",Men's Street Footwear,Northeast,West Gear,Online,West Virginia,34,52,15
"June 17, 2021",Men's Street Footwear,Northeast,West Gear,Online,West Virginia,43,65,15
"August 17, 2021",Men's Street Footwear,Northeast,West Gear,Online,West Virginia,46,60,13
"July 16, 2021",Men's Street Footwear,Northeast,West Gear,Online,West Virginia,55,100,18
"May 18, 2021",Men's Street Footwear,Northeast,West Gear,Online,West Virginia,58,104,18
"October 17, 2021",Men's Street Footwear,Northeast,West Gear,Online,West Virginia,41,47,12
"May 20, 2021",Women's Apparel,Northeast,West Gear,Online,Maryland,52,33,6
"February 22, 2021",Women's Apparel,Northeast,West Gear,Online,Maryland,34,21,6
"April 21, 2021",Women's Apparel,Northeast,West Gear,Online,Maryland,32,17,5
"March 20, 2021",Women's Apparel,Northeast,West Gear,Online,Maryland,33,16,5
"March 8, 2021",Women's Apparel,Northeast,West Gear,Online,New York,43,69,16
"August 9, 2021",Women's Apparel,Northeast,West Gear,Online,New York,55,120,22
"September 8, 2021",Women's Apparel,Northeast,West Gear,Online,New York,59,92,16
"October 10, 2021",Women's Apparel,Northeast,West Gear,Online,New York,64,100,16
"June 10, 2021",Women's Apparel,Northeast,West Gear,Online,New York,69,125,18
"May 8, 2021",Women's Apparel,Northeast,West Gear,Online,New York,59,100,17
"February 10, 2021",Women's Apparel,Northeast,West Gear,Online,New York,42,76,18
"November 9, 2021",Women's Apparel,Northeast,West Gear,Online,New York,68,120,18
"April 9, 2021",Women's Apparel,Northeast,West Gear,Online,New York,41,64,16
"July 8, 2021",Women's Apparel,Northeast,West Gear,Online,New York,66,128,19
"October 12, 2021",Women's Apparel,Northeast,West Gear,Online,Vermont,71,58,8
"September 18, 2021",Women's Apparel,Northeast,West Gear,Online,West Virginia,36,27,8
"April 17, 2021",Women's Apparel,Northeast,West Gear,Online,West Virginia,47,44,9
"June 17, 2021",Women's Apparel,Northeast,West Gear,Online,West Virginia,59,68,12
"February 17, 2021",Women's Apparel,Northeast,West Gear,Online,West Virginia,24,25,11
"March 16, 2021",Women's Apparel,Northeast,West Gear,Online,West Virginia,29,23,8
"August 17, 2021",Women's Apparel,Northeast,West Gear,Online,West Virginia,54,62,12
"July 16, 2021",Women's Apparel,Northeast,West Gear,Online,West Virginia,63,84,13
"May 18, 2021",Women's Apparel,Northeast,West Gear,Online,West Virginia,52,49,10
"March 20, 2021",Women's Athletic Footwear,Northeast,West Gear,Online,Maryland,29,2,1
"April 21, 2021",Women's Athletic Footwear,Northeast,West Gear,Online,Maryland,27,4,1
"May 20, 2021",Women's Athletic Footwear,Northeast,West Gear,Online,Maryland,37,11,3
"February 22, 2021",Women's Athletic Footwear,Northeast,West Gear,Online,Maryland,28,4,1
"August 9, 2021",Women's Athletic Footwear,Northeast,West Gear,Online,New York,41,62,15
"May 8, 2021",Women's Athletic Footwear,Northeast,West Gear,Online,New York,47,61,13
"November 9, 2021",Women's Athletic Footwear,Northeast,West Gear,Online,New York,47,68,14
"April 9, 2021",Women's Athletic Footwear,Northeast,West Gear,Online,New York,37,50,14
"March 8, 2021",Women's Athletic Footwear,Northeast,West Gear,Online,New York,39,41,11
"September 8, 2021",Women's Athletic Footwear,Northeast,West Gear,Online,New York,44,60,14
"October 10, 2021",Women's Athletic Footwear,Northeast,West Gear,Online,New York,45,61,14
"June 10, 2021",Women's Athletic Footwear,Northeast,West Gear,Online,New York,49,71,14
"February 10, 2021",Women's Athletic Footwear,Northeast,West Gear,Online,New York,37,49,13
"July 8, 2021",Women's Athletic Footwear,Northeast,West Gear,Online,New York,53,80,15
"September 18, 2021",Women's Athletic Footwear,Northeast,West Gear,Online,West Virginia,23,14,6
"August 17, 2021",Women's Athletic Footwear,Northeast,West Gear,Online,West Virginia,36,26,7
"July 16, 2021",Women's Athletic Footwear,Northeast,West Gear,Online,West Virginia,48,37,8
"April 17, 2021",Women's Athletic Footwear,Northeast,West Gear,Online,West Virginia,25,12,5
"June 17, 2021",Women's Athletic Footwear,Northeast,West Gear,Online,West Virginia,33,23,7
"March 16, 2021",Women's Athletic Footwear,Northeast,West Gear,Online,West Virginia,23,11,5
"October 17, 2021",Women's Athletic Footwear,Northeast,West Gear,Online,West Virginia,32,15,5
"February 17, 2021",Women's Athletic Footwear,Northeast,West Gear,Online,West Virginia,34,17,5
"May 18, 2021",Women's Athletic Footwear,Northeast,West Gear,Online,West Virginia,33,17,5
"May 20, 2021",Women's Street Footwear,Northeast,West Gear,Online,Maryland,36,14,4
"April 21, 2021",Women's Street Footwear,Northeast,West Gear,Online,Maryland,24,8,3
"March 20, 2021",Women's Street Footwear,Northeast,West Gear,Online,Maryland,24,13,5
"September 8, 2021",Women's Street Footwear,Northeast,West Gear,Online,New York,41,57,14
"July 8, 2021",Women's Street Footwear,Northeast,West Gear,Online,New York,51,86,17
"March 8, 2021",Women's Street Footwear,Northeast,West Gear,Online,New York,33,53,16
"April 9, 2021",Women's Street Footwear,Northeast,West Gear,Online,New York,34,52,15
"November 9, 2021",Women's Street Footwear,Northeast,West Gear,Online,New York,45,66,15
"May 8, 2021",Women's Street Footwear,Northeast,West Gear,Online,New York,49,78,16
"August 9, 2021",Women's Street Footwear,Northeast,West Gear,Online,New York,51,96,19
"June 10, 2021",Women's Street Footwear,Northeast,West Gear,Online,New York,48,72,15
"October 10, 2021",Women's Street Footwear,Northeast,West Gear,Online,New York,46,63,14
"November 11, 2021",Women's Street Footwear,Northeast,West Gear,Online,Vermont,57,55,10
"February 22, 2021",Women's Street Footwear,Northeast,West Gear,Online,West Virginia,24,11,5
"August 17, 2021",Women's Street Footwear,Northeast,West Gear,Online,West Virginia,38,33,9
"October 17, 2021",Women's Street Footwear,Northeast,West Gear,Online,West Virginia,33,15,4
"July 16, 2021",Women's Street Footwear,Northeast,West Gear,Online,West Virginia,49,48,10
"December 16, 2021",Women's Street Footwear,Northeast,West Gear,Online,West Virginia,50,56,11
"April 17, 2021",Women's Street Footwear,Northeast,West Gear,Online,West Virginia,19,13,7
"March 16, 2021",Women's Street Footwear,Northeast,West Gear,Online,West Virginia,19,17,9
"September 18, 2021",Women's Street Footwear,Northeast,West Gear,Online,West Virginia,24,16,7
"June 17, 2021",Women's Street Footwear,Northeast,West Gear,Online,West Virginia,33,27,8
"May 18, 2021",Women's Street Footwear,Northeast,West Gear,Online,West Virginia,32,25,8
"October 13, 2021",Men's Athletic Footwear,South,Amazon,Online,Alabama,38,29,8
"October 12, 2021",Men's Street Footwear,South,Amazon,Online,Alabama,38,44,12
"October 15, 2021",Women's Athletic Footwear,South,Amazon,Online,Alabama,34,10,3
"October 14, 2021",Women's Street Footwear,South,Amazon,Online,Alabama,28,18,6
"March 16, 2021",Men's Apparel,South,Foot Locker,Online,Mississippi,35,"1,138",33
"April 17, 2021",Men's Apparel,South,Foot Locker,Online,Mississippi,40,"1,300",33
"February 18, 2021",Men's Apparel,South,Foot Locker,Online,Mississippi,40,"1,600",40
"May 16, 2021",Men's Apparel,South,Foot Locker,Online,Mississippi,45,"1,800",40
"June 18, 2021",Men's Apparel,South,Foot Locker,Online,Mississippi,60,"2,700",45
"June 18, 2021",Men's Apparel,South,Foot Locker,Online,Mississippi,57,77,14
"March 16, 2021",Men's Apparel,South,Foot Locker,Online,Mississippi,32,26,8
"February 18, 2021",Men's Apparel,South,Foot Locker,Online,Mississippi,39,42,11
"May 16, 2021",Men's Apparel,South,Foot Locker,Online,Mississippi,41,48,12
"April 17, 2021",Men's Apparel,South,Foot Locker,Online,Mississippi,38,31,8
"April 17, 2021",Men's Athletic Footwear,South,Foot Locker,Online,Mississippi,25,938,38
"March 16, 2021",Men's Athletic Footwear,South,Foot Locker,Online,Mississippi,25,"1,000",40
"May 16, 2021",Men's Athletic Footwear,South,Foot Locker,Online,Mississippi,40,"1,800",45
"June 18, 2021",Men's Athletic Footwear,South,Foot Locker,Online,Mississippi,40,"2,000",50
"May 16, 2021",Men's Athletic Footwear,South,Foot Locker,Online,Mississippi,37,48,13
"March 16, 2021",Men's Athletic Footwear,South,Foot Locker,Online,Mississippi,24,24,10
"June 18, 2021",Men's Athletic Footwear,South,Foot Locker,Online,Mississippi,37,46,13
"April 17, 2021",Men's Athletic Footwear,South,Foot Locker,Online,Mississippi,23,25,11
"May 22, 2021",Men's Athletic Footwear,South,Foot Locker,Online,Tennessee,32,18,6
"October 23, 2021",Men's Athletic Footwear,South,Foot Locker,Online,Texas,41,28,7
"April 17, 2021",Men's Street Footwear,South,Foot Locker,Online,Mississippi,25,"1,688",68
"March 16, 2021",Men's Street Footwear,South,Foot Locker,Online,Mississippi,25,"1,800",72
"May 16, 2021",Men's Street Footwear,South,Foot Locker,Online,Mississippi,40,"2,980",75
"June 18, 2021",Men's Street Footwear,South,Foot Locker,Online,Mississippi,45,"3,375",75
"July 16, 2021",Men's Street Footwear,South,Foot Locker,Online,Mississippi,60,"5,100",85
"July 16, 2021",Men's Street Footwear,South,Foot Locker,Online,Mississippi,58,128,22
"June 18, 2021",Men's Street Footwear,South,Foot Locker,Online,Mississippi,44,92,21
"April 17, 2021",Men's Street Footwear,South,Foot Locker,Online,Mississippi,23,39,17
"March 16, 2021",Men's Street Footwear,South,Foot Locker,Online,Mississippi,23,43,19
"May 16, 2021",Men's Street Footwear,South,Foot Locker,Online,Mississippi,39,76,19
"May 21, 2021",Men's Street Footwear,South,Foot Locker,Online,Tennessee,32,38,12
"October 22, 2021",Men's Street Footwear,South,Foot Locker,Online,Texas,44,49,11
"March 16, 2021",Women's Apparel,South,Foot Locker,Online,Mississippi,25,"1,063",43
"February 18, 2021",Women's Apparel,South,Foot Locker,Online,Mississippi,25,"1,250",50
"April 17, 2021",Women's Apparel,South,Foot Locker,Online,Mississippi,30,"1,425",48
"May 16, 2021",Women's Apparel,South,Foot Locker,Online,Mississippi,50,"2,500",50
"June 18, 2021",Women's Apparel,South,Foot Locker,Online,Mississippi,65,"4,063",63
"February 18, 2021",Women's Apparel,South,Foot Locker,Online,Mississippi,24,30,13
"April 17, 2021",Women's Apparel,South,Foot Locker,Online,Mississippi,28,35,12
"March 16, 2021",Women's Apparel,South,Foot Locker,Online,Mississippi,24,30,12
"June 18, 2021",Women's Apparel,South,Foot Locker,Online,Mississippi,60,113,19
"May 16, 2021",Women's Apparel,South,Foot Locker,Online,Mississippi,47,66,14
"March 16, 2021",Women's Athletic Footwear,South,Foot Locker,Online,Mississippi,20,550,28
"April 17, 2021",Women's Athletic Footwear,South,Foot Locker,Online,Mississippi,20,600,30
"February 18, 2021",Women's Athletic Footwear,South,Foot Locker,Online,Mississippi,25,813,33
"May 16, 2021",Women's Athletic Footwear,South,Foot Locker,Online,Mississippi,35,"1,313",38
"June 18, 2021",Women's Athletic Footwear,South,Foot Locker,Online,Mississippi,45,"2,025",45
"February 18, 2021",Women's Athletic Footwear,South,Foot Locker,Online,Mississippi,25,23,9
"June 18, 2021",Women's Athletic Footwear,South,Foot Locker,Online,Mississippi,43,50,12
"May 16, 2021",Women's Athletic Footwear,South,Foot Locker,Online,Mississippi,33,33,10
"April 17, 2021",Women's Athletic Footwear,South,Foot Locker,Online,Mississippi,19,14,8
"March 16, 2021",Women's Athletic Footwear,South,Foot Locker,Online,Mississippi,19,15,8
"May 24, 2021",Women's Athletic Footwear,South,Foot Locker,Online,Tennessee,27,5,2
"October 25, 2021",Women's Athletic Footwear,South,Foot Locker,Online,Texas,38,7,2
"April 17, 2021",Women's Street Footwear,South,Foot Locker,Online,Mississippi,15,563,38
"March 16, 2021",Women's Street Footwear,South,Foot Locker,Online,Mississippi,15,638,43
"May 16, 2021",Women's Street Footwear,South,Foot Locker,Online,Mississippi,35,"1,488",43
"June 18, 2021",Women's Street Footwear,South,Foot Locker,Online,Mississippi,45,"2,138",48
"March 16, 2021",Women's Street Footwear,South,Foot Locker,Online,Mississippi,14,18,13
"May 16, 2021",Women's Street Footwear,South,Foot Locker,Online,Mississippi,33,39,12
"April 17, 2021",Women's Street Footwear,South,Foot Locker,Online,Mississippi,14,14,10
"June 18, 2021",Women's Street Footwear,South,Foot Locker,Online,Mississippi,41,59,14
"May 23, 2021",Women's Street Footwear,South,Foot Locker,Online,Tennessee,24,16,7
"October 24, 2021",Women's Street Footwear,South,Foot Locker,Online,Texas,33,18,6
"December 16, 2021",Men's Apparel,South,Sports Direct,Online,Mississippi,70,"3,325",48
"November 17, 2021",Men's Apparel,South,Sports Direct,Online,Mississippi,75,"3,188",43
"November 17, 2021",Men's Apparel,South,Sports Direct,Online,Mississippi,71,87,12
"December 16, 2021",Men's Apparel,South,Sports Direct,Online,Mississippi,65,81,12
"November 17, 2021",Men's Athletic Footwear,South,Sports Direct,Online,Mississippi,20,900,45
"December 16, 2021",Men's Athletic Footwear,South,Sports Direct,Online,Mississippi,60,"3,450",58
"November 17, 2021",Men's Athletic Footwear,South,Sports Direct,Online,Mississippi,18,21,12
"December 16, 2021",Men's Athletic Footwear,South,Sports Direct,Online,Mississippi,58,90,16
"November 17, 2021",Men's Street Footwear,South,Sports Direct,Online,Mississippi,30,"1,875",63
"December 16, 2021",Men's Street Footwear,South,Sports Direct,Online,Mississippi,70,"5,425",78
"December 16, 2021",Men's Street Footwear,South,Sports Direct,Online,Mississippi,68,132,19
"November 17, 2021",Men's Street Footwear,South,Sports Direct,Online,Mississippi,28,46,16
"October 18, 2021",Women's Apparel,South,Sports Direct,Online,Mississippi,35,"1,663",48
"November 17, 2021",Women's Apparel,South,Sports Direct,Online,Mississippi,75,"3,938",53
"December 16, 2021",Women's Apparel,South,Sports Direct,Online,Mississippi,75,"4,313",58
"November 17, 2021",Women's Apparel,South,Sports Direct,Online,Mississippi,68,107,16
"December 16, 2021",Women's Apparel,South,Sports Direct,Online,Mississippi,71,102,14
"October 18, 2021",Women's Apparel,South,Sports Direct,Online,Mississippi,33,41,12
"December 16, 2021",Women's Athletic Footwear,South,Sports Direct,Online,Mississippi,60,"2,850",48
"November 17, 2021",Women's Athletic Footwear,South,Sports Direct,Online,Mississippi,60,"2,700",45
"December 16, 2021",Women's Athletic Footwear,South,Sports Direct,Online,Mississippi,56,74,13
"November 17, 2021",Women's Athletic Footwear,South,Sports Direct,Online,Mississippi,54,63,12
"November 17, 2021",Women's Street Footwear,South,Sports Direct,Online,Mississippi,30,"1,185",40
"December 16, 2021",Women's Street Footwear,South,Sports Direct,Online,Mississippi,60,"3,150",53
"November 17, 2021",Women's Street Footwear,South,Sports Direct,Online,Mississippi,28,31,11
"December 16, 2021",Women's Street Footwear,South,Sports Direct,Online,Mississippi,59,81,14
"September 16, 2021",Men's Apparel,South,Walmart,Online,Mississippi,30,"1,200",40
"October 18, 2021",Men's Apparel,South,Walmart,Online,Mississippi,35,"1,225",35
"August 17, 2021",Men's Apparel,South,Walmart,Online,Mississippi,50,"2,250",45
"July 16, 2021",Men's Apparel,South,Walmart,Online,Mississippi,60,"3,000",50
"August 17, 2021",Men's Apparel,South,Walmart,Online,Mississippi,46,56,12
"September 16, 2021",Men's Apparel,South,Walmart,Online,Mississippi,29,31,11
"July 16, 2021",Men's Apparel,South,Walmart,Online,Mississippi,59,89,15
"October 18, 2021",Men's Apparel,South,Walmart,Online,Mississippi,32,31,10
"October 18, 2021",Men's Athletic Footwear,South,Walmart,Online,Mississippi,25,"1,250",50
"September 16, 2021",Men's Athletic Footwear,South,Walmart,Online,Mississippi,45,"2,363",53
"July 16, 2021",Men's Athletic Footwear,South,Walmart,Online,Mississippi,55,"3,300",60
"August 17, 2021",Men's Athletic Footwear,South,Walmart,Online,Mississippi,55,"3,300",60
"October 18, 2021",Men's Athletic Footwear,South,Walmart,Online,Mississippi,25,36,15
"September 16, 2021",Men's Athletic Footwear,South,Walmart,Online,Mississippi,42,62,15
"July 16, 2021",Men's Athletic Footwear,South,Walmart,Online,Mississippi,53,83,16
"August 17, 2021",Men's Athletic Footwear,South,Walmart,Online,Mississippi,50,84,17
"October 18, 2021",Men's Street Footwear,South,Walmart,Online,Mississippi,35,"2,363",68
"September 16, 2021",Men's Street Footwear,South,Walmart,Online,Mississippi,50,"3,625",73
"August 17, 2021",Men's Street Footwear,South,Walmart,Online,Mississippi,60,"4,950",83
"October 18, 2021",Men's Street Footwear,South,Walmart,Online,Mississippi,32,56,18
"September 16, 2021",Men's Street Footwear,South,Walmart,Online,Mississippi,47,95,20
"August 17, 2021",Men's Street Footwear,South,Walmart,Online,Mississippi,56,120,22
"September 16, 2021",Women's Apparel,South,Walmart,Online,Mississippi,35,"1,750",50
"August 17, 2021",Women's Apparel,South,Walmart,Online,Mississippi,55,"3,438",63
"July 16, 2021",Women's Apparel,South,Walmart,Online,Mississippi,65,"4,388",68
"July 16, 2021",Women's Apparel,South,Walmart,Online,Mississippi,61,107,18
"September 16, 2021",Women's Apparel,South,Walmart,Online,Mississippi,32,42,13
"August 17, 2021",Women's Apparel,South,Walmart,Online,Mississippi,53,90,17
"September 16, 2021",Women's Athletic Footwear,South,Walmart,Online,Mississippi,20,800,40
"October 18, 2021",Women's Athletic Footwear,South,Walmart,Online,Mississippi,25,875,35
"August 17, 2021",Women's Athletic Footwear,South,Walmart,Online,Mississippi,40,"1,900",48
"July 16, 2021",Women's Athletic Footwear,South,Walmart,Online,Mississippi,50,"2,375",48
"October 18, 2021",Women's Athletic Footwear,South,Walmart,Online,Mississippi,23,24,11
"August 17, 2021",Women's Athletic Footwear,South,Walmart,Online,Mississippi,39,50,13
"July 16, 2021",Women's Athletic Footwear,South,Walmart,Online,Mississippi,48,60,12
"September 16, 2021",Women's Athletic Footwear,South,Walmart,Online,Mississippi,19,19,10
"September 16, 2021",Women's Street Footwear,South,Walmart,Online,Mississippi,20,850,43
"October 18, 2021",Women's Street Footwear,South,Walmart,Online,Mississippi,25,938,38
"July 16, 2021",Women's Street Footwear,South,Walmart,Online,Mississippi,50,"2,625",53
"August 17, 2021",Women's Street Footwear,South,Walmart,Online,Mississippi,50,"2,625",53
"September 16, 2021",Women's Street Footwear,South,Walmart,Online,Mississippi,19,23,12
"July 16, 2021",Women's Street Footwear,South,Walmart,Online,Mississippi,48,68,14
"August 17, 2021",Women's Street Footwear,South,Walmart,Online,Mississippi,48,71,15
"October 18, 2021",Women's Street Footwear,South,Walmart,Online,Mississippi,24,24,10
"September 23, 2021",Men's Apparel,Southeast,Amazon,Online,Kentucky,45,900,20
"February 22, 2021",Men's Apparel,Southeast,Amazon,Online,Kentucky,50,"1,000",20
"April 22, 2021",Men's Apparel,Southeast,Amazon,Online,Kentucky,50,625,13
"May 23, 2021",Men's Apparel,Southeast,Amazon,Online,Kentucky,50,750,15
"June 22, 2021",Men's Apparel,Southeast,Amazon,Online,Kentucky,50,"1,000",20
"August 22, 2021",Men's Apparel,Southeast,Amazon,Online,Kentucky,50,"1,125",23
"July 21, 2021",Men's Apparel,Southeast,Amazon,Online,Kentucky,50,"1,250",25
"March 21, 2021",Men's Apparel,Southeast,Amazon,Online,Kentucky,55,825,15
"October 22, 2021",Men's Apparel,Southeast,Amazon,Online,Kentucky,55,825,15
"May 23, 2021",Men's Apparel,Southeast,Amazon,Online,Kentucky,46,19,4
"July 21, 2021",Men's Apparel,Southeast,Amazon,Online,Kentucky,46,35,8
"March 21, 2021",Men's Apparel,Southeast,Amazon,Online,Kentucky,52,23,4
"September 23, 2021",Men's Apparel,Southeast,Amazon,Online,Kentucky,43,25,6
"February 22, 2021",Men's Apparel,Southeast,Amazon,Online,Kentucky,48,26,5
"April 22, 2021",Men's Apparel,Southeast,Amazon,Online,Kentucky,47,16,4
"June 22, 2021",Men's Apparel,Southeast,Amazon,Online,Kentucky,49,26,5
"August 22, 2021",Men's Apparel,Southeast,Amazon,Online,Kentucky,49,32,7
"October 22, 2021",Men's Apparel,Southeast,Amazon,Online,Kentucky,53,22,4
"January 13, 2021",Men's Apparel,Southeast,Amazon,Online,North Carolina,45,"2,138",48
"December 2, 2021",Men's Apparel,Southeast,Amazon,Online,North Carolina,70,"4,725",68
"December 2, 2021",Men's Apparel,Southeast,Amazon,Online,North Carolina,65,110,17
"January 13, 2021",Men's Apparel,Southeast,Amazon,Online,North Carolina,44,56,13
"June 22, 2021",Men's Athletic Footwear,Southeast,Amazon,Online,Kentucky,35,963,28
"November 22, 2021",Men's Athletic Footwear,Southeast,Amazon,Online,Kentucky,40,"1,100",28
"April 22, 2021",Men's Athletic Footwear,Southeast,Amazon,Online,Kentucky,45,788,18
"March 21, 2021",Men's Athletic Footwear,Southeast,Amazon,Online,Kentucky,45,"1,013",23
"October 22, 2021",Men's Athletic Footwear,Southeast,Amazon,Online,Kentucky,45,"1,238",28
"May 23, 2021",Men's Athletic Footwear,Southeast,Amazon,Online,Kentucky,45,"1,013",23
"September 23, 2021",Men's Athletic Footwear,Southeast,Amazon,Online,Kentucky,45,"1,463",33
"July 21, 2021",Men's Athletic Footwear,Southeast,Amazon,Online,Kentucky,45,"1,575",35
"August 22, 2021",Men's Athletic Footwear,Southeast,Amazon,Online,Kentucky,45,"1,575",35
"November 22, 2021",Men's Athletic Footwear,Southeast,Amazon,Online,Kentucky,39,28,7
"August 22, 2021",Men's Athletic Footwear,Southeast,Amazon,Online,Kentucky,41,37,9
"April 22, 2021",Men's Athletic Footwear,Southeast,Amazon,Online,Kentucky,41,20,5
"June 22, 2021",Men's Athletic Footwear,Southeast,Amazon,Online,Kentucky,33,25,8
"March 21, 2021",Men's Athletic Footwear,Southeast,Amazon,Online,Kentucky,41,24,6
"September 23, 2021",Men's Athletic Footwear,Southeast,Amazon,Online,Kentucky,44,41,9
"July 21, 2021",Men's Athletic Footwear,Southeast,Amazon,Online,Kentucky,44,42,10
"October 22, 2021",Men's Athletic Footwear,Southeast,Amazon,Online,Kentucky,41,34,8
"May 23, 2021",Men's Athletic Footwear,Southeast,Amazon,Online,Kentucky,42,29,7
"February 11, 2021",Men's Athletic Footwear,Southeast,Amazon,Online,North Carolina,35,"1,663",48
"January 13, 2021",Men's Athletic Footwear,Southeast,Amazon,Online,North Carolina,35,"2,013",58
"February 11, 2021",Men's Athletic Footwear,Southeast,Amazon,Online,North Carolina,33,47,14
"January 13, 2021",Men's Athletic Footwear,Southeast,Amazon,Online,North Carolina,33,50,15
"June 22, 2021",Men's Street Footwear,Southeast,Amazon,Online,Kentucky,40,"2,100",53
"April 22, 2021",Men's Street Footwear,Southeast,Amazon,Online,Kentucky,45,"2,138",48
"March 21, 2021",Men's Street Footwear,Southeast,Amazon,Online,Kentucky,45,"2,340",52
"November 22, 2021",Men's Street Footwear,Southeast,Amazon,Online,Kentucky,50,"2,125",43
"May 23, 2021",Men's Street Footwear,Southeast,Amazon,Online,Kentucky,50,"2,600",52
"September 23, 2021",Men's Street Footwear,Southeast,Amazon,Online,Kentucky,50,"2,625",53
"August 22, 2021",Men's Street Footwear,Southeast,Amazon,Online,Kentucky,50,"2,875",58
"July 21, 2021",Men's Street Footwear,Southeast,Amazon,Online,Kentucky,50,"3,000",60
"October 22, 2021",Men's Street Footwear,Southeast,Amazon,Online,Kentucky,55,"2,475",45
"June 22, 2021",Men's Street Footwear,Southeast,Amazon,Online,Kentucky,36,51,14
"March 21, 2021",Men's Street Footwear,Southeast,Amazon,Online,Kentucky,41,64,16
"May 23, 2021",Men's Street Footwear,Southeast,Amazon,Online,Kentucky,49,76,16
"November 22, 2021",Men's Street Footwear,Southeast,Amazon,Online,Kentucky,48,59,12
"September 23, 2021",Men's Street Footwear,Southeast,Amazon,Online,Kentucky,48,66,14
"August 22, 2021",Men's Street Footwear,Southeast,Amazon,Online,Kentucky,46,77,17
"April 22, 2021",Men's Street Footwear,Southeast,Amazon,Online,Kentucky,41,49,12
"July 21, 2021",Men's Street Footwear,Southeast,Amazon,Online,Kentucky,47,79,17
"October 22, 2021",Men's Street Footwear,Southeast,Amazon,Online,Kentucky,53,67,13
"January 13, 2021",Men's Street Footwear,Southeast,Amazon,Online,North Carolina,35,"2,713",78
"February 11, 2021",Men's Street Footwear,Southeast,Amazon,Online,North Carolina,35,"2,888",83
"February 11, 2021",Men's Street Footwear,Southeast,Amazon,Online,North Carolina,32,74,23
"January 13, 2021",Men's Street Footwear,Southeast,Amazon,Online,North Carolina,32,62,19
"April 22, 2021",Women's Apparel,Southeast,Amazon,Online,Kentucky,40,"1,000",25
"February 22, 2021",Women's Apparel,Southeast,Amazon,Online,Kentucky,40,"1,200",30
"March 21, 2021",Women's Apparel,Southeast,Amazon,Online,Kentucky,45,"1,125",25
"September 23, 2021",Women's Apparel,Southeast,Amazon,Online,Kentucky,50,"1,375",28
"October 22, 2021",Women's Apparel,Southeast,Amazon,Online,Kentucky,55,"1,513",28
"May 23, 2021",Women's Apparel,Southeast,Amazon,Online,Kentucky,55,"1,513",28
"June 22, 2021",Women's Apparel,Southeast,Amazon,Online,Kentucky,55,"2,063",38
"August 22, 2021",Women's Apparel,Southeast,Amazon,Online,Kentucky,55,"2,200",40
"July 21, 2021",Women's Apparel,Southeast,Amazon,Online,Kentucky,55,"2,338",43
"April 22, 2021",Women's Apparel,Southeast,Amazon,Online,Kentucky,36,27,8
"October 22, 2021",Women's Apparel,Southeast,Amazon,Online,Kentucky,53,44,8
"February 22, 2021",Women's Apparel,Southeast,Amazon,Online,Kentucky,39,30,8
"March 21, 2021",Women's Apparel,Southeast,Amazon,Online,Kentucky,42,27,7
"May 23, 2021",Women's Apparel,Southeast,Amazon,Online,Kentucky,51,42,8
"September 23, 2021",Women's Apparel,Southeast,Amazon,Online,Kentucky,49,36,7
"June 22, 2021",Women's Apparel,Southeast,Amazon,Online,Kentucky,52,53,10
"July 21, 2021",Women's Apparel,Southeast,Amazon,Online,Kentucky,50,58,12
"August 22, 2021",Women's Apparel,Southeast,Amazon,Online,Kentucky,51,61,12
"January 13, 2021",Women's Apparel,Southeast,Amazon,Online,North Carolina,35,"2,013",58
"December 2, 2021",Women's Apparel,Southeast,Amazon,Online,North Carolina,75,"5,813",78
"January 13, 2021",Women's Apparel,Southeast,Amazon,Online,North Carolina,32,55,17
"December 2, 2021",Women's Apparel,Southeast,Amazon,Online,North Carolina,69,155,23
"June 22, 2021",Women's Athletic Footwear,Southeast,Amazon,Online,Kentucky,30,600,20
"February 22, 2021",Women's Athletic Footwear,Southeast,Amazon,Online,Kentucky,35,438,13
"September 23, 2021",Women's Athletic Footwear,Southeast,Amazon,Online,Kentucky,35,700,20
"March 21, 2021",Women's Athletic Footwear,Southeast,Amazon,Online,Kentucky,40,400,10
"May 23, 2021",Women's Athletic Footwear,Southeast,Amazon,Online,Kentucky,40,500,13
"July 21, 2021",Women's Athletic Footwear,Southeast,Amazon,Online,Kentucky,40,900,23
"August 22, 2021",Women's Athletic Footwear,Southeast,Amazon,Online,Kentucky,40,"1,000",25
"April 22, 2021",Women's Athletic Footwear,Southeast,Amazon,Online,Kentucky,45,450,10
"October 22, 2021",Women's Athletic Footwear,Southeast,Amazon,Online,Kentucky,45,675,15
"August 22, 2021",Women's Athletic Footwear,Southeast,Amazon,Online,Kentucky,38,29,8
"April 22, 2021",Women's Athletic Footwear,Southeast,Amazon,Online,Kentucky,42,12,3
"September 23, 2021",Women's Athletic Footwear,Southeast,Amazon,Online,Kentucky,32,17,5
"March 21, 2021",Women's Athletic Footwear,Southeast,Amazon,Online,Kentucky,36,10,3
"October 22, 2021",Women's Athletic Footwear,Southeast,Amazon,Online,Kentucky,41,17,4
"February 22, 2021",Women's Athletic Footwear,Southeast,Amazon,Online,Kentucky,34,12,3
"July 21, 2021",Women's Athletic Footwear,Southeast,Amazon,Online,Kentucky,37,23,6
"May 23, 2021",Women's Athletic Footwear,Southeast,Amazon,Online,Kentucky,38,14,4
"June 22, 2021",Women's Athletic Footwear,Southeast,Amazon,Online,Kentucky,29,15,5
"January 13, 2021",Women's Athletic Footwear,Southeast,Amazon,Online,North Carolina,30,"1,275",43
"December 2, 2021",Women's Athletic Footwear,Southeast,Amazon,Online,North Carolina,60,"4,050",68
"January 13, 2021",Women's Athletic Footwear,Southeast,Amazon,Online,North Carolina,29,36,12
"December 2, 2021",Women's Athletic Footwear,Southeast,Amazon,Online,North Carolina,55,108,20
"June 22, 2021",Women's Street Footwear,Southeast,Amazon,Online,Kentucky,30,675,23
"September 23, 2021",Women's Street Footwear,Southeast,Amazon,Online,Kentucky,35,788,23
"March 21, 2021",Women's Street Footwear,Southeast,Amazon,Online,Kentucky,35,875,25
"April 22, 2021",Women's Street Footwear,Southeast,Amazon,Online,Kentucky,40,700,18
"May 23, 2021",Women's Street Footwear,Southeast,Amazon,Online,Kentucky,40,800,20
"July 21, 2021",Women's Street Footwear,Southeast,Amazon,Online,Kentucky,40,"1,100",28
"August 22, 2021",Women's Street Footwear,Southeast,Amazon,Online,Kentucky,40,"1,100",28
"October 22, 2021",Women's Street Footwear,Southeast,Amazon,Online,Kentucky,45,788,18
"November 22, 2021",Women's Street Footwear,Southeast,Amazon,Online,Kentucky,45,990,22
"March 21, 2021",Women's Street Footwear,Southeast,Amazon,Online,Kentucky,34,25,7
"November 22, 2021",Women's Street Footwear,Southeast,Amazon,Online,Kentucky,41,23,6
"May 23, 2021",Women's Street Footwear,Southeast,Amazon,Online,Kentucky,38,22,6
"July 21, 2021",Women's Street Footwear,Southeast,Amazon,Online,Kentucky,38,26,7
"September 23, 2021",Women's Street Footwear,Southeast,Amazon,Online,Kentucky,33,21,7
"August 22, 2021",Women's Street Footwear,Southeast,Amazon,Online,Kentucky,36,29,8
"October 22, 2021",Women's Street Footwear,Southeast,Amazon,Online,Kentucky,43,20,5
"June 22, 2021",Women's Street Footwear,Southeast,Amazon,Online,Kentucky,28,16,6
"April 22, 2021",Women's Street Footwear,Southeast,Amazon,Online,Kentucky,38,19,5
"February 11, 2021",Women's Street Footwear,Southeast,Amazon,Online,North Carolina,25,"1,313",53
"January 13, 2021",Women's Street Footwear,Southeast,Amazon,Online,North Carolina,25,"1,438",58
"December 2, 2021",Women's Street Footwear,Southeast,Amazon,Online,North Carolina,60,"4,350",73
"February 11, 2021",Women's Street Footwear,Southeast,Amazon,Online,North Carolina,23,36,16
"December 2, 2021",Women's Street Footwear,Southeast,Amazon,Online,North Carolina,55,120,22
"January 13, 2021",Women's Street Footwear,Southeast,Amazon,Online,North Carolina,24,40,17
"September 21, 2020",Men's Apparel,Southeast,Foot Locker,Online,Florida,52,117,23
"August 22, 2020",Men's Apparel,Southeast,Foot Locker,Online,Florida,53,96,18
"August 16, 2020",Men's Apparel,Southeast,Foot Locker,Online,Florida,53,116,22
"May 24, 2020",Men's Apparel,Southeast,Foot Locker,Online,Florida,60,121,20
"August 10, 2020",Men's Apparel,Southeast,Foot Locker,Online,Florida,50,98,20
"January 9, 2021",Men's Apparel,Southeast,Foot Locker,Online,Georgia,50,"3,625",73
"January 9, 2021",Men's Apparel,Southeast,Foot Locker,Online,Georgia,47,89,19
"January 20, 2021",Men's Apparel,Southeast,Foot Locker,Online,Kentucky,40,"1,700",43
"December 21, 2021",Men's Apparel,Southeast,Foot Locker,Online,Kentucky,60,"1,350",23
"November 22, 2021",Men's Apparel,Southeast,Foot Locker,Online,Kentucky,65,"1,138",18
"December 21, 2021",Men's Apparel,Southeast,Foot Locker,Online,Kentucky,54,37,7
"January 20, 2021",Men's Apparel,Southeast,Foot Locker,Online,Kentucky,38,44,12
"November 22, 2021",Men's Apparel,Southeast,Foot Locker,Online,Kentucky,59,31,5
"March 5, 2021",Men's Apparel,Southeast,Foot Locker,Online,South Carolina,45,"2,813",63
"April 6, 2021",Men's Apparel,Southeast,Foot Locker,Online,South Carolina,50,"3,125",63
"February 7, 2021",Men's Apparel,Southeast,Foot Locker,Online,South Carolina,50,"3,500",70
"September 5, 2021",Men's Apparel,Southeast,Foot Locker,Online,South Carolina,50,"3,500",70
"May 5, 2021",Men's Apparel,Southeast,Foot Locker,Online,South Carolina,55,"3,850",70
"October 7, 2021",Men's Apparel,Southeast,Foot Locker,Online,South Carolina,55,"3,575",65
"August 6, 2021",Men's Apparel,Southeast,Foot Locker,Online,South Carolina,55,"4,125",75
"June 7, 2021",Men's Apparel,Southeast,Foot Locker,Online,South Carolina,65,"4,875",75
"July 5, 2021",Men's Apparel,Southeast,Foot Locker,Online,South Carolina,65,"5,200",80
"November 6, 2021",Men's Apparel,Southeast,Foot Locker,Online,South Carolina,70,"5,075",73
"June 7, 2021",Men's Apparel,Southeast,Foot Locker,Online,South Carolina,62,121,20
"July 5, 2021",Men's Apparel,Southeast,Foot Locker,Online,South Carolina,64,154,24
"September 5, 2021",Men's Apparel,Southeast,Foot Locker,Online,South Carolina,48,84,18
"August 6, 2021",Men's Apparel,Southeast,Foot Locker,Online,South Carolina,51,115,23
"February 7, 2021",Men's Apparel,Southeast,Foot Locker,Online,South Carolina,49,93,19
"November 6, 2021",Men's Apparel,Southeast,Foot Locker,Online,South Carolina,66,129,20
"March 5, 2021",Men's Apparel,Southeast,Foot Locker,Online,South Carolina,41,74,18
"October 7, 2021",Men's Apparel,Southeast,Foot Locker,Online,South Carolina,52,98,19
"April 6, 2021",Men's Apparel,Southeast,Foot Locker,Online,South Carolina,47,88,19
"May 5, 2021",Men's Apparel,Southeast,Foot Locker,Online,South Carolina,53,104,20
"October 18, 2020",Men's Athletic Footwear,Southeast,Foot Locker,Online,Florida,33,21,7
"September 24, 2020",Men's Athletic Footwear,Southeast,Foot Locker,Online,Florida,46,117,26
"August 19, 2020",Men's Athletic Footwear,Southeast,Foot Locker,Online,Florida,42,95,23
"August 13, 2020",Men's Athletic Footwear,Southeast,Foot Locker,Online,Florida,43,84,20
"April 24, 2020",Men's Athletic Footwear,Southeast,Foot Locker,Online,Florida,41,86,21
"February 7, 2021",Men's Athletic Footwear,Southeast,Foot Locker,Online,Georgia,40,"2,900",73
"January 9, 2021",Men's Athletic Footwear,Southeast,Foot Locker,Online,Georgia,40,"3,300",83
"January 9, 2021",Men's Athletic Footwear,Southeast,Foot Locker,Online,Georgia,37,76,21
"February 7, 2021",Men's Athletic Footwear,Southeast,Foot Locker,Online,Georgia,39,85,22
"February 18, 2021",Men's Athletic Footwear,Southeast,Foot Locker,Online,Kentucky,30,"1,275",43
"January 20, 2021",Men's Athletic Footwear,Southeast,Foot Locker,Online,Kentucky,30,"1,575",53
"December 21, 2021",Men's Athletic Footwear,Southeast,Foot Locker,Online,Kentucky,55,"1,788",33
"January 20, 2021",Men's Athletic Footwear,Southeast,Foot Locker,Online,Kentucky,29,41,14
"February 18, 2021",Men's Athletic Footwear,Southeast,Foot Locker,Online,Kentucky,27,29,11
"December 21, 2021",Men's Athletic Footwear,Southeast,Foot Locker,Online,Kentucky,52,51,10
"April 6, 2021",Men's Athletic Footwear,Southeast,Foot Locker,Online,South Carolina,35,"2,363",68
"March 5, 2021",Men's Athletic Footwear,Southeast,Foot Locker,Online,South Carolina,35,"2,450",70
"November 6, 2021",Men's Athletic Footwear,Southeast,Foot Locker,Online,South Carolina,45,"3,375",75
"October 7, 2021",Men's Athletic Footwear,Southeast,Foot Locker,Online,South Carolina,45,"3,600",80
"May 5, 2021",Men's Athletic Footwear,Southeast,Foot Locker,Online,South Carolina,50,"3,750",75
"June 7, 2021",Men's Athletic Footwear,Southeast,Foot Locker,Online,South Carolina,50,"4,000",80
"September 5, 2021",Men's Athletic Footwear,Southeast,Foot Locker,Online,South Carolina,50,"4,125",83
"December 5, 2021",Men's Athletic Footwear,Southeast,Foot Locker,Online,South Carolina,60,"5,250",88
"July 5, 2021",Men's Athletic Footwear,Southeast,Foot Locker,Online,South Carolina,60,"5,400",90
"August 6, 2021",Men's Athletic Footwear,Southeast,Foot Locker,Online,South Carolina,60,"5,400",90
"November 6, 2021",Men's Athletic Footwear,Southeast,Foot Locker,Online,South Carolina,44,83,19
"May 5, 2021",Men's Athletic Footwear,Southeast,Foot Locker,Online,South Carolina,45,85,19
"June 7, 2021",Men's Athletic Footwear,Southeast,Foot Locker,Online,South Carolina,49,98,20
"December 5, 2021",Men's Athletic Footwear,Southeast,Foot Locker,Online,South Carolina,58,127,22
"April 6, 2021",Men's Athletic Footwear,Southeast,Foot Locker,Online,South Carolina,34,62,18
"September 5, 2021",Men's Athletic Footwear,Southeast,Foot Locker,Online,South Carolina,48,107,22
"March 5, 2021",Men's Athletic Footwear,Southeast,Foot Locker,Online,South Carolina,32,67,21
"August 6, 2021",Men's Athletic Footwear,Southeast,Foot Locker,Online,South Carolina,54,131,24
"July 5, 2021",Men's Athletic Footwear,Southeast,Foot Locker,Online,South Carolina,58,157,27
"October 7, 2021",Men's Athletic Footwear,Southeast,Foot Locker,Online,South Carolina,42,87,21
"October 17, 2020",Men's Street Footwear,Southeast,Foot Locker,Online,Florida,33,43,13
"September 23, 2020",Men's Street Footwear,Southeast,Foot Locker,Online,Florida,53,151,28
"August 12, 2020",Men's Street Footwear,Southeast,Foot Locker,Online,Florida,43,137,32
"April 24, 2020",Men's Street Footwear,Southeast,Foot Locker,Online,Florida,42,108,26
"August 18, 2020",Men's Street Footwear,Southeast,Foot Locker,Online,Florida,41,110,27
"January 9, 2021",Men's Street Footwear,Southeast,Foot Locker,Online,Georgia,40,"4,100",103
"February 7, 2021",Men's Street Footwear,Southeast,Foot Locker,Online,Georgia,40,"4,300",108
"January 9, 2021",Men's Street Footwear,Southeast,Foot Locker,Online,Georgia,39,100,26
"February 7, 2021",Men's Street Footwear,Southeast,Foot Locker,Online,Georgia,38,119,31
"January 20, 2021",Men's Street Footwear,Southeast,Foot Locker,Online,Kentucky,30,"2,175",73
"February 18, 2021",Men's Street Footwear,Southeast,Foot Locker,Online,Kentucky,30,"2,325",78
"December 21, 2021",Men's Street Footwear,Southeast,Foot Locker,Online,Kentucky,65,"3,413",53
"February 18, 2021",Men's Street Footwear,Southeast,Foot Locker,Online,Kentucky,28,63,23
"January 20, 2021",Men's Street Footwear,Southeast,Foot Locker,Online,Kentucky,29,55,19
"December 21, 2021",Men's Street Footwear,Southeast,Foot Locker,Online,Kentucky,59,93,16
"April 6, 2021",Men's Street Footwear,Southeast,Foot Locker,Online,South Carolina,35,"3,413",98
"March 5, 2021",Men's Street Footwear,Southeast,Foot Locker,Online,South Carolina,35,"3,570",102
"May 5, 2021",Men's Street Footwear,Southeast,Foot Locker,Online,South Carolina,50,"5,225",105
"June 7, 2021",Men's Street Footwear,Southeast,Foot Locker,Online,South Carolina,55,"5,775",105
"November 6, 2021",Men's Street Footwear,Southeast,Foot Locker,Online,South Carolina,55,"5,088",93
"October 7, 2021",Men's Street Footwear,Southeast,Foot Locker,Online,South Carolina,55,"5,363",98
"September 5, 2021",Men's Street Footwear,Southeast,Foot Locker,Online,South Carolina,55,"5,638",103
"August 6, 2021",Men's Street Footwear,Southeast,Foot Locker,Online,South Carolina,65,"7,313",113
"July 5, 2021",Men's Street Footwear,Southeast,Foot Locker,Online,South Carolina,65,"7,475",115
"December 5, 2021",Men's Street Footwear,Southeast,Foot Locker,Online,South Carolina,70,"7,525",108
"May 5, 2021",Men's Street Footwear,Southeast,Foot Locker,Online,South Carolina,48,135,28
"June 7, 2021",Men's Street Footwear,Southeast,Foot Locker,Online,South Carolina,51,139,27
"April 6, 2021",Men's Street Footwear,Southeast,Foot Locker,Online,South Carolina,33,93,28
"November 6, 2021",Men's Street Footwear,Southeast,Foot Locker,Online,South Carolina,50,139,28
"August 6, 2021",Men's Street Footwear,Southeast,Foot Locker,Online,South Carolina,62,202,33
"March 5, 2021",Men's Street Footwear,Southeast,Foot Locker,Online,South Carolina,33,87,27
"September 5, 2021",Men's Street Footwear,Southeast,Foot Locker,Online,South Carolina,51,146,29
"July 5, 2021",Men's Street Footwear,Southeast,Foot Locker,Online,South Carolina,63,196,31
"October 7, 2021",Men's Street Footwear,Southeast,Foot Locker,Online,South Carolina,50,122,24
"December 5, 2021",Men's Street Footwear,Southeast,Foot Locker,Online,South Carolina,67,194,29
"September 22, 2020",Women's Apparel,Southeast,Foot Locker,Online,Florida,56,156,28
"August 11, 2020",Women's Apparel,Southeast,Foot Locker,Online,Florida,41,101,25
"May 24, 2020",Women's Apparel,Southeast,Foot Locker,Online,Florida,64,140,22
"August 23, 2020",Women's Apparel,Southeast,Foot Locker,Online,Florida,42,95,23
"August 17, 2020",Women's Apparel,Southeast,Foot Locker,Online,Florida,41,91,22
"January 9, 2021",Women's Apparel,Southeast,Foot Locker,Online,Georgia,40,"3,300",83
"January 9, 2021",Women's Apparel,Southeast,Foot Locker,Online,Georgia,37,88,24
"December 21, 2021",Women's Apparel,Southeast,Foot Locker,Online,Kentucky,65,"2,113",33
"November 22, 2021",Women's Apparel,Southeast,Foot Locker,Online,Kentucky,70,"1,925",28
"January 20, 2021",Women's Apparel,Southeast,Foot Locker,Online,Kentucky,30,"1,575",53
"December 21, 2021",Women's Apparel,Southeast,Foot Locker,Online,Kentucky,64,63,10
"November 22, 2021",Women's Apparel,Southeast,Foot Locker,Online,Kentucky,66,53,8
"January 20, 2021",Women's Apparel,Southeast,Foot Locker,Online,Kentucky,29,46,16
"March 5, 2021",Women's Apparel,Southeast,Foot Locker,Online,South Carolina,35,"2,538",73
"February 7, 2021",Women's Apparel,Southeast,Foot Locker,Online,South Carolina,35,"2,800",80
"April 6, 2021",Women's Apparel,Southeast,Foot Locker,Online,South Carolina,40,"3,100",78
"September 5, 2021",Women's Apparel,Southeast,Foot Locker,Online,South Carolina,55,"4,400",80
"October 7, 2021",Women's Apparel,Southeast,Foot Locker,Online,South Carolina,60,"4,650",78
"May 5, 2021",Women's Apparel,Southeast,Foot Locker,Online,South Carolina,60,"4,800",80
"August 6, 2021",Women's Apparel,Southeast,Foot Locker,Online,South Carolina,60,"5,550",93
"June 7, 2021",Women's Apparel,Southeast,Foot Locker,Online,South Carolina,70,"6,475",93
"July 5, 2021",Women's Apparel,Southeast,Foot Locker,Online,South Carolina,70,"6,825",98
"November 6, 2021",Women's Apparel,Southeast,Foot Locker,Online,South Carolina,75,"6,188",83
"September 5, 2021",Women's Apparel,Southeast,Foot Locker,Online,South Carolina,52,121,23
"May 5, 2021",Women's Apparel,Southeast,Foot Locker,Online,South Carolina,59,118,20
"August 6, 2021",Women's Apparel,Southeast,Foot Locker,Online,South Carolina,58,161,28
"March 5, 2021",Women's Apparel,Southeast,Foot Locker,Online,South Carolina,32,60,19
"April 6, 2021",Women's Apparel,Southeast,Foot Locker,Online,South Carolina,39,82,21
"November 6, 2021",Women's Apparel,Southeast,Foot Locker,Online,South Carolina,74,152,21
"June 7, 2021",Women's Apparel,Southeast,Foot Locker,Online,South Carolina,65,163,25
"February 7, 2021",Women's Apparel,Southeast,Foot Locker,Online,South Carolina,34,73,22
"October 7, 2021",Women's Apparel,Southeast,Foot Locker,Online,South Carolina,56,126,23
"July 5, 2021",Women's Apparel,Southeast,Foot Locker,Online,South Carolina,66,161,24
"August 21, 2020",Women's Athletic Footwear,Southeast,Foot Locker,Online,Florida,36,63,18
"September 20, 2020",Women's Athletic Footwear,Southeast,Foot Locker,Online,Florida,44,103,23
"October 20, 2020",Women's Athletic Footwear,Southeast,Foot Locker,Online,Florida,29,8,3
"January 9, 2021",Women's Athletic Footwear,Southeast,Foot Locker,Online,Georgia,35,"2,363",68
"January 9, 2021",Women's Athletic Footwear,Southeast,Foot Locker,Online,Georgia,34,69,20
"January 20, 2021",Women's Athletic Footwear,Southeast,Foot Locker,Online,Kentucky,25,938,38
"December 21, 2021",Women's Athletic Footwear,Southeast,Foot Locker,Online,Kentucky,50,"1,125",23
"November 22, 2021",Women's Athletic Footwear,Southeast,Foot Locker,Online,Kentucky,55,"1,100",20
"November 22, 2021",Women's Athletic Footwear,Southeast,Foot Locker,Online,Kentucky,52,27,5
"January 20, 2021",Women's Athletic Footwear,Southeast,Foot Locker,Online,Kentucky,23,23,10
"December 21, 2021",Women's Athletic Footwear,Southeast,Foot Locker,Online,Kentucky,49,33,7
"March 5, 2021",Women's Athletic Footwear,Southeast,Foot Locker,Online,South Carolina,30,"1,725",58
"April 6, 2021",Women's Athletic Footwear,Southeast,Foot Locker,Online,South Carolina,30,"1,800",60
"February 7, 2021",Women's Athletic Footwear,Southeast,Foot Locker,Online,South Carolina,35,"2,188",63
"September 5, 2021",Women's Athletic Footwear,Southeast,Foot Locker,Online,South Carolina,40,"2,800",70
"May 5, 2021",Women's Athletic Footwear,Southeast,Foot Locker,Online,South Carolina,45,"3,038",68
"August 6, 2021",Women's Athletic Footwear,Southeast,Foot Locker,Online,South Carolina,45,"3,488",78
"October 7, 2021",Women's Athletic Footwear,Southeast,Foot Locker,Online,South Carolina,45,"2,925",65
"June 7, 2021",Women's Athletic Footwear,Southeast,Foot Locker,Online,South Carolina,50,"3,750",75
"July 5, 2021",Women's Athletic Footwear,Southeast,Foot Locker,Online,South Carolina,55,"4,263",78
"November 6, 2021",Women's Athletic Footwear,Southeast,Foot Locker,Online,South Carolina,55,"4,125",75
"September 5, 2021",Women's Athletic Footwear,Southeast,Foot Locker,Online,South Carolina,39,82,21
"October 7, 2021",Women's Athletic Footwear,Southeast,Foot Locker,Online,South Carolina,41,72,18
"August 6, 2021",Women's Athletic Footwear,Southeast,Foot Locker,Online,South Carolina,44,103,23
"March 5, 2021",Women's Athletic Footwear,Southeast,Foot Locker,Online,South Carolina,27,39,14
"May 5, 2021",Women's Athletic Footwear,Southeast,Foot Locker,Online,South Carolina,43,78,18
"July 5, 2021",Women's Athletic Footwear,Southeast,Foot Locker,Online,South Carolina,52,105,20
"November 6, 2021",Women's Athletic Footwear,Southeast,Foot Locker,Online,South Carolina,53,119,23
"April 6, 2021",Women's Athletic Footwear,Southeast,Foot Locker,Online,South Carolina,27,49,18
"February 7, 2021",Women's Athletic Footwear,Southeast,Foot Locker,Online,South Carolina,33,56,17
"June 7, 2021",Women's Athletic Footwear,Southeast,Foot Locker,Online,South Carolina,47,102,22
"August 20, 2020",Women's Street Footwear,Southeast,Foot Locker,Online,Florida,32,69,22
"August 14, 2020",Women's Street Footwear,Southeast,Foot Locker,Online,Florida,32,77,24
"October 19, 2020",Women's Street Footwear,Southeast,Foot Locker,Online,Florida,24,15,6
"February 7, 2021",Women's Street Footwear,Southeast,Foot Locker,Online,Georgia,30,"2,325",78
"January 9, 2021",Women's Street Footwear,Southeast,Foot Locker,Online,Georgia,30,"2,475",83
"February 7, 2021",Women's Street Footwear,Southeast,Foot Locker,Online,Georgia,29,63,22
"January 9, 2021",Women's Street Footwear,Southeast,Foot Locker,Online,Georgia,29,72,25
"February 18, 2021",Women's Street Footwear,Southeast,Foot Locker,Online,Kentucky,20,950,48
"January 20, 2021",Women's Street Footwear,Southeast,Foot Locker,Online,Kentucky,20,"1,050",53
"December 21, 2021",Women's Street Footwear,Southeast,Foot Locker,Online,Kentucky,55,"1,513",28
"February 18, 2021",Women's Street Footwear,Southeast,Foot Locker,Online,Kentucky,18,22,12
"January 20, 2021",Women's Street Footwear,Southeast,Foot Locker,Online,Kentucky,18,28,16
"December 21, 2021",Women's Street Footwear,Southeast,Foot Locker,Online,Kentucky,51,38,7
"April 6, 2021",Women's Street Footwear,Southeast,Foot Locker,Online,South Carolina,25,"1,688",68
"March 5, 2021",Women's Street Footwear,Southeast,Foot Locker,Online,South Carolina,25,"1,813",73
"September 5, 2021",Women's Street Footwear,Southeast,Foot Locker,Online,South Carolina,40,"2,900",73
"May 5, 2021",Women's Street Footwear,Southeast,Foot Locker,Online,South Carolina,45,"3,263",73
"October 7, 2021",Women's Street Footwear,Southeast,Foot Locker,Online,South Carolina,45,"3,038",68
"November 6, 2021",Women's Street Footwear,Southeast,Foot Locker,Online,South Carolina,45,"3,128",70
"June 7, 2021",Women's Street Footwear,Southeast,Foot Locker,Online,South Carolina,50,"3,875",78
"July 5, 2021",Women's Street Footwear,Southeast,Foot Locker,Online,South Carolina,55,"4,538",83
"August 6, 2021",Women's Street Footwear,Southeast,Foot Locker,Online,South Carolina,55,"4,538",83
"November 6, 2021",Women's Street Footwear,Southeast,Foot Locker,Online,South Carolina,43,87,20
"June 7, 2021",Women's Street Footwear,Southeast,Foot Locker,Online,South Carolina,47,98,21
"July 5, 2021",Women's Street Footwear,Southeast,Foot Locker,Online,South Carolina,51,126,25
"May 5, 2021",Women's Street Footwear,Southeast,Foot Locker,Online,South Carolina,41,86,21
"March 5, 2021",Women's Street Footwear,Southeast,Foot Locker,Online,South Carolina,24,43,18
"April 6, 2021",Women's Street Footwear,Southeast,Foot Locker,Online,South Carolina,24,44,18
"September 5, 2021",Women's Street Footwear,Southeast,Foot Locker,Online,South Carolina,38,74,20
"October 7, 2021",Women's Street Footwear,Southeast,Foot Locker,Online,South Carolina,41,72,18
"August 6, 2021",Women's Street Footwear,Southeast,Foot Locker,Online,South Carolina,50,116,23
"September 27, 2020",Men's Apparel,Southeast,Sports Direct,Online,Florida,50,105,21
"October 3, 2020",Men's Apparel,Southeast,Sports Direct,Online,Florida,57,108,19
"October 9, 2020",Men's Apparel,Southeast,Sports Direct,Online,Florida,64,125,20
"September 2, 2021",Men's Apparel,Southeast,Sports Direct,Online,North Carolina,40,"2,400",60
"March 2, 2021",Men's Apparel,Southeast,Sports Direct,Online,North Carolina,40,"2,100",53
"April 3, 2021",Men's Apparel,Southeast,Sports Direct,Online,North Carolina,45,"2,363",53
"February 4, 2021",Men's Apparel,Southeast,Sports Direct,Online,North Carolina,45,"2,700",60
"October 4, 2021",Men's Apparel,Southeast,Sports Direct,Online,North Carolina,45,"2,475",55
"May 2, 2021",Men's Apparel,Southeast,Sports Direct,Online,North Carolina,50,"3,000",60
"August 3, 2021",Men's Apparel,Southeast,Sports Direct,Online,North Carolina,55,"3,575",65
"June 4, 2021",Men's Apparel,Southeast,Sports Direct,Online,North Carolina,65,"4,225",65
"July 2, 2021",Men's Apparel,Southeast,Sports Direct,Online,North Carolina,65,"4,550",70
"November 3, 2021",Men's Apparel,Southeast,Sports Direct,Online,North Carolina,75,"4,688",63
"March 2, 2021",Men's Apparel,Southeast,Sports Direct,Online,North Carolina,37,58,16
"September 2, 2021",Men's Apparel,Southeast,Sports Direct,Online,North Carolina,38,59,16
"October 4, 2021",Men's Apparel,Southeast,Sports Direct,Online,North Carolina,42,63,15
"August 3, 2021",Men's Apparel,Southeast,Sports Direct,Online,North Carolina,53,93,18
"May 2, 2021",Men's Apparel,Southeast,Sports Direct,Online,North Carolina,46,69,15
"July 2, 2021",Men's Apparel,Southeast,Sports Direct,Online,North Carolina,59,107,18
"June 4, 2021",Men's Apparel,Southeast,Sports Direct,Online,North Carolina,61,99,16
"November 3, 2021",Men's Apparel,Southeast,Sports Direct,Online,North Carolina,72,117,16
"April 3, 2021",Men's Apparel,Southeast,Sports Direct,Online,North Carolina,42,55,13
"February 4, 2021",Men's Apparel,Southeast,Sports Direct,Online,North Carolina,44,79,18
"January 6, 2021",Men's Apparel,Southeast,Sports Direct,Online,South Carolina,45,"2,813",63
"December 5, 2021",Men's Apparel,Southeast,Sports Direct,Online,South Carolina,70,"5,425",78
"December 5, 2021",Men's Apparel,Southeast,Sports Direct,Online,South Carolina,66,149,23
"January 6, 2021",Men's Apparel,Southeast,Sports Direct,Online,South Carolina,42,66,16
"January 19, 2021",Men's Apparel,Southeast,Sports Direct,Online,Virginia,43,52,12
"September 30, 2020",Men's Athletic Footwear,Southeast,Sports Direct,Online,Florida,47,101,22
"May 24, 2020",Men's Athletic Footwear,Southeast,Sports Direct,Online,Florida,51,130,25
"October 6, 2020",Men's Athletic Footwear,Southeast,Sports Direct,Online,Florida,49,110,22
"April 3, 2021",Men's Athletic Footwear,Southeast,Sports Direct,Online,North Carolina,30,"1,725",58
"March 2, 2021",Men's Athletic Footwear,Southeast,Sports Direct,Online,North Carolina,30,"1,800",60
"November 3, 2021",Men's Athletic Footwear,Southeast,Sports Direct,Online,North Carolina,35,"2,275",65
"October 4, 2021",Men's Athletic Footwear,Southeast,Sports Direct,Online,North Carolina,35,"2,450",70
"May 2, 2021",Men's Athletic Footwear,Southeast,Sports Direct,Online,North Carolina,45,"2,925",65
"June 4, 2021",Men's Athletic Footwear,Southeast,Sports Direct,Online,North Carolina,45,"3,150",70
"September 2, 2021",Men's Athletic Footwear,Southeast,Sports Direct,Online,North Carolina,50,"3,625",73
"December 2, 2021",Men's Athletic Footwear,Southeast,Sports Direct,Online,North Carolina,60,"4,650",78
"July 2, 2021",Men's Athletic Footwear,Southeast,Sports Direct,Online,North Carolina,60,"4,800",80
"August 3, 2021",Men's Athletic Footwear,Southeast,Sports Direct,Online,North Carolina,60,"4,800",80
"March 2, 2021",Men's Athletic Footwear,Southeast,Sports Direct,Online,North Carolina,29,44,15
"December 2, 2021",Men's Athletic Footwear,Southeast,Sports Direct,Online,North Carolina,55,111,20
"August 3, 2021",Men's Athletic Footwear,Southeast,Sports Direct,Online,North Carolina,58,116,20
"October 4, 2021",Men's Athletic Footwear,Southeast,Sports Direct,Online,North Carolina,33,65,20
"May 2, 2021",Men's Athletic Footwear,Southeast,Sports Direct,Online,North Carolina,42,76,18
"April 3, 2021",Men's Athletic Footwear,Southeast,Sports Direct,Online,North Carolina,28,43,16
"November 3, 2021",Men's Athletic Footwear,Southeast,Sports Direct,Online,North Carolina,32,62,20
"June 4, 2021",Men's Athletic Footwear,Southeast,Sports Direct,Online,North Carolina,42,76,18
"September 2, 2021",Men's Athletic Footwear,Southeast,Sports Direct,Online,North Carolina,49,89,18
"July 2, 2021",Men's Athletic Footwear,Southeast,Sports Direct,Online,North Carolina,58,130,22
"February 4, 2021",Men's Athletic Footwear,Southeast,Sports Direct,Online,South Carolina,35,"2,188",63
"January 6, 2021",Men's Athletic Footwear,Southeast,Sports Direct,Online,South Carolina,35,"2,538",73
"February 4, 2021",Men's Athletic Footwear,Southeast,Sports Direct,Online,South Carolina,34,64,19
"January 6, 2021",Men's Athletic Footwear,Southeast,Sports Direct,Online,South Carolina,34,62,18
"January 19, 2021",Men's Athletic Footwear,Southeast,Sports Direct,Online,Virginia,34,52,15
"February 17, 2021",Men's Athletic Footwear,Southeast,Sports Direct,Online,Virginia,33,39,12
"May 24, 2020",Men's Street Footwear,Southeast,Sports Direct,Online,Florida,63,203,32
"October 5, 2020",Men's Street Footwear,Southeast,Sports Direct,Online,Florida,56,137,24
"September 29, 2020",Men's Street Footwear,Southeast,Sports Direct,Online,Florida,56,151,27
"April 3, 2021",Men's Street Footwear,Southeast,Sports Direct,Online,North Carolina,30,"2,625",88
"March 2, 2021",Men's Street Footwear,Southeast,Sports Direct,Online,North Carolina,30,"2,760",92
"May 2, 2021",Men's Street Footwear,Southeast,Sports Direct,Online,North Carolina,45,"4,253",95
"November 3, 2021",Men's Street Footwear,Southeast,Sports Direct,Online,North Carolina,45,"3,713",83
"October 4, 2021",Men's Street Footwear,Southeast,Sports Direct,Online,North Carolina,45,"3,938",88
"June 4, 2021",Men's Street Footwear,Southeast,Sports Direct,Online,North Carolina,50,"4,750",95
"September 2, 2021",Men's Street Footwear,Southeast,Sports Direct,Online,North Carolina,55,"5,088",93
"August 3, 2021",Men's Street Footwear,Southeast,Sports Direct,Online,North Carolina,65,"6,663",103
"July 2, 2021",Men's Street Footwear,Southeast,Sports Direct,Online,North Carolina,65,"6,825",105
"December 2, 2021",Men's Street Footwear,Southeast,Sports Direct,Online,North Carolina,70,"6,825",98
"July 2, 2021",Men's Street Footwear,Southeast,Sports Direct,Online,North Carolina,60,176,29
"December 2, 2021",Men's Street Footwear,Southeast,Sports Direct,Online,North Carolina,64,156,24
"September 2, 2021",Men's Street Footwear,Southeast,Sports Direct,Online,North Carolina,53,133,25
"August 3, 2021",Men's Street Footwear,Southeast,Sports Direct,Online,North Carolina,61,188,31
"April 3, 2021",Men's Street Footwear,Southeast,Sports Direct,Online,North Carolina,27,71,26
"March 2, 2021",Men's Street Footwear,Southeast,Sports Direct,Online,North Carolina,28,77,28
"October 4, 2021",Men's Street Footwear,Southeast,Sports Direct,Online,North Carolina,42,103,25
"May 2, 2021",Men's Street Footwear,Southeast,Sports Direct,Online,North Carolina,41,101,25
"November 3, 2021",Men's Street Footwear,Southeast,Sports Direct,Online,North Carolina,44,95,22
"June 4, 2021",Men's Street Footwear,Southeast,Sports Direct,Online,North Carolina,46,109,24
"January 6, 2021",Men's Street Footwear,Southeast,Sports Direct,Online,South Carolina,35,"3,238",93
"February 4, 2021",Men's Street Footwear,Southeast,Sports Direct,Online,South Carolina,35,"3,413",98
"January 6, 2021",Men's Street Footwear,Southeast,Sports Direct,Online,South Carolina,33,76,23
"February 4, 2021",Men's Street Footwear,Southeast,Sports Direct,Online,South Carolina,34,89,26
"January 19, 2021",Men's Street Footwear,Southeast,Sports Direct,Online,Virginia,34,69,20
"February 17, 2021",Men's Street Footwear,Southeast,Sports Direct,Online,Virginia,34,68,20
"October 10, 2020",Women's Apparel,Southeast,Sports Direct,Online,Florida,64,136,21
"September 28, 2020",Women's Apparel,Southeast,Sports Direct,Online,Florida,55,123,22
"October 4, 2020",Women's Apparel,Southeast,Sports Direct,Online,Florida,59,132,22
"March 2, 2021",Women's Apparel,Southeast,Sports Direct,Online,North Carolina,30,"1,875",63
"February 4, 2021",Women's Apparel,Southeast,Sports Direct,Online,North Carolina,30,"2,100",70
"April 3, 2021",Women's Apparel,Southeast,Sports Direct,Online,North Carolina,35,"2,363",68
"September 2, 2021",Women's Apparel,Southeast,Sports Direct,Online,North Carolina,45,"3,150",70
"October 4, 2021",Women's Apparel,Southeast,Sports Direct,Online,North Carolina,50,"3,375",68
"May 2, 2021",Women's Apparel,Southeast,Sports Direct,Online,North Carolina,55,"3,850",70
"August 3, 2021",Women's Apparel,Southeast,Sports Direct,Online,North Carolina,60,"4,950",83
"June 4, 2021",Women's Apparel,Southeast,Sports Direct,Online,North Carolina,70,"5,775",83
"July 2, 2021",Women's Apparel,Southeast,Sports Direct,Online,North Carolina,70,"6,125",88
"November 3, 2021",Women's Apparel,Southeast,Sports Direct,Online,North Carolina,75,"5,438",73
"February 4, 2021",Women's Apparel,Southeast,Sports Direct,Online,North Carolina,29,59,20
"June 4, 2021",Women's Apparel,Southeast,Sports Direct,Online,North Carolina,67,155,23
"April 3, 2021",Women's Apparel,Southeast,Sports Direct,Online,North Carolina,32,60,19
"September 2, 2021",Women's Apparel,Southeast,Sports Direct,Online,North Carolina,41,83,20
"March 2, 2021",Women's Apparel,Southeast,Sports Direct,Online,North Carolina,27,46,17
"May 2, 2021",Women's Apparel,Southeast,Sports Direct,Online,North Carolina,51,104,20
"October 4, 2021",Women's Apparel,Southeast,Sports Direct,Online,North Carolina,48,84,18
"July 2, 2021",Women's Apparel,Southeast,Sports Direct,Online,North Carolina,64,168,26
"August 3, 2021",Women's Apparel,Southeast,Sports Direct,Online,North Carolina,54,125,23
"November 3, 2021",Women's Apparel,Southeast,Sports Direct,Online,North Carolina,72,151,21
"January 6, 2021",Women's Apparel,Southeast,Sports Direct,Online,South Carolina,35,"2,538",73
"December 5, 2021",Women's Apparel,Southeast,Sports Direct,Online,South Carolina,75,"6,563",88
"December 5, 2021",Women's Apparel,Southeast,Sports Direct,Online,South Carolina,68,155,23
"January 6, 2021",Women's Apparel,Southeast,Sports Direct,Online,South Carolina,34,67,20
"January 19, 2021",Women's Apparel,Southeast,Sports Direct,Online,Virginia,33,46,14
"September 26, 2020",Women's Athletic Footwear,Southeast,Sports Direct,Online,Florida,42,88,21
"May 24, 2020",Women's Athletic Footwear,Southeast,Sports Direct,Online,Florida,54,113,21
"October 2, 2020",Women's Athletic Footwear,Southeast,Sports Direct,Online,Florida,45,82,18
"October 8, 2020",Women's Athletic Footwear,Southeast,Sports Direct,Online,Florida,49,99,20
"March 2, 2021",Women's Athletic Footwear,Southeast,Sports Direct,Online,North Carolina,25,"1,188",48
"April 3, 2021",Women's Athletic Footwear,Southeast,Sports Direct,Online,North Carolina,25,"1,250",50
"February 4, 2021",Women's Athletic Footwear,Southeast,Sports Direct,Online,North Carolina,30,"1,575",53
"September 2, 2021",Women's Athletic Footwear,Southeast,Sports Direct,Online,North Carolina,30,"1,800",60
"October 4, 2021",Women's Athletic Footwear,Southeast,Sports Direct,Online,North Carolina,35,"1,925",55
"May 2, 2021",Women's Athletic Footwear,Southeast,Sports Direct,Online,North Carolina,40,"2,300",58
"August 3, 2021",Women's Athletic Footwear,Southeast,Sports Direct,Online,North Carolina,45,"3,038",68
"June 4, 2021",Women's Athletic Footwear,Southeast,Sports Direct,Online,North Carolina,50,"3,250",65
"July 2, 2021",Women's Athletic Footwear,Southeast,Sports Direct,Online,North Carolina,55,"3,713",68
"November 3, 2021",Women's Athletic Footwear,Southeast,Sports Direct,Online,North Carolina,60,"3,900",65
"September 2, 2021",Women's Athletic Footwear,Southeast,Sports Direct,Online,North Carolina,28,42,15
"February 4, 2021",Women's Athletic Footwear,Southeast,Sports Direct,Online,North Carolina,29,41,14
"June 4, 2021",Women's Athletic Footwear,Southeast,Sports Direct,Online,North Carolina,49,83,17
"July 2, 2021",Women's Athletic Footwear,Southeast,Sports Direct,Online,North Carolina,52,106,20
"November 3, 2021",Women's Athletic Footwear,Southeast,Sports Direct,Online,North Carolina,55,90,16
"August 3, 2021",Women's Athletic Footwear,Southeast,Sports Direct,Online,North Carolina,44,80,18
"April 3, 2021",Women's Athletic Footwear,Southeast,Sports Direct,Online,North Carolina,24,34,14
"March 2, 2021",Women's Athletic Footwear,Southeast,Sports Direct,Online,North Carolina,25,31,12
"October 4, 2021",Women's Athletic Footwear,Southeast,Sports Direct,Online,North Carolina,34,54,16
"May 2, 2021",Women's Athletic Footwear,Southeast,Sports Direct,Online,North Carolina,38,57,15
"December 5, 2021",Women's Athletic Footwear,Southeast,Sports Direct,Online,South Carolina,60,"4,650",78
"January 6, 2021",Women's Athletic Footwear,Southeast,Sports Direct,Online,South Carolina,30,"1,725",58
"December 5, 2021",Women's Athletic Footwear,Southeast,Sports Direct,Online,South Carolina,59,114,19
"January 6, 2021",Women's Athletic Footwear,Southeast,Sports Direct,Online,South Carolina,29,50,17
"January 19, 2021",Women's Athletic Footwear,Southeast,Sports Direct,Online,Virginia,29,34,12
"September 25, 2020",Women's Street Footwear,Southeast,Sports Direct,Online,Florida,41,92,23
"October 7, 2020",Women's Street Footwear,Southeast,Sports Direct,Online,Florida,46,103,22
"May 24, 2020",Women's Street Footwear,Southeast,Sports Direct,Online,Florida,52,129,25
"October 1, 2020",Women's Street Footwear,Southeast,Sports Direct,Online,Florida,47,95,20
"April 3, 2021",Women's Street Footwear,Southeast,Sports Direct,Online,North Carolina,20,"1,150",58
"March 2, 2021",Women's Street Footwear,Southeast,Sports Direct,Online,North Carolina,20,"1,250",63
"September 2, 2021",Women's Street Footwear,Southeast,Sports Direct,Online,North Carolina,30,"1,875",63
"October 4, 2021",Women's Street Footwear,Southeast,Sports Direct,Online,North Carolina,35,"2,013",58
"May 2, 2021",Women's Street Footwear,Southeast,Sports Direct,Online,North Carolina,40,"2,500",63
"November 3, 2021",Women's Street Footwear,Southeast,Sports Direct,Online,North Carolina,40,"2,380",60
"June 4, 2021",Women's Street Footwear,Southeast,Sports Direct,Online,North Carolina,50,"3,375",68
"July 2, 2021",Women's Street Footwear,Southeast,Sports Direct,Online,North Carolina,55,"3,988",73
"August 3, 2021",Women's Street Footwear,Southeast,Sports Direct,Online,North Carolina,55,"3,988",73
"September 2, 2021",Women's Street Footwear,Southeast,Sports Direct,Online,North Carolina,28,49,18
"October 4, 2021",Women's Street Footwear,Southeast,Sports Direct,Online,North Carolina,34,51,15
"March 2, 2021",Women's Street Footwear,Southeast,Sports Direct,Online,North Carolina,19,34,18
"May 2, 2021",Women's Street Footwear,Southeast,Sports Direct,Online,North Carolina,37,63,17
"August 3, 2021",Women's Street Footwear,Southeast,Sports Direct,Online,North Carolina,54,113,21
"November 3, 2021",Women's Street Footwear,Southeast,Sports Direct,Online,North Carolina,38,63,17
"June 4, 2021",Women's Street Footwear,Southeast,Sports Direct,Online,North Carolina,47,79,17
"April 3, 2021",Women's Street Footwear,Southeast,Sports Direct,Online,North Carolina,20,29,14
"July 2, 2021",Women's Street Footwear,Southeast,Sports Direct,Online,North Carolina,53,104,20
"December 5, 2021",Women's Street Footwear,Southeast,Sports Direct,Online,South Carolina,60,"4,950",83
"December 5, 2021",Women's Street Footwear,Southeast,Sports Direct,Online,South Carolina,56,120,22
"February 4, 2021",Women's Street Footwear,Southeast,Sports Direct,Online,South Carolina,25,"1,688",68
"January 6, 2021",Women's Street Footwear,Southeast,Sports Direct,Online,South Carolina,25,"1,813",73
"January 6, 2021",Women's Street Footwear,Southeast,Sports Direct,Online,South Carolina,24,45,19
"February 4, 2021",Women's Street Footwear,Southeast,Sports Direct,Online,South Carolina,23,39,17
"January 19, 2021",Women's Street Footwear,Southeast,Sports Direct,Online,Virginia,23,34,15
"February 17, 2021",Women's Street Footwear,Southeast,Sports Direct,Online,Virginia,23,35,15
"April 24, 2020",Men's Apparel,Southeast,West Gear,Online,Florida,52,102,20
"April 24, 2020",Men's Apparel,Southeast,West Gear,Online,Florida,58,114,20
"September 15, 2020",Men's Apparel,Southeast,West Gear,Online,Florida,61,127,21
"September 9, 2020",Men's Apparel,Southeast,West Gear,Online,Florida,62,144,23
"January 12, 2021",Men's Apparel,Southeast,West Gear,Online,Florida,51,84,17
"September 18, 2020",Men's Athletic Footwear,Southeast,West Gear,Online,Florida,55,139,25
"September 12, 2020",Men's Athletic Footwear,Southeast,West Gear,Online,Florida,57,128,23
"April 24, 2020",Men's Athletic Footwear,Southeast,West Gear,Online,Florida,54,111,21
"April 24, 2020",Men's Athletic Footwear,Southeast,West Gear,Online,Florida,54,105,19
"January 12, 2021",Men's Athletic Footwear,Southeast,West Gear,Online,Florida,44,83,19
"February 10, 2021",Men's Athletic Footwear,Southeast,West Gear,Online,Florida,42,58,14
"April 24, 2020",Men's Street Footwear,Southeast,West Gear,Online,Florida,52,156,30
"September 17, 2020",Men's Street Footwear,Southeast,West Gear,Online,Florida,60,182,30
"April 24, 2020",Men's Street Footwear,Southeast,West Gear,Online,Florida,55,160,29
"September 11, 2020",Men's Street Footwear,Southeast,West Gear,Online,Florida,60,179,30
"January 12, 2021",Men's Street Footwear,Southeast,West Gear,Online,Florida,41,105,26
"February 10, 2021",Men's Street Footwear,Southeast,West Gear,Online,Florida,44,103,23
"April 24, 2020",Women's Apparel,Southeast,West Gear,Online,Florida,44,92,21
"April 24, 2020",Women's Apparel,Southeast,West Gear,Online,Florida,64,159,25
"September 10, 2020",Women's Apparel,Southeast,West Gear,Online,Florida,63,163,26
"September 16, 2020",Women's Apparel,Southeast,West Gear,Online,Florida,67,163,24
"January 12, 2021",Women's Apparel,Southeast,West Gear,Online,Florida,44,77,18
"September 8, 2020",Women's Athletic Footwear,Southeast,West Gear,Online,Florida,47,102,22
"April 24, 2020",Women's Athletic Footwear,Southeast,West Gear,Online,Florida,49,86,18
"September 14, 2020",Women's Athletic Footwear,Southeast,West Gear,Online,Florida,53,123,23
"August 15, 2020",Women's Athletic Footwear,Southeast,West Gear,Online,Florida,38,64,17
"April 24, 2020",Women's Athletic Footwear,Southeast,West Gear,Online,Florida,38,72,19
"January 12, 2021",Women's Athletic Footwear,Southeast,West Gear,Online,Florida,37,54,15
"September 7, 2020",Women's Street Footwear,Southeast,West Gear,Online,Florida,49,102,21
"April 24, 2020",Women's Street Footwear,Southeast,West Gear,Online,Florida,47,88,19
"September 13, 2020",Women's Street Footwear,Southeast,West Gear,Online,Florida,50,108,22
"September 19, 2020",Women's Street Footwear,Southeast,West Gear,Online,Florida,53,122,23
"April 24, 2020",Women's Street Footwear,Southeast,West Gear,Online,Florida,32,65,20
"February 10, 2021",Women's Street Footwear,Southeast,West Gear,Online,Florida,33,57,17
"January 12, 2021",Women's Street Footwear,Southeast,West Gear,Online,Florida,32,54,17
"December 10, 2021",Men's Apparel,West,Foot Locker,Online,Wyoming,54,78,15
"June 1, 2021",Men's Athletic Footwear,West,Foot Locker,Online,California,41,32,8
"August 7, 2020",Men's Athletic Footwear,West,Foot Locker,Online,Washington,41,91,22
"May 31, 2021",Men's Street Footwear,West,Foot Locker,Online,California,44,55,12
"August 6, 2020",Men's Street Footwear,West,Foot Locker,Online,Washington,44,120,27
"December 10, 2021",Women's Apparel,West,Foot Locker,Online,Wyoming,56,97,17
"June 3, 2021",Women's Athletic Footwear,West,Foot Locker,Online,California,37,13,3
"August 9, 2020",Women's Athletic Footwear,West,Foot Locker,Online,Washington,38,67,18
"December 10, 2021",Women's Athletic Footwear,West,Foot Locker,Online,Wyoming,44,59,14
"June 2, 2021",Women's Street Footwear,West,Foot Locker,Online,California,32,27,8
"August 8, 2020",Women's Street Footwear,West,Foot Locker,Online,Washington,34,78,23
"December 10, 2021",Women's Street Footwear,West,Foot Locker,Online,Wyoming,44,73,17
"August 11, 2021",Men's Apparel,West,Kohl's,Online,Wyoming,47,66,14
"February 12, 2021",Men's Apparel,West,Kohl's,Online,Wyoming,47,68,15
"November 11, 2021",Men's Apparel,West,Kohl's,Online,Wyoming,51,73,14
"May 10, 2021",Men's Apparel,West,Kohl's,Online,Wyoming,45,60,13
"April 11, 2021",Men's Apparel,West,Kohl's,Online,Wyoming,47,50,11
"July 10, 2021",Men's Apparel,West,Kohl's,Online,Wyoming,48,66,14
"September 10, 2021",Men's Apparel,West,Kohl's,Online,Wyoming,48,60,13
"June 12, 2021",Men's Apparel,West,Kohl's,Online,Wyoming,49,66,14
"October 12, 2021",Men's Apparel,West,Kohl's,Online,Wyoming,54,69,13
"March 10, 2021",Men's Apparel,West,Kohl's,Online,Wyoming,47,59,13
"May 10, 2021",Men's Athletic Footwear,West,Kohl's,Online,Wyoming,41,62,15
"October 12, 2021",Men's Athletic Footwear,West,Kohl's,Online,Wyoming,44,77,17
"June 12, 2021",Men's Athletic Footwear,West,Kohl's,Online,Wyoming,42,71,17
"August 11, 2021",Men's Athletic Footwear,West,Kohl's,Online,Wyoming,43,70,16
"December 10, 2021",Men's Athletic Footwear,West,Kohl's,Online,Wyoming,44,74,17
"November 11, 2021",Men's Athletic Footwear,West,Kohl's,Online,Wyoming,42,70,17
"September 10, 2021",Men's Athletic Footwear,West,Kohl's,Online,Wyoming,44,66,15
"July 10, 2021",Men's Athletic Footwear,West,Kohl's,Online,Wyoming,44,72,16
"March 10, 2021",Men's Athletic Footwear,West,Kohl's,Online,Wyoming,37,48,13
"April 11, 2021",Men's Athletic Footwear,West,Kohl's,Online,Wyoming,39,55,14
"March 10, 2021",Men's Street Footwear,West,Kohl's,Online,Wyoming,38,93,25
"December 10, 2021",Men's Street Footwear,West,Kohl's,Online,Wyoming,52,116,22
"November 11, 2021",Men's Street Footwear,West,Kohl's,Online,Wyoming,53,116,22
"April 11, 2021",Men's Street Footwear,West,Kohl's,Online,Wyoming,39,81,21
"June 12, 2021",Men's Street Footwear,West,Kohl's,Online,Wyoming,46,114,25
"August 11, 2021",Men's Street Footwear,West,Kohl's,Online,Wyoming,47,120,26
"September 10, 2021",Men's Street Footwear,West,Kohl's,Online,Wyoming,48,100,21
"July 10, 2021",Men's Street Footwear,West,Kohl's,Online,Wyoming,48,109,23
"October 12, 2021",Men's Street Footwear,West,Kohl's,Online,Wyoming,50,101,20
"May 10, 2021",Men's Street Footwear,West,Kohl's,Online,Wyoming,45,111,25
"April 11, 2021",Women's Apparel,West,Kohl's,Online,Wyoming,36,54,15
"July 10, 2021",Women's Apparel,West,Kohl's,Online,Wyoming,51,100,20
"March 10, 2021",Women's Apparel,West,Kohl's,Online,Wyoming,37,61,17
"June 12, 2021",Women's Apparel,West,Kohl's,Online,Wyoming,50,82,16
"October 12, 2021",Women's Apparel,West,Kohl's,Online,Wyoming,55,83,15
"February 12, 2021",Women's Apparel,West,Kohl's,Online,Wyoming,38,66,17
"November 11, 2021",Women's Apparel,West,Kohl's,Online,Wyoming,55,89,16
"May 10, 2021",Women's Apparel,West,Kohl's,Online,Wyoming,52,81,16
"September 10, 2021",Women's Apparel,West,Kohl's,Online,Wyoming,52,90,17
"August 11, 2021",Women's Apparel,West,Kohl's,Online,Wyoming,52,102,20
"October 12, 2021",Women's Athletic Footwear,West,Kohl's,Online,Wyoming,41,49,12
"March 10, 2021",Women's Athletic Footwear,West,Kohl's,Online,Wyoming,33,37,11
"April 11, 2021",Women's Athletic Footwear,West,Kohl's,Online,Wyoming,33,39,12
"June 12, 2021",Women's Athletic Footwear,West,Kohl's,Online,Wyoming,38,53,14
"July 10, 2021",Women's Athletic Footwear,West,Kohl's,Online,Wyoming,39,59,15
"February 12, 2021",Women's Athletic Footwear,West,Kohl's,Online,Wyoming,32,39,12
"September 10, 2021",Women's Athletic Footwear,West,Kohl's,Online,Wyoming,38,51,14
"August 11, 2021",Women's Athletic Footwear,West,Kohl's,Online,Wyoming,38,56,15
"November 11, 2021",Women's Athletic Footwear,West,Kohl's,Online,Wyoming,42,57,14
"May 10, 2021",Women's Athletic Footwear,West,Kohl's,Online,Wyoming,39,51,13
"March 10, 2021",Women's Street Footwear,West,Kohl's,Online,Wyoming,27,40,15
"June 12, 2021",Women's Street Footwear,West,Kohl's,Online,Wyoming,38,50,13
"August 11, 2021",Women's Street Footwear,West,Kohl's,Online,Wyoming,38,54,14
"April 11, 2021",Women's Street Footwear,West,Kohl's,Online,Wyoming,28,41,15
"September 10, 2021",Women's Street Footwear,West,Kohl's,Online,Wyoming,38,52,14
"October 12, 2021",Women's Street Footwear,West,Kohl's,Online,Wyoming,42,53,13
"July 10, 2021",Women's Street Footwear,West,Kohl's,Online,Wyoming,38,57,15
"May 10, 2021",Women's Street Footwear,West,Kohl's,Online,Wyoming,39,57,15
"November 11, 2021",Women's Street Footwear,West,Kohl's,Online,Wyoming,42,61,15
"February 11, 2021",Men's Apparel,West,West Gear,Online,Utah,32,32,10
"June 11, 2021",Men's Apparel,West,West Gear,Online,Utah,34,37,11
"August 11, 2021",Men's Apparel,West,West Gear,Online,Utah,29,30,11
"July 10, 2021",Men's Apparel,West,West Gear,Online,Utah,32,41,13
"April 11, 2021",Men's Apparel,West,West Gear,Online,Utah,33,24,7
"November 11, 2021",Men's Apparel,West,West Gear,Online,Utah,39,35,9
"September 12, 2021",Men's Apparel,West,West Gear,Online,Utah,19,17,9
"October 11, 2021",Men's Apparel,West,West Gear,Online,Utah,29,24,8
"March 10, 2021",Men's Apparel,West,West Gear,Online,Utah,38,29,8
"December 10, 2021",Men's Apparel,West,West Gear,Online,Utah,38,43,11
"May 12, 2021",Men's Apparel,West,West Gear,Online,Utah,39,29,8
"September 12, 2021",Men's Athletic Footwear,West,West Gear,Online,Utah,23,28,12
"April 11, 2021",Men's Athletic Footwear,West,West Gear,Online,Utah,25,24,9
"November 11, 2021",Men's Athletic Footwear,West,West Gear,Online,Utah,20,22,11
"August 11, 2021",Men's Athletic Footwear,West,West Gear,Online,Utah,34,45,13
"July 10, 2021",Men's Athletic Footwear,West,West Gear,Online,Utah,29,46,16
"June 11, 2021",Men's Athletic Footwear,West,West Gear,Online,Utah,24,27,11
"December 10, 2021",Men's Athletic Footwear,West,West Gear,Online,Utah,28,41,15
"May 12, 2021",Men's Athletic Footwear,West,West Gear,Online,Utah,29,29,10
"October 11, 2021",Men's Athletic Footwear,West,West Gear,Online,Utah,19,19,10
"March 10, 2021",Men's Athletic Footwear,West,West Gear,Online,Utah,28,29,10
"April 11, 2021",Men's Street Footwear,West,West Gear,Online,Utah,27,49,18
"November 11, 2021",Men's Street Footwear,West,West Gear,Online,Utah,29,43,15
"August 11, 2021",Men's Street Footwear,West,West Gear,Online,Utah,33,67,20
"October 11, 2021",Men's Street Footwear,West,West Gear,Online,Utah,28,48,17
"June 11, 2021",Men's Street Footwear,West,West Gear,Online,Utah,28,51,18
"May 12, 2021",Men's Street Footwear,West,West Gear,Online,Utah,32,56,17
"March 10, 2021",Men's Street Footwear,West,West Gear,Online,Utah,29,49,17
"September 12, 2021",Men's Street Footwear,West,West Gear,Online,Utah,29,49,17
"July 10, 2021",Men's Street Footwear,West,West Gear,Online,Utah,34,76,22
"December 10, 2021",Men's Street Footwear,West,West Gear,Online,Utah,39,79,20
"April 11, 2021",Women's Apparel,West,West Gear,Online,Utah,24,27,11
"August 11, 2021",Women's Apparel,West,West Gear,Online,Utah,32,49,15
"June 11, 2021",Women's Apparel,West,West Gear,Online,Utah,38,57,15
"December 10, 2021",Women's Apparel,West,West Gear,Online,Utah,42,53,13
"February 11, 2021",Women's Apparel,West,West Gear,Online,Utah,24,31,13
"October 11, 2021",Women's Apparel,West,West Gear,Online,Utah,32,33,10
"September 12, 2021",Women's Apparel,West,West Gear,Online,Utah,24,29,12
"March 10, 2021",Women's Apparel,West,West Gear,Online,Utah,29,29,10
"July 10, 2021",Women's Apparel,West,West Gear,Online,Utah,38,57,15
"November 11, 2021",Women's Apparel,West,West Gear,Online,Utah,43,49,11
"May 12, 2021",Women's Apparel,West,West Gear,Online,Utah,44,53,12
"February 11, 2021",Women's Athletic Footwear,West,West Gear,Online,Utah,19,17,9
"July 10, 2021",Women's Athletic Footwear,West,West Gear,Online,Utah,23,26,12
"September 12, 2021",Women's Athletic Footwear,West,West Gear,Online,Utah,10,9,9
"June 11, 2021",Women's Athletic Footwear,West,West Gear,Online,Utah,19,21,11
"November 11, 2021",Women's Athletic Footwear,West,West Gear,Online,Utah,19,21,11
"December 10, 2021",Women's Athletic Footwear,West,West Gear,Online,Utah,27,30,11
"April 11, 2021",Women's Athletic Footwear,West,West Gear,Online,Utah,18,13,7
"August 11, 2021",Women's Athletic Footwear,West,West Gear,Online,Utah,19,19,10
"March 10, 2021",Women's Athletic Footwear,West,West Gear,Online,Utah,23,17,7
"October 11, 2021",Women's Athletic Footwear,West,West Gear,Online,Utah,19,14,7
"May 12, 2021",Women's Athletic Footwear,West,West Gear,Online,Utah,23,17,7
"April 11, 2021",Women's Street Footwear,West,West Gear,Online,Utah,14,14,10
"December 10, 2021",Women's Street Footwear,West,West Gear,Online,Utah,29,33,11
"November 11, 2021",Women's Street Footwear,West,West Gear,Online,Utah,19,18,9
"July 10, 2021",Women's Street Footwear,West,West Gear,Online,Utah,24,33,14
"October 11, 2021",Women's Street Footwear,West,West Gear,Online,Utah,19,17,9
"June 11, 2021",Women's Street Footwear,West,West Gear,Online,Utah,19,22,12
"August 11, 2021",Women's Street Footwear,West,West Gear,Online,Utah,29,33,11
"September 12, 2021",Women's Street Footwear,West,West Gear,Online,Utah,9,8,9
"March 10, 2021",Women's Street Footwear,West,West Gear,Online,Utah,18,20,11
"May 12, 2021",Women's Street Footwear,West,West Gear,Online,Utah,25,25,10
"February 6, 2021",Men's Apparel,Midwest,Kohl's,Online,Montana,42,52,12
"February 12, 2021",Men's Apparel,Midwest,Kohl's,Online,Montana,52,55,11
"January 13, 2021",Men's Apparel,Midwest,Kohl's,Online,Montana,48,29,6
"January 7, 2021",Men's Apparel,Midwest,Kohl's,Online,Montana,48,28,6
"February 18, 2021",Men's Apparel,Midwest,Kohl's,Online,Montana,50,50,10
"March 8, 2021",Men's Apparel,Midwest,Kohl's,Online,Montana,53,64,12
"January 25, 2021",Men's Apparel,Midwest,Kohl's,Online,Montana,41,25,6
"January 31, 2021",Men's Apparel,Midwest,Kohl's,Online,Montana,41,31,8
"January 19, 2021",Men's Apparel,Midwest,Kohl's,Online,Montana,44,25,6
"March 2, 2021",Men's Apparel,Midwest,Kohl's,Online,Montana,51,58,11
"January 1, 2021",Men's Apparel,Midwest,Kohl's,Online,Montana,47,36,8
"February 24, 2021",Men's Apparel,Midwest,Kohl's,Online,Montana,54,53,10
"December 29, 2020",Men's Athletic Footwear,Midwest,Kohl's,Online,Minnesota,43,55,13
"January 10, 2021",Men's Athletic Footwear,Midwest,Kohl's,Online,Montana,41,47,12
"January 28, 2021",Men's Athletic Footwear,Midwest,Kohl's,Online,Montana,42,62,15
"February 27, 2021",Men's Athletic Footwear,Midwest,Kohl's,Online,Montana,42,73,17
"February 3, 2021",Men's Athletic Footwear,Midwest,Kohl's,Online,Montana,41,64,16
"March 5, 2021",Men's Athletic Footwear,Midwest,Kohl's,Online,Montana,45,82,18
"February 21, 2021",Men's Athletic Footwear,Midwest,Kohl's,Online,Montana,49,78,16
"February 9, 2021",Men's Athletic Footwear,Midwest,Kohl's,Online,Montana,54,102,19
"January 22, 2021",Men's Athletic Footwear,Midwest,Kohl's,Online,Montana,41,43,11
"February 15, 2021",Men's Athletic Footwear,Midwest,Kohl's,Online,Montana,48,75,16
"January 4, 2021",Men's Athletic Footwear,Midwest,Kohl's,Online,Montana,42,52,12
"January 16, 2021",Men's Athletic Footwear,Midwest,Kohl's,Online,Montana,43,43,10
"December 28, 2020",Men's Street Footwear,Midwest,Kohl's,Online,Minnesota,32,38,12
"January 9, 2021",Men's Street Footwear,Midwest,Kohl's,Online,Montana,32,55,17
"March 4, 2021",Men's Street Footwear,Midwest,Kohl's,Online,Montana,41,80,20
"February 20, 2021",Men's Street Footwear,Midwest,Kohl's,Online,Montana,44,70,16
"January 3, 2021",Men's Street Footwear,Midwest,Kohl's,Online,Montana,34,54,16
"January 21, 2021",Men's Street Footwear,Midwest,Kohl's,Online,Montana,39,59,15
"February 14, 2021",Men's Street Footwear,Midwest,Kohl's,Online,Montana,41,74,18
"February 8, 2021",Men's Street Footwear,Midwest,Kohl's,Online,Montana,42,85,20
"January 27, 2021",Men's Street Footwear,Midwest,Kohl's,Online,Montana,36,61,17
"February 2, 2021",Men's Street Footwear,Midwest,Kohl's,Online,Montana,37,75,20
"February 26, 2021",Men's Street Footwear,Midwest,Kohl's,Online,Montana,38,63,17
"January 15, 2021",Men's Street Footwear,Midwest,Kohl's,Online,Montana,44,71,16
"February 7, 2021",Women's Apparel,Midwest,Kohl's,Online,Montana,58,83,14
"February 1, 2021",Women's Apparel,Midwest,Kohl's,Online,Montana,55,83,15
"January 8, 2021",Women's Apparel,Midwest,Kohl's,Online,Montana,43,51,12
"February 13, 2021",Women's Apparel,Midwest,Kohl's,Online,Montana,56,63,11
"March 3, 2021",Women's Apparel,Midwest,Kohl's,Online,Montana,56,74,13
"January 26, 2021",Women's Apparel,Midwest,Kohl's,Online,Montana,59,64,11
"January 14, 2021",Women's Apparel,Midwest,Kohl's,Online,Montana,42,47,11
"January 2, 2021",Women's Apparel,Midwest,Kohl's,Online,Montana,43,59,14
"January 20, 2021",Women's Apparel,Midwest,Kohl's,Online,Montana,55,56,10
"February 25, 2021",Women's Apparel,Midwest,Kohl's,Online,Montana,58,63,11
"March 9, 2021",Women's Apparel,Midwest,Kohl's,Online,Montana,55,72,13
"February 19, 2021",Women's Apparel,Midwest,Kohl's,Online,Montana,59,72,12
"December 31, 2020",Women's Athletic Footwear,Midwest,Kohl's,Online,Minnesota,44,43,10
"January 18, 2021",Women's Athletic Footwear,Midwest,Kohl's,Online,Montana,36,28,8
"March 7, 2021",Women's Athletic Footwear,Midwest,Kohl's,Online,Montana,43,61,14
"February 23, 2021",Women's Athletic Footwear,Midwest,Kohl's,Online,Montana,44,46,11
"February 5, 2021",Women's Athletic Footwear,Midwest,Kohl's,Online,Montana,36,41,11
"January 24, 2021",Women's Athletic Footwear,Midwest,Kohl's,Online,Montana,38,33,9
"January 30, 2021",Women's Athletic Footwear,Midwest,Kohl's,Online,Montana,38,40,11
"January 12, 2021",Women's Athletic Footwear,Midwest,Kohl's,Online,Montana,44,40,9
"February 11, 2021",Women's Athletic Footwear,Midwest,Kohl's,Online,Montana,41,43,11
"March 1, 2021",Women's Athletic Footwear,Midwest,Kohl's,Online,Montana,39,46,12
"February 17, 2021",Women's Athletic Footwear,Midwest,Kohl's,Online,Montana,41,48,12
"January 6, 2021",Women's Athletic Footwear,Midwest,Kohl's,Online,Montana,44,36,8
"December 30, 2020",Women's Street Footwear,Midwest,Kohl's,Online,Minnesota,41,49,12
"January 23, 2021",Women's Street Footwear,Midwest,Kohl's,Online,Montana,44,49,11
"January 29, 2021",Women's Street Footwear,Midwest,Kohl's,Online,Montana,44,73,17
"February 16, 2021",Women's Street Footwear,Midwest,Kohl's,Online,Montana,42,49,12
"February 28, 2021",Women's Street Footwear,Midwest,Kohl's,Online,Montana,37,46,12
"February 22, 2021",Women's Street Footwear,Midwest,Kohl's,Online,Montana,41,48,12
"January 11, 2021",Women's Street Footwear,Midwest,Kohl's,Online,Montana,42,54,13
"January 5, 2021",Women's Street Footwear,Midwest,Kohl's,Online,Montana,43,52,12
"February 4, 2021",Women's Street Footwear,Midwest,Kohl's,Online,Montana,44,63,14
"February 10, 2021",Women's Street Footwear,Midwest,Kohl's,Online,Montana,49,64,13
"March 6, 2021",Women's Street Footwear,Midwest,Kohl's,Online,Montana,42,56,13
"January 17, 2021",Women's Street Footwear,Midwest,Kohl's,Online,Montana,44,53,12
"April 17, 2021",Men's Apparel,West,Kohl's,Online,California,45,59,13
"May 29, 2021",Men's Apparel,West,Kohl's,Online,California,55,86,16
"April 29, 2021",Men's Apparel,West,Kohl's,Online,California,46,87,19
"April 11, 2021",Men's Apparel,West,Kohl's,Online,California,49,58,12
"March 11, 2021",Men's Apparel,West,Kohl's,Online,California,49,71,15
"May 11, 2021",Men's Apparel,West,Kohl's,Online,California,58,95,16
"May 5, 2021",Men's Apparel,West,Kohl's,Online,California,58,106,18
"March 23, 2021",Men's Apparel,West,Kohl's,Online,California,46,49,11
"March 17, 2021",Men's Apparel,West,Kohl's,Online,California,46,52,11
"May 17, 2021",Men's Apparel,West,Kohl's,Online,California,56,97,17
"April 23, 2021",Men's Apparel,West,Kohl's,Online,California,45,56,13
"May 23, 2021",Men's Apparel,West,Kohl's,Online,California,55,96,17
"March 20, 2021",Men's Athletic Footwear,West,Kohl's,Online,California,41,80,20
"April 14, 2021",Men's Athletic Footwear,West,Kohl's,Online,California,47,79,17
"April 20, 2021",Men's Athletic Footwear,West,Kohl's,Online,California,47,106,23
"April 8, 2021",Men's Athletic Footwear,West,Kohl's,Online,California,49,76,16
"May 14, 2021",Men's Athletic Footwear,West,Kohl's,Online,California,51,118,23
"May 8, 2021",Men's Athletic Footwear,West,Kohl's,Online,California,50,124,25
"April 26, 2021",Men's Athletic Footwear,West,Kohl's,Online,California,46,99,22
"May 26, 2021",Men's Athletic Footwear,West,Kohl's,Online,California,50,122,24
"May 20, 2021",Men's Athletic Footwear,West,Kohl's,Online,California,54,116,22
"March 14, 2021",Men's Athletic Footwear,West,Kohl's,Online,California,43,84,20
"May 2, 2021",Men's Athletic Footwear,West,Kohl's,Online,California,51,113,22
"February 18, 2021",Men's Athletic Footwear,West,Kohl's,Online,California,41,80,20
"March 19, 2021",Men's Street Footwear,West,Kohl's,Online,California,32,69,22
"April 7, 2021",Men's Street Footwear,West,Kohl's,Online,California,43,103,24
"May 13, 2021",Men's Street Footwear,West,Kohl's,Online,California,49,110,22
"May 19, 2021",Men's Street Footwear,West,Kohl's,Online,California,49,113,23
"April 25, 2021",Men's Street Footwear,West,Kohl's,Online,California,41,98,24
"May 25, 2021",Men's Street Footwear,West,Kohl's,Online,California,49,110,23
"April 13, 2021",Men's Street Footwear,West,Kohl's,Online,California,41,85,21
"May 1, 2021",Men's Street Footwear,West,Kohl's,Online,California,47,118,25
"March 13, 2021",Men's Street Footwear,West,Kohl's,Online,California,34,77,23
"May 7, 2021",Men's Street Footwear,West,Kohl's,Online,California,47,100,21
"April 19, 2021",Men's Street Footwear,West,Kohl's,Online,California,44,119,27
"February 17, 2021",Men's Street Footwear,West,Kohl's,Online,California,32,65,20
"March 18, 2021",Women's Apparel,West,Kohl's,Online,California,41,72,18
"April 30, 2021",Women's Apparel,West,Kohl's,Online,California,59,120,20
"March 12, 2021",Women's Apparel,West,Kohl's,Online,California,41,75,18
"May 12, 2021",Women's Apparel,West,Kohl's,Online,California,59,112,19
"April 24, 2021",Women's Apparel,West,Kohl's,Online,California,60,120,20
"April 18, 2021",Women's Apparel,West,Kohl's,Online,California,64,116,18
"April 12, 2021",Women's Apparel,West,Kohl's,Online,California,62,108,17
"May 24, 2021",Women's Apparel,West,Kohl's,Online,California,59,112,19
"April 6, 2021",Women's Apparel,West,Kohl's,Online,California,41,77,19
"May 30, 2021",Women's Apparel,West,Kohl's,Online,California,59,116,20
"May 6, 2021",Women's Apparel,West,Kohl's,Online,California,61,115,19
"May 18, 2021",Women's Apparel,West,Kohl's,Online,California,62,109,18
"March 22, 2021",Women's Athletic Footwear,West,Kohl's,Online,California,41,63,15
"May 22, 2021",Women's Athletic Footwear,West,Kohl's,Online,California,47,83,18
"May 16, 2021",Women's Athletic Footwear,West,Kohl's,Online,California,48,84,18
"April 16, 2021",Women's Athletic Footwear,West,Kohl's,Online,California,41,63,15
"April 22, 2021",Women's Athletic Footwear,West,Kohl's,Online,California,44,77,18
"April 28, 2021",Women's Athletic Footwear,West,Kohl's,Online,California,44,83,19
"May 4, 2021",Women's Athletic Footwear,West,Kohl's,Online,California,47,79,17
"March 16, 2021",Women's Athletic Footwear,West,Kohl's,Online,California,41,62,15
"April 10, 2021",Women's Athletic Footwear,West,Kohl's,Online,California,43,65,15
"May 10, 2021",Women's Athletic Footwear,West,Kohl's,Online,California,46,81,18
"May 28, 2021",Women's Athletic Footwear,West,Kohl's,Online,California,49,103,21
"March 10, 2021",Women's Athletic Footwear,West,Kohl's,Online,California,41,66,16
"March 15, 2021",Women's Street Footwear,West,Kohl's,Online,California,44,74,17
"May 9, 2021",Women's Street Footwear,West,Kohl's,Online,California,46,90,20
"May 21, 2021",Women's Street Footwear,West,Kohl's,Online,California,47,79,17
"May 3, 2021",Women's Street Footwear,West,Kohl's,Online,California,48,105,22
"May 15, 2021",Women's Street Footwear,West,Kohl's,Online,California,49,86,18
"April 15, 2021",Women's Street Footwear,West,Kohl's,Online,California,45,73,16
"April 27, 2021",Women's Street Footwear,West,Kohl's,Online,California,47,102,22
"May 27, 2021",Women's Street Footwear,West,Kohl's,Online,California,46,84,18
"March 21, 2021",Women's Street Footwear,West,Kohl's,Online,California,42,71,17
"April 21, 2021",Women's Street Footwear,West,Kohl's,Online,California,48,97,20
"April 9, 2021",Women's Street Footwear,West,Kohl's,Online,California,49,86,18
"March 9, 2021",Women's Street Footwear,West,Kohl's,Online,California,41,77,19
"December 12, 2021",Men's Apparel,Midwest,Foot Locker,Online,Kansas,70,"2,100",30
"November 13, 2021",Men's Apparel,Midwest,Foot Locker,Online,Kansas,75,"1,875",25
"November 13, 2021",Men's Apparel,Midwest,Foot Locker,Online,Kansas,68,48,7
"December 12, 2021",Men's Apparel,Midwest,Foot Locker,Online,Kansas,64,52,8
"November 13, 2021",Men's Athletic Footwear,Midwest,Foot Locker,Online,Kansas,15,413,28
"December 12, 2021",Men's Athletic Footwear,Midwest,Foot Locker,Online,Kansas,60,"2,400",40
"November 13, 2021",Men's Athletic Footwear,Midwest,Foot Locker,Online,Kansas,14,10,7
"December 12, 2021",Men's Athletic Footwear,Midwest,Foot Locker,Online,Kansas,59,71,12
"November 13, 2021",Men's Street Footwear,Midwest,Foot Locker,Online,Kansas,25,"1,125",45
"December 12, 2021",Men's Street Footwear,Midwest,Foot Locker,Online,Kansas,70,"4,200",60
"November 13, 2021",Men's Street Footwear,Midwest,Foot Locker,Online,Kansas,23,28,12
"December 12, 2021",Men's Street Footwear,Midwest,Foot Locker,Online,Kansas,66,99,15
"October 14, 2021",Women's Apparel,Midwest,Foot Locker,Online,Kansas,30,900,30
"November 13, 2021",Women's Apparel,Midwest,Foot Locker,Online,Kansas,75,"2,625",35
"December 12, 2021",Women's Apparel,Midwest,Foot Locker,Online,Kansas,75,"3,000",40
"December 12, 2021",Women's Apparel,Midwest,Foot Locker,Online,Kansas,68,76,11
"November 13, 2021",Women's Apparel,Midwest,Foot Locker,Online,Kansas,73,64,9
"October 14, 2021",Women's Apparel,Midwest,Foot Locker,Online,Kansas,28,25,9
"November 13, 2021",Women's Athletic Footwear,Midwest,Foot Locker,Online,Kansas,55,"1,513",28
"December 12, 2021",Women's Athletic Footwear,Midwest,Foot Locker,Online,Kansas,60,"1,800",30
"December 12, 2021",Women's Athletic Footwear,Midwest,Foot Locker,Online,Kansas,59,53,9
"November 13, 2021",Women's Athletic Footwear,Midwest,Foot Locker,Online,Kansas,54,45,8
"November 13, 2021",Women's Street Footwear,Midwest,Foot Locker,Online,Kansas,25,550,22
"December 12, 2021",Women's Street Footwear,Midwest,Foot Locker,Online,Kansas,60,"2,100",35
"December 12, 2021",Women's Street Footwear,Midwest,Foot Locker,Online,Kansas,58,55,10
"November 13, 2021",Women's Street Footwear,Midwest,Foot Locker,Online,Kansas,23,13,6
"September 12, 2021",Men's Apparel,Midwest,Kohl's,Online,Kansas,25,563,23
"October 14, 2021",Men's Apparel,Midwest,Kohl's,Online,Kansas,30,525,18
"February 14, 2021",Men's Apparel,Midwest,Kohl's,Online,Kansas,35,788,23
"March 12, 2021",Men's Apparel,Midwest,Kohl's,Online,Kansas,35,525,15
"April 13, 2021",Men's Apparel,Midwest,Kohl's,Online,Kansas,40,600,15
"May 12, 2021",Men's Apparel,Midwest,Kohl's,Online,Kansas,45,"1,013",23
"August 13, 2021",Men's Apparel,Midwest,Kohl's,Online,Kansas,50,"1,375",28
"June 14, 2021",Men's Apparel,Midwest,Kohl's,Online,Kansas,55,"1,513",28
"July 12, 2021",Men's Apparel,Midwest,Kohl's,Online,Kansas,60,"1,950",33
"March 12, 2021",Men's Apparel,Midwest,Kohl's,Online,Kansas,32,13,4
"July 12, 2021",Men's Apparel,Midwest,Kohl's,Online,Kansas,56,51,9
"February 14, 2021",Men's Apparel,Midwest,Kohl's,Online,Kansas,32,22,7
"June 14, 2021",Men's Apparel,Midwest,Kohl's,Online,Kansas,54,45,8
"September 12, 2021",Men's Apparel,Midwest,Kohl's,Online,Kansas,24,15,6
"October 14, 2021",Men's Apparel,Midwest,Kohl's,Online,Kansas,29,13,5
"April 13, 2021",Men's Apparel,Midwest,Kohl's,Online,Kansas,39,15,4
"May 12, 2021",Men's Apparel,Midwest,Kohl's,Online,Kansas,43,24,6
"August 13, 2021",Men's Apparel,Midwest,Kohl's,Online,Kansas,47,32,7
"March 12, 2021",Men's Athletic Footwear,Midwest,Kohl's,Online,Kansas,20,450,23
"October 14, 2021",Men's Athletic Footwear,Midwest,Kohl's,Online,Kansas,20,650,33
"April 13, 2021",Men's Athletic Footwear,Midwest,Kohl's,Online,Kansas,25,500,20
"June 14, 2021",Men's Athletic Footwear,Midwest,Kohl's,Online,Kansas,35,"1,138",33
"May 12, 2021",Men's Athletic Footwear,Midwest,Kohl's,Online,Kansas,40,"1,100",28
"September 12, 2021",Men's Athletic Footwear,Midwest,Kohl's,Online,Kansas,40,"1,400",35
"July 12, 2021",Men's Athletic Footwear,Midwest,Kohl's,Online,Kansas,50,"2,125",43
"August 13, 2021",Men's Athletic Footwear,Midwest,Kohl's,Online,Kansas,55,"2,338",43
"September 12, 2021",Men's Athletic Footwear,Midwest,Kohl's,Online,Kansas,38,35,9
"August 13, 2021",Men's Athletic Footwear,Midwest,Kohl's,Online,Kansas,51,57,11
"October 14, 2021",Men's Athletic Footwear,Midwest,Kohl's,Online,Kansas,19,16,9
"March 12, 2021",Men's Athletic Footwear,Midwest,Kohl's,Online,Kansas,19,11,6
"April 13, 2021",Men's Athletic Footwear,Midwest,Kohl's,Online,Kansas,25,15,6
"June 14, 2021",Men's Athletic Footwear,Midwest,Kohl's,Online,Kansas,32,30,9
"May 12, 2021",Men's Athletic Footwear,Midwest,Kohl's,Online,Kansas,39,30,8
"July 12, 2021",Men's Athletic Footwear,Midwest,Kohl's,Online,Kansas,49,58,12
"March 12, 2021",Men's Street Footwear,Midwest,Kohl's,Online,Kansas,20,"1,090",55
"April 13, 2021",Men's Street Footwear,Midwest,Kohl's,Online,Kansas,25,"1,250",50
"October 14, 2021",Men's Street Footwear,Midwest,Kohl's,Online,Kansas,30,"1,500",50
"May 12, 2021",Men's Street Footwear,Midwest,Kohl's,Online,Kansas,40,"2,280",57
"June 14, 2021",Men's Street Footwear,Midwest,Kohl's,Online,Kansas,40,"2,300",58
"September 12, 2021",Men's Street Footwear,Midwest,Kohl's,Online,Kansas,50,"2,750",55
"July 12, 2021",Men's Street Footwear,Midwest,Kohl's,Online,Kansas,55,"3,713",68
"August 13, 2021",Men's Street Footwear,Midwest,Kohl's,Online,Kansas,60,"3,900",65
"April 13, 2021",Men's Street Footwear,Midwest,Kohl's,Online,Kansas,24,36,15
"May 12, 2021",Men's Street Footwear,Midwest,Kohl's,Online,Kansas,36,51,14
"October 14, 2021",Men's Street Footwear,Midwest,Kohl's,Online,Kansas,29,42,15
"March 12, 2021",Men's Street Footwear,Midwest,Kohl's,Online,Kansas,20,31,15
"June 14, 2021",Men's Street Footwear,Midwest,Kohl's,Online,Kansas,37,53,14
"September 12, 2021",Men's Street Footwear,Midwest,Kohl's,Online,Kansas,47,78,17
"July 12, 2021",Men's Street Footwear,Midwest,Kohl's,Online,Kansas,51,93,18
"August 13, 2021",Men's Street Footwear,Midwest,Kohl's,Online,Kansas,56,106,19
"February 14, 2021",Women's Apparel,Midwest,Kohl's,Online,Kansas,20,650,33
"March 12, 2021",Women's Apparel,Midwest,Kohl's,Online,Kansas,25,625,25
"April 13, 2021",Women's Apparel,Midwest,Kohl's,Online,Kansas,30,900,30
"September 12, 2021",Women's Apparel,Midwest,Kohl's,Online,Kansas,30,975,33
"May 12, 2021",Women's Apparel,Midwest,Kohl's,Online,Kansas,45,"1,463",33
"August 13, 2021",Women's Apparel,Midwest,Kohl's,Online,Kansas,55,"2,475",45
"June 14, 2021",Women's Apparel,Midwest,Kohl's,Online,Kansas,60,"2,700",45
"July 12, 2021",Women's Apparel,Midwest,Kohl's,Online,Kansas,65,"3,250",50
"May 12, 2021",Women's Apparel,Midwest,Kohl's,Online,Kansas,42,39,9
"February 14, 2021",Women's Apparel,Midwest,Kohl's,Online,Kansas,18,18,10
"April 13, 2021",Women's Apparel,Midwest,Kohl's,Online,Kansas,29,23,8
"September 12, 2021",Women's Apparel,Midwest,Kohl's,Online,Kansas,29,27,9
"June 14, 2021",Women's Apparel,Midwest,Kohl's,Online,Kansas,58,68,12
"July 12, 2021",Women's Apparel,Midwest,Kohl's,Online,Kansas,60,84,14
"March 12, 2021",Women's Apparel,Midwest,Kohl's,Online,Kansas,23,15,7
"August 13, 2021",Women's Apparel,Midwest,Kohl's,Online,Kansas,52,59,11
"September 12, 2021",Women's Athletic Footwear,Midwest,Kohl's,Online,Kansas,15,338,23
"March 12, 2021",Women's Athletic Footwear,Midwest,Kohl's,Online,Kansas,20,200,10
"April 13, 2021",Women's Athletic Footwear,Midwest,Kohl's,Online,Kansas,20,250,13
"February 14, 2021",Women's Athletic Footwear,Midwest,Kohl's,Online,Kansas,20,300,15
"October 14, 2021",Women's Athletic Footwear,Midwest,Kohl's,Online,Kansas,20,350,18
"May 12, 2021",Women's Athletic Footwear,Midwest,Kohl's,Online,Kansas,35,700,20
"June 14, 2021",Women's Athletic Footwear,Midwest,Kohl's,Online,Kansas,40,"1,100",28
"August 13, 2021",Women's Athletic Footwear,Midwest,Kohl's,Online,Kansas,40,"1,200",30
"July 12, 2021",Women's Athletic Footwear,Midwest,Kohl's,Online,Kansas,45,"1,350",30
"April 13, 2021",Women's Athletic Footwear,Midwest,Kohl's,Online,Kansas,19,7,4
"February 14, 2021",Women's Athletic Footwear,Midwest,Kohl's,Online,Kansas,20,8,4
"June 14, 2021",Women's Athletic Footwear,Midwest,Kohl's,Online,Kansas,38,30,8
"September 12, 2021",Women's Athletic Footwear,Midwest,Kohl's,Online,Kansas,14,9,7
"October 14, 2021",Women's Athletic Footwear,Midwest,Kohl's,Online,Kansas,19,9,5
"March 12, 2021",Women's Athletic Footwear,Midwest,Kohl's,Online,Kansas,20,5,3
"August 13, 2021",Women's Athletic Footwear,Midwest,Kohl's,Online,Kansas,37,33,9
"July 12, 2021",Women's Athletic Footwear,Midwest,Kohl's,Online,Kansas,43,32,8
"May 12, 2021",Women's Athletic Footwear,Midwest,Kohl's,Online,Kansas,32,19,6
"March 12, 2021",Women's Street Footwear,Midwest,Kohl's,Online,Kansas,10,250,25
"April 13, 2021",Women's Street Footwear,Midwest,Kohl's,Online,Kansas,15,300,20
"September 12, 2021",Women's Street Footwear,Midwest,Kohl's,Online,Kansas,15,375,25
"October 14, 2021",Women's Street Footwear,Midwest,Kohl's,Online,Kansas,20,400,20
"May 12, 2021",Women's Street Footwear,Midwest,Kohl's,Online,Kansas,35,875,25
"June 14, 2021",Women's Street Footwear,Midwest,Kohl's,Online,Kansas,40,"1,200",30
"July 12, 2021",Women's Street Footwear,Midwest,Kohl's,Online,Kansas,45,"1,575",35
"August 13, 2021",Women's Street Footwear,Midwest,Kohl's,Online,Kansas,50,"1,750",35
"March 12, 2021",Women's Street Footwear,Midwest,Kohl's,Online,Kansas,9,7,8
"June 14, 2021",Women's Street Footwear,Midwest,Kohl's,Online,Kansas,37,30,8
"July 12, 2021",Women's Street Footwear,Midwest,Kohl's,Online,Kansas,42,43,10
"September 12, 2021",Women's Street Footwear,Midwest,Kohl's,Online,Kansas,15,11,8
"October 14, 2021",Women's Street Footwear,Midwest,Kohl's,Online,Kansas,19,11,6
"May 12, 2021",Women's Street Footwear,Midwest,Kohl's,Online,Kansas,32,21,7
"April 13, 2021",Women's Street Footwear,Midwest,Kohl's,Online,Kansas,14,8,6
"August 13, 2021",Women's Street Footwear,Midwest,Kohl's,Online,Kansas,47,48,10
"August 12, 2021",Men's Athletic Footwear,Midwest,Sports Direct,Online,Illinois,28,55,20
"March 11, 2021",Men's Athletic Footwear,Midwest,Sports Direct,Online,Montana,29,53,18
"August 2, 2021",Men's Athletic Footwear,Midwest,Sports Direct,Online,Nebraska,29,57,20
"August 11, 2021",Men's Street Footwear,Midwest,Sports Direct,Online,Illinois,20,38,19
"March 10, 2021",Men's Street Footwear,Midwest,Sports Direct,Online,Montana,18,38,21
"August 1, 2021",Men's Street Footwear,Midwest,Sports Direct,Online,Nebraska,19,39,20
"August 14, 2021",Women's Athletic Footwear,Midwest,Sports Direct,Online,Illinois,34,52,15
"March 13, 2021",Women's Athletic Footwear,Midwest,Sports Direct,Online,Montana,32,43,14
"August 4, 2021",Women's Athletic Footwear,Midwest,Sports Direct,Online,Nebraska,33,46,14
"August 13, 2021",Women's Street Footwear,Midwest,Sports Direct,Online,Illinois,27,43,16
"March 12, 2021",Women's Street Footwear,Midwest,Sports Direct,Online,Montana,27,35,13
"August 3, 2021",Women's Street Footwear,Midwest,Sports Direct,Online,Nebraska,28,39,14
"July 20, 2020",Men's Athletic Footwear,Northeast,Sports Direct,Online,New York,34,77,23
"July 19, 2020",Men's Street Footwear,Northeast,Sports Direct,Online,New York,24,56,23
"July 22, 2020",Women's Athletic Footwear,Northeast,Sports Direct,Online,New York,34,60,18
"July 21, 2020",Women's Street Footwear,Northeast,Sports Direct,Online,New York,33,69,21
"January 5, 2021",Men's Apparel,South,Foot Locker,Online,Louisiana,40,"1,300",33
"January 5, 2021",Men's Apparel,South,Foot Locker,Online,Louisiana,36,31,9
"January 5, 2021",Men's Athletic Footwear,South,Foot Locker,Online,Louisiana,30,"2,025",68
"February 4, 2021",Men's Athletic Footwear,South,Foot Locker,Online,Louisiana,35,"2,100",60
"February 4, 2021",Men's Athletic Footwear,South,Foot Locker,Online,Louisiana,32,56,17
"January 5, 2021",Men's Athletic Footwear,South,Foot Locker,Online,Louisiana,28,55,20
"January 5, 2021",Men's Street Footwear,South,Foot Locker,Online,Louisiana,20,"1,350",68
"February 4, 2021",Men's Street Footwear,South,Foot Locker,Online,Louisiana,25,"1,563",63
"February 4, 2021",Men's Street Footwear,South,Foot Locker,Online,Louisiana,23,37,16
"January 5, 2021",Men's Street Footwear,South,Foot Locker,Online,Louisiana,19,35,18
"January 5, 2021",Women's Athletic Footwear,South,Foot Locker,Online,Louisiana,35,"1,663",48
"January 5, 2021",Women's Athletic Footwear,South,Foot Locker,Online,Louisiana,33,44,13
"January 5, 2021",Women's Street Footwear,South,Foot Locker,Online,Louisiana,30,"1,425",48
"February 4, 2021",Women's Street Footwear,South,Foot Locker,Online,Louisiana,35,"1,488",43
"January 5, 2021",Women's Street Footwear,South,Foot Locker,Online,Louisiana,28,33,12
"February 4, 2021",Women's Street Footwear,South,Foot Locker,Online,Louisiana,34,44,13
"January 16, 2021",Men's Apparel,South,Kohl's,Online,Oklahoma,35,875,25
"December 19, 2021",Men's Apparel,South,Kohl's,Online,Oklahoma,70,"2,275",33
"November 20, 2021",Men's Apparel,South,Kohl's,Online,Oklahoma,75,"2,063",28
"January 16, 2021",Men's Apparel,South,Kohl's,Online,Oklahoma,33,21,7
"December 19, 2021",Men's Apparel,South,Kohl's,Online,Oklahoma,69,56,8
"November 20, 2021",Men's Apparel,South,Kohl's,Online,Oklahoma,71,55,8
"November 20, 2021",Men's Athletic Footwear,South,Kohl's,Online,Oklahoma,15,450,30
"February 14, 2021",Men's Athletic Footwear,South,Kohl's,Online,Oklahoma,25,625,25
"January 16, 2021",Men's Athletic Footwear,South,Kohl's,Online,Oklahoma,25,875,35
"December 19, 2021",Men's Athletic Footwear,South,Kohl's,Online,Oklahoma,60,"2,550",43
"December 19, 2021",Men's Athletic Footwear,South,Kohl's,Online,Oklahoma,58,69,12
"November 20, 2021",Men's Athletic Footwear,South,Kohl's,Online,Oklahoma,14,11,8
"January 16, 2021",Men's Athletic Footwear,South,Kohl's,Online,Oklahoma,23,21,9
"February 14, 2021",Men's Athletic Footwear,South,Kohl's,Online,Oklahoma,23,15,7
"January 16, 2021",Men's Street Footwear,South,Kohl's,Online,Oklahoma,25,"1,375",55
"February 14, 2021",Men's Street Footwear,South,Kohl's,Online,Oklahoma,25,"1,500",60
"November 20, 2021",Men's Street Footwear,South,Kohl's,Online,Oklahoma,25,"1,188",48
"December 19, 2021",Men's Street Footwear,South,Kohl's,Online,Oklahoma,70,"4,375",63
"February 14, 2021",Men's Street Footwear,South,Kohl's,Online,Oklahoma,23,37,16
"January 16, 2021",Men's Street Footwear,South,Kohl's,Online,Oklahoma,23,34,15
"November 20, 2021",Men's Street Footwear,South,Kohl's,Online,Oklahoma,23,31,13
"December 19, 2021",Men's Street Footwear,South,Kohl's,Online,Oklahoma,64,108,17
"January 16, 2021",Women's Apparel,South,Kohl's,Online,Oklahoma,25,875,35
"October 21, 2021",Women's Apparel,South,Kohl's,Online,Oklahoma,30,975,33
"November 20, 2021",Women's Apparel,South,Kohl's,Online,Oklahoma,75,"2,813",38
"December 19, 2021",Women's Apparel,South,Kohl's,Online,Oklahoma,75,"3,188",43
"January 16, 2021",Women's Apparel,South,Kohl's,Online,Oklahoma,23,23,10
"December 19, 2021",Women's Apparel,South,Kohl's,Online,Oklahoma,68,84,12
"November 20, 2021",Women's Apparel,South,Kohl's,Online,Oklahoma,72,76,11
"October 21, 2021",Women's Apparel,South,Kohl's,Online,Oklahoma,29,26,9
"January 16, 2021",Women's Athletic Footwear,South,Kohl's,Online,Oklahoma,20,400,20
"November 20, 2021",Women's Athletic Footwear,South,Kohl's,Online,Oklahoma,55,"1,650",30
"December 19, 2021",Women's Athletic Footwear,South,Kohl's,Online,Oklahoma,60,"1,950",33
"January 16, 2021",Women's Athletic Footwear,South,Kohl's,Online,Oklahoma,19,11,6
"November 20, 2021",Women's Athletic Footwear,South,Kohl's,Online,Oklahoma,52,39,8
"December 19, 2021",Women's Athletic Footwear,South,Kohl's,Online,Oklahoma,54,51,9
"February 14, 2021",Women's Street Footwear,South,Kohl's,Online,Oklahoma,15,450,30
"January 16, 2021",Women's Street Footwear,South,Kohl's,Online,Oklahoma,15,525,35
"November 20, 2021",Women's Street Footwear,South,Kohl's,Online,Oklahoma,25,613,25
"December 19, 2021",Women's Street Footwear,South,Kohl's,Online,Oklahoma,60,"2,250",38
"January 16, 2021",Women's Street Footwear,South,Kohl's,Online,Oklahoma,14,12,9
"February 14, 2021",Women's Street Footwear,South,Kohl's,Online,Oklahoma,14,11,8
"December 19, 2021",Women's Street Footwear,South,Kohl's,Online,Oklahoma,55,56,10
"November 20, 2021",Women's Street Footwear,South,Kohl's,Online,Oklahoma,23,17,7
"August 5, 2021",Men's Apparel,South,Sports Direct,Online,Alabama,37,33,9
"August 11, 2021",Men's Apparel,South,Sports Direct,Online,Alabama,38,26,7
"August 17, 2021",Men's Apparel,South,Sports Direct,Online,Alabama,37,27,7
"August 23, 2021",Men's Apparel,South,Sports Direct,Online,Alabama,23,17,7
"August 29, 2021",Men's Apparel,South,Sports Direct,Online,Alabama,49,59,12
"September 4, 2021",Men's Apparel,South,Sports Direct,Online,Alabama,49,71,15
"October 10, 2021",Men's Apparel,South,Sports Direct,Online,Alabama,58,84,15
"September 22, 2021",Men's Apparel,South,Sports Direct,Online,Alabama,41,36,9
"September 10, 2021",Men's Apparel,South,Sports Direct,Online,Alabama,45,59,13
"October 4, 2021",Men's Apparel,South,Sports Direct,Online,Alabama,48,53,11
"September 16, 2021",Men's Apparel,South,Sports Direct,Online,Alabama,50,62,12
"September 28, 2021",Men's Apparel,South,Sports Direct,Online,Alabama,29,23,8
"January 23, 2021",Men's Apparel,South,Sports Direct,Online,Mississippi,35,"1,225",35
"January 23, 2021",Men's Apparel,South,Sports Direct,Online,Mississippi,34,32,10
"March 14, 2021",Men's Apparel,South,Sports Direct,Online,Tennessee,39,37,10
"March 20, 2021",Men's Apparel,South,Sports Direct,Online,Tennessee,37,31,8
"April 1, 2021",Men's Apparel,South,Sports Direct,Online,Tennessee,28,24,8
"March 26, 2021",Men's Apparel,South,Sports Direct,Online,Tennessee,39,27,7
"April 13, 2021",Men's Apparel,South,Sports Direct,Online,Tennessee,43,62,15
"April 7, 2021",Men's Apparel,South,Sports Direct,Online,Tennessee,41,43,11
"May 19, 2021",Men's Apparel,South,Sports Direct,Online,Tennessee,50,70,14
"May 7, 2021",Men's Apparel,South,Sports Direct,Online,Tennessee,32,28,9
"May 1, 2021",Men's Apparel,South,Sports Direct,Online,Tennessee,47,56,12
"April 19, 2021",Men's Apparel,South,Sports Direct,Online,Tennessee,43,71,17
"April 25, 2021",Men's Apparel,South,Sports Direct,Online,Tennessee,49,65,13
"May 13, 2021",Men's Apparel,South,Sports Direct,Online,Tennessee,51,58,11
"August 15, 2021",Men's Apparel,South,Sports Direct,Online,Texas,37,35,9
"August 21, 2021",Men's Apparel,South,Sports Direct,Online,Texas,38,29,8
"September 2, 2021",Men's Apparel,South,Sports Direct,Online,Texas,34,29,9
"September 14, 2021",Men's Apparel,South,Sports Direct,Online,Texas,45,65,15
"October 8, 2021",Men's Apparel,South,Sports Direct,Online,Texas,36,36,10
"August 27, 2021",Men's Apparel,South,Sports Direct,Online,Texas,38,31,8
"September 8, 2021",Men's Apparel,South,Sports Direct,Online,Texas,49,64,13
"September 20, 2021",Men's Apparel,South,Sports Direct,Online,Texas,47,78,17
"September 26, 2021",Men's Apparel,South,Sports Direct,Online,Texas,53,75,14
"October 14, 2021",Men's Apparel,South,Sports Direct,Online,Texas,56,77,14
"October 2, 2021",Men's Apparel,South,Sports Direct,Online,Texas,53,72,14
"October 20, 2021",Men's Apparel,South,Sports Direct,Online,Texas,58,92,16
"August 4, 2020",Men's Apparel,South,Sports Direct,Online,Texas,41,51,13
"July 23, 2020",Men's Apparel,South,Sports Direct,Online,Texas,36,55,15
"July 29, 2020",Men's Apparel,South,Sports Direct,Online,Texas,38,48,13
"August 8, 2021",Men's Athletic Footwear,South,Sports Direct,Online,Alabama,33,57,17
"August 14, 2021",Men's Athletic Footwear,South,Sports Direct,Online,Alabama,36,68,19
"September 1, 2021",Men's Athletic Footwear,South,Sports Direct,Online,Alabama,49,99,20
"August 20, 2021",Men's Athletic Footwear,South,Sports Direct,Online,Alabama,19,36,19
"August 26, 2021",Men's Athletic Footwear,South,Sports Direct,Online,Alabama,19,36,19
"October 1, 2021",Men's Athletic Footwear,South,Sports Direct,Online,Alabama,19,32,17
"September 25, 2021",Men's Athletic Footwear,South,Sports Direct,Online,Alabama,29,46,16
"September 19, 2021",Men's Athletic Footwear,South,Sports Direct,Online,Alabama,50,72,14
"September 7, 2021",Men's Athletic Footwear,South,Sports Direct,Online,Alabama,49,105,22
"October 7, 2021",Men's Athletic Footwear,South,Sports Direct,Online,Alabama,58,131,23
"September 13, 2021",Men's Athletic Footwear,South,Sports Direct,Online,Alabama,52,109,21
"February 21, 2021",Men's Athletic Footwear,South,Sports Direct,Online,Mississippi,25,875,35
"January 23, 2021",Men's Athletic Footwear,South,Sports Direct,Online,Mississippi,25,"1,125",45
"February 21, 2021",Men's Athletic Footwear,South,Sports Direct,Online,Mississippi,24,25,11
"January 23, 2021",Men's Athletic Footwear,South,Sports Direct,Online,Mississippi,25,33,13
"March 17, 2021",Men's Athletic Footwear,South,Sports Direct,Online,Tennessee,33,60,18
"April 4, 2021",Men's Athletic Footwear,South,Sports Direct,Online,Tennessee,23,50,22
"March 29, 2021",Men's Athletic Footwear,South,Sports Direct,Online,Tennessee,24,42,18
"April 10, 2021",Men's Athletic Footwear,South,Sports Direct,Online,Tennessee,42,85,20
"March 23, 2021",Men's Athletic Footwear,South,Sports Direct,Online,Tennessee,37,60,16
"May 16, 2021",Men's Athletic Footwear,South,Sports Direct,Online,Tennessee,51,122,24
"May 10, 2021",Men's Athletic Footwear,South,Sports Direct,Online,Tennessee,29,55,19
"April 22, 2021",Men's Athletic Footwear,South,Sports Direct,Online,Tennessee,54,126,23
"April 16, 2021",Men's Athletic Footwear,South,Sports Direct,Online,Tennessee,43,89,21
"May 4, 2021",Men's Athletic Footwear,South,Sports Direct,Online,Tennessee,32,48,15
"April 28, 2021",Men's Athletic Footwear,South,Sports Direct,Online,Tennessee,47,79,17
"August 18, 2021",Men's Athletic Footwear,South,Sports Direct,Online,Texas,32,52,16
"August 30, 2021",Men's Athletic Footwear,South,Sports Direct,Online,Texas,28,49,18
"September 11, 2021",Men's Athletic Footwear,South,Sports Direct,Online,Texas,49,98,20
"September 5, 2021",Men's Athletic Footwear,South,Sports Direct,Online,Texas,29,56,19
"October 11, 2021",Men's Athletic Footwear,South,Sports Direct,Online,Texas,37,81,22
"August 24, 2021",Men's Athletic Footwear,South,Sports Direct,Online,Texas,39,66,17
"September 23, 2021",Men's Athletic Footwear,South,Sports Direct,Online,Texas,53,110,21
"October 5, 2021",Men's Athletic Footwear,South,Sports Direct,Online,Texas,38,64,17
"September 29, 2021",Men's Athletic Footwear,South,Sports Direct,Online,Texas,54,95,18
"October 17, 2021",Men's Athletic Footwear,South,Sports Direct,Online,Texas,56,129,23
"September 17, 2021",Men's Athletic Footwear,South,Sports Direct,Online,Texas,48,103,22
"July 26, 2020",Men's Athletic Footwear,South,Sports Direct,Online,Texas,33,84,26
"August 7, 2020",Men's Athletic Footwear,South,Sports Direct,Online,Texas,38,86,23
"August 1, 2020",Men's Athletic Footwear,South,Sports Direct,Online,Texas,39,92,24
"August 7, 2021",Men's Street Footwear,South,Sports Direct,Online,Alabama,24,37,16
"August 13, 2021",Men's Street Footwear,South,Sports Direct,Online,Alabama,28,46,16
"August 31, 2021",Men's Street Footwear,South,Sports Direct,Online,Alabama,43,87,20
"August 19, 2021",Men's Street Footwear,South,Sports Direct,Online,Alabama,19,37,20
"August 25, 2021",Men's Street Footwear,South,Sports Direct,Online,Alabama,9,18,20
"September 24, 2021",Men's Street Footwear,South,Sports Direct,Online,Alabama,29,38,13
"September 18, 2021",Men's Street Footwear,South,Sports Direct,Online,Alabama,51,89,18
"September 12, 2021",Men's Street Footwear,South,Sports Direct,Online,Alabama,38,86,23
"October 6, 2021",Men's Street Footwear,South,Sports Direct,Online,Alabama,56,130,23
"September 30, 2021",Men's Street Footwear,South,Sports Direct,Online,Alabama,18,30,17
"September 6, 2021",Men's Street Footwear,South,Sports Direct,Online,Alabama,44,91,21
"January 23, 2021",Men's Street Footwear,South,Sports Direct,Online,Mississippi,25,"1,625",65
"February 21, 2021",Men's Street Footwear,South,Sports Direct,Online,Mississippi,25,"1,750",70
"January 23, 2021",Men's Street Footwear,South,Sports Direct,Online,Mississippi,24,42,18
"February 21, 2021",Men's Street Footwear,South,Sports Direct,Online,Mississippi,24,45,19
"April 3, 2021",Men's Street Footwear,South,Sports Direct,Online,Tennessee,14,26,19
"March 28, 2021",Men's Street Footwear,South,Sports Direct,Online,Tennessee,19,32,17
"March 16, 2021",Men's Street Footwear,South,Sports Direct,Online,Tennessee,24,41,17
"March 22, 2021",Men's Street Footwear,South,Sports Direct,Online,Tennessee,27,51,19
"April 9, 2021",Men's Street Footwear,South,Sports Direct,Online,Tennessee,36,78,22
"May 9, 2021",Men's Street Footwear,South,Sports Direct,Online,Tennessee,29,57,20
"May 3, 2021",Men's Street Footwear,South,Sports Direct,Online,Tennessee,33,57,17
"April 15, 2021",Men's Street Footwear,South,Sports Direct,Online,Tennessee,36,77,22
"April 21, 2021",Men's Street Footwear,South,Sports Direct,Online,Tennessee,41,96,23
"May 15, 2021",Men's Street Footwear,South,Sports Direct,Online,Tennessee,53,106,20
"April 27, 2021",Men's Street Footwear,South,Sports Direct,Online,Tennessee,49,89,18
"August 17, 2021",Men's Street Footwear,South,Sports Direct,Online,Texas,23,40,18
"August 29, 2021",Men's Street Footwear,South,Sports Direct,Online,Texas,18,33,18
"September 10, 2021",Men's Street Footwear,South,Sports Direct,Online,Texas,41,92,22
"September 4, 2021",Men's Street Footwear,South,Sports Direct,Online,Texas,19,37,20
"August 23, 2021",Men's Street Footwear,South,Sports Direct,Online,Texas,29,53,18
"October 4, 2021",Men's Street Footwear,South,Sports Direct,Online,Texas,39,61,16
"September 22, 2021",Men's Street Footwear,South,Sports Direct,Online,Texas,49,102,21
"September 16, 2021",Men's Street Footwear,South,Sports Direct,Online,Texas,41,95,23
"October 16, 2021",Men's Street Footwear,South,Sports Direct,Online,Texas,59,132,22
"October 10, 2021",Men's Street Footwear,South,Sports Direct,Online,Texas,38,69,18
"September 28, 2021",Men's Street Footwear,South,Sports Direct,Online,Texas,53,96,18
"July 31, 2020",Men's Street Footwear,South,Sports Direct,Online,Texas,29,74,25
"August 6, 2020",Men's Street Footwear,South,Sports Direct,Online,Texas,27,63,23
"July 25, 2020",Men's Street Footwear,South,Sports Direct,Online,Texas,23,49,21
"August 12, 2021",Women's Apparel,South,Sports Direct,Online,Alabama,33,42,13
"August 6, 2021",Women's Apparel,South,Sports Direct,Online,Alabama,32,44,14
"August 30, 2021",Women's Apparel,South,Sports Direct,Online,Alabama,43,87,20
"September 5, 2021",Women's Apparel,South,Sports Direct,Online,Alabama,50,123,25
"August 24, 2021",Women's Apparel,South,Sports Direct,Online,Alabama,20,30,15
"August 18, 2021",Women's Apparel,South,Sports Direct,Online,Alabama,34,35,10
"September 29, 2021",Women's Apparel,South,Sports Direct,Online,Alabama,36,51,14
"September 23, 2021",Women's Apparel,South,Sports Direct,Online,Alabama,37,56,15
"September 17, 2021",Women's Apparel,South,Sports Direct,Online,Alabama,59,107,18
"October 5, 2021",Women's Apparel,South,Sports Direct,Online,Alabama,56,105,19
"September 11, 2021",Women's Apparel,South,Sports Direct,Online,Alabama,56,134,24
"October 11, 2021",Women's Apparel,South,Sports Direct,Online,Alabama,68,138,20
"January 23, 2021",Women's Apparel,South,Sports Direct,Online,Mississippi,25,"1,125",45
"January 23, 2021",Women's Apparel,South,Sports Direct,Online,Mississippi,23,28,12
"March 21, 2021",Women's Apparel,South,Sports Direct,Online,Tennessee,32,43,13
"March 15, 2021",Women's Apparel,South,Sports Direct,Online,Tennessee,33,41,13
"April 14, 2021",Women's Apparel,South,Sports Direct,Online,Tennessee,49,116,24
"March 27, 2021",Women's Apparel,South,Sports Direct,Online,Tennessee,33,37,11
"April 8, 2021",Women's Apparel,South,Sports Direct,Online,Tennessee,38,77,20
"April 2, 2021",Women's Apparel,South,Sports Direct,Online,Tennessee,24,39,16
"April 20, 2021",Women's Apparel,South,Sports Direct,Online,Tennessee,52,116,22
"May 8, 2021",Women's Apparel,South,Sports Direct,Online,Tennessee,43,56,13
"April 26, 2021",Women's Apparel,South,Sports Direct,Online,Tennessee,53,96,18
"May 14, 2021",Women's Apparel,South,Sports Direct,Online,Tennessee,59,100,17
"May 2, 2021",Women's Apparel,South,Sports Direct,Online,Tennessee,42,68,16
"May 20, 2021",Women's Apparel,South,Sports Direct,Online,Tennessee,61,137,23
"August 16, 2021",Women's Apparel,South,Sports Direct,Online,Texas,33,49,15
"August 22, 2021",Women's Apparel,South,Sports Direct,Online,Texas,32,45,14
"September 3, 2021",Women's Apparel,South,Sports Direct,Online,Texas,29,45,16
"August 28, 2021",Women's Apparel,South,Sports Direct,Online,Texas,32,43,14
"September 15, 2021",Women's Apparel,South,Sports Direct,Online,Texas,53,139,26
"September 9, 2021",Women's Apparel,South,Sports Direct,Online,Texas,43,96,22
"October 15, 2021",Women's Apparel,South,Sports Direct,Online,Texas,67,118,18
"October 21, 2021",Women's Apparel,South,Sports Direct,Online,Texas,65,151,23
"September 21, 2021",Women's Apparel,South,Sports Direct,Online,Texas,54,138,26
"October 9, 2021",Women's Apparel,South,Sports Direct,Online,Texas,45,72,16
"October 3, 2021",Women's Apparel,South,Sports Direct,Online,Texas,48,97,20
"September 27, 2021",Women's Apparel,South,Sports Direct,Online,Texas,56,130,23
"August 5, 2020",Women's Apparel,South,Sports Direct,Online,Texas,39,74,19
"July 30, 2020",Women's Apparel,South,Sports Direct,Online,Texas,34,67,20
"July 24, 2020",Women's Apparel,South,Sports Direct,Online,Texas,34,69,20
"August 10, 2021",Women's Athletic Footwear,South,Sports Direct,Online,Alabama,32,31,10
"August 22, 2021",Women's Athletic Footwear,South,Sports Direct,Online,Alabama,18,20,11
"August 16, 2021",Women's Athletic Footwear,South,Sports Direct,Online,Alabama,33,35,11
"August 28, 2021",Women's Athletic Footwear,South,Sports Direct,Online,Alabama,34,46,14
"September 3, 2021",Women's Athletic Footwear,South,Sports Direct,Online,Alabama,41,74,18
"September 15, 2021",Women's Athletic Footwear,South,Sports Direct,Online,Alabama,46,55,12
"September 21, 2021",Women's Athletic Footwear,South,Sports Direct,Online,Alabama,58,55,10
"September 27, 2021",Women's Athletic Footwear,South,Sports Direct,Online,Alabama,32,29,9
"October 3, 2021",Women's Athletic Footwear,South,Sports Direct,Online,Alabama,44,58,13
"September 9, 2021",Women's Athletic Footwear,South,Sports Direct,Online,Alabama,44,76,17
"October 9, 2021",Women's Athletic Footwear,South,Sports Direct,Online,Alabama,63,90,14
"January 23, 2021",Women's Athletic Footwear,South,Sports Direct,Online,Mississippi,20,600,30
"January 23, 2021",Women's Athletic Footwear,South,Sports Direct,Online,Mississippi,19,15,8
"April 6, 2021",Women's Athletic Footwear,South,Sports Direct,Online,Tennessee,27,38,14
"March 19, 2021",Women's Athletic Footwear,South,Sports Direct,Online,Tennessee,33,36,11
"April 12, 2021",Women's Athletic Footwear,South,Sports Direct,Online,Tennessee,36,63,17
"March 25, 2021",Women's Athletic Footwear,South,Sports Direct,Online,Tennessee,33,33,10
"March 31, 2021",Women's Athletic Footwear,South,Sports Direct,Online,Tennessee,23,26,11
"April 18, 2021",Women's Athletic Footwear,South,Sports Direct,Online,Tennessee,37,60,16
"April 24, 2021",Women's Athletic Footwear,South,Sports Direct,Online,Tennessee,42,56,13
"May 12, 2021",Women's Athletic Footwear,South,Sports Direct,Online,Tennessee,52,69,13
"May 18, 2021",Women's Athletic Footwear,South,Sports Direct,Online,Tennessee,54,80,15
"May 6, 2021",Women's Athletic Footwear,South,Sports Direct,Online,Tennessee,38,37,10
"April 30, 2021",Women's Athletic Footwear,South,Sports Direct,Online,Tennessee,53,53,10
"August 20, 2021",Women's Athletic Footwear,South,Sports Direct,Online,Texas,32,41,13
"September 13, 2021",Women's Athletic Footwear,South,Sports Direct,Online,Texas,43,75,17
"August 26, 2021",Women's Athletic Footwear,South,Sports Direct,Online,Texas,32,37,12
"September 1, 2021",Women's Athletic Footwear,South,Sports Direct,Online,Texas,29,37,13
"September 7, 2021",Women's Athletic Footwear,South,Sports Direct,Online,Texas,34,52,15
"October 7, 2021",Women's Athletic Footwear,South,Sports Direct,Online,Texas,41,46,11
"September 19, 2021",Women's Athletic Footwear,South,Sports Direct,Online,Texas,43,65,15
"October 13, 2021",Women's Athletic Footwear,South,Sports Direct,Online,Texas,59,86,15
"October 19, 2021",Women's Athletic Footwear,South,Sports Direct,Online,Texas,59,102,17
"September 25, 2021",Women's Athletic Footwear,South,Sports Direct,Online,Texas,47,69,15
"October 1, 2021",Women's Athletic Footwear,South,Sports Direct,Online,Texas,56,71,13
"August 3, 2020",Women's Athletic Footwear,South,Sports Direct,Online,Texas,37,64,17
"August 9, 2020",Women's Athletic Footwear,South,Sports Direct,Online,Texas,36,59,16
"July 28, 2020",Women's Athletic Footwear,South,Sports Direct,Online,Texas,34,60,18
"August 9, 2021",Women's Street Footwear,South,Sports Direct,Online,Alabama,32,41,13
"August 27, 2021",Women's Street Footwear,South,Sports Direct,Online,Alabama,15,26,17
"August 15, 2021",Women's Street Footwear,South,Sports Direct,Online,Alabama,27,32,12
"August 21, 2021",Women's Street Footwear,South,Sports Direct,Online,Alabama,14,17,12
"September 2, 2021",Women's Street Footwear,South,Sports Direct,Online,Alabama,44,83,19
"September 26, 2021",Women's Street Footwear,South,Sports Direct,Online,Alabama,32,40,12
"September 14, 2021",Women's Street Footwear,South,Sports Direct,Online,Alabama,51,137,27
"October 8, 2021",Women's Street Footwear,South,Sports Direct,Online,Alabama,64,112,18
"September 8, 2021",Women's Street Footwear,South,Sports Direct,Online,Alabama,41,104,25
"September 20, 2021",Women's Street Footwear,South,Sports Direct,Online,Alabama,59,111,19
"October 2, 2021",Women's Street Footwear,South,Sports Direct,Online,Alabama,43,62,14
"February 21, 2021",Women's Street Footwear,South,Sports Direct,Online,Mississippi,15,600,40
"January 23, 2021",Women's Street Footwear,South,Sports Direct,Online,Mississippi,15,675,45
"February 21, 2021",Women's Street Footwear,South,Sports Direct,Online,Mississippi,14,17,12
"January 23, 2021",Women's Street Footwear,South,Sports Direct,Online,Mississippi,14,16,12
"March 18, 2021",Women's Street Footwear,South,Sports Direct,Online,Tennessee,32,39,12
"April 11, 2021",Women's Street Footwear,South,Sports Direct,Online,Tennessee,36,61,17
"April 5, 2021",Women's Street Footwear,South,Sports Direct,Online,Tennessee,19,34,18
"March 30, 2021",Women's Street Footwear,South,Sports Direct,Online,Tennessee,19,26,14
"March 24, 2021",Women's Street Footwear,South,Sports Direct,Online,Tennessee,28,35,12
"May 17, 2021",Women's Street Footwear,South,Sports Direct,Online,Tennessee,54,113,21
"May 11, 2021",Women's Street Footwear,South,Sports Direct,Online,Tennessee,50,87,17
"May 5, 2021",Women's Street Footwear,South,Sports Direct,Online,Tennessee,36,53,15
"April 29, 2021",Women's Street Footwear,South,Sports Direct,Online,Tennessee,54,98,18
"April 17, 2021",Women's Street Footwear,South,Sports Direct,Online,Tennessee,36,95,26
"April 23, 2021",Women's Street Footwear,South,Sports Direct,Online,Tennessee,46,131,29
"August 19, 2021",Women's Street Footwear,South,Sports Direct,Online,Texas,34,40,12
"September 6, 2021",Women's Street Footwear,South,Sports Direct,Online,Texas,24,42,18
"August 25, 2021",Women's Street Footwear,South,Sports Direct,Online,Texas,28,41,15
"September 12, 2021",Women's Street Footwear,South,Sports Direct,Online,Texas,44,77,18
"August 31, 2021",Women's Street Footwear,South,Sports Direct,Online,Texas,25,38,15
"October 6, 2021",Women's Street Footwear,South,Sports Direct,Online,Texas,41,59,14
"September 30, 2021",Women's Street Footwear,South,Sports Direct,Online,Texas,59,120,20
"October 18, 2021",Women's Street Footwear,South,Sports Direct,Online,Texas,62,117,19
"September 18, 2021",Women's Street Footwear,South,Sports Direct,Online,Texas,44,112,25
"September 24, 2021",Women's Street Footwear,South,Sports Direct,Online,Texas,46,126,27
"October 12, 2021",Women's Street Footwear,South,Sports Direct,Online,Texas,63,111,18
"July 27, 2020",Women's Street Footwear,South,Sports Direct,Online,Texas,32,56,18
"August 8, 2020",Women's Street Footwear,South,Sports Direct,Online,Texas,34,69,20
"August 2, 2020",Women's Street Footwear,South,Sports Direct,Online,Texas,32,58,18
"September 19, 2021",Men's Apparel,South,Walmart,Online,Arkansas,25,813,33
"October 21, 2021",Men's Apparel,South,Walmart,Online,Arkansas,30,825,28
"February 21, 2021",Men's Apparel,South,Walmart,Online,Arkansas,35,"1,138",33
"March 19, 2021",Men's Apparel,South,Walmart,Online,Arkansas,35,875,25
"April 20, 2021",Men's Apparel,South,Walmart,Online,Arkansas,40,"1,000",25
"May 19, 2021",Men's Apparel,South,Walmart,Online,Arkansas,45,"1,463",33
"August 20, 2021",Men's Apparel,South,Walmart,Online,Arkansas,50,"1,875",38
"June 21, 2021",Men's Apparel,South,Walmart,Online,Arkansas,55,"2,063",38
"July 19, 2021",Men's Apparel,South,Walmart,Online,Arkansas,60,"2,550",43
"February 21, 2021",Men's Apparel,South,Walmart,Online,Arkansas,34,33,10
"March 19, 2021",Men's Apparel,South,Walmart,Online,Arkansas,32,21,7
"October 21, 2021",Men's Apparel,South,Walmart,Online,Arkansas,27,22,8
"May 19, 2021",Men's Apparel,South,Walmart,Online,Arkansas,42,36,9
"April 20, 2021",Men's Apparel,South,Walmart,Online,Arkansas,37,27,7
"June 21, 2021",Men's Apparel,South,Walmart,Online,Arkansas,54,53,10
"August 20, 2021",Men's Apparel,South,Walmart,Online,Arkansas,48,54,11
"July 19, 2021",Men's Apparel,South,Walmart,Online,Arkansas,55,65,12
"September 19, 2021",Men's Apparel,South,Walmart,Online,Arkansas,23,22,9
"September 3, 2020",Men's Apparel,South,Walmart,Online,Texas,41,69,17
"August 28, 2020",Men's Apparel,South,Walmart,Online,Texas,41,80,20
"August 16, 2020",Men's Apparel,South,Walmart,Online,Texas,42,71,17
"September 15, 2020",Men's Apparel,South,Walmart,Online,Texas,42,63,15
"August 10, 2020",Men's Apparel,South,Walmart,Online,Texas,42,62,15
"September 9, 2020",Men's Apparel,South,Walmart,Online,Texas,44,77,18
"August 22, 2020",Men's Apparel,South,Walmart,Online,Texas,41,69,17
"October 30, 2020",Men's Apparel,South,Walmart,Online,Texas,42,71,17
"October 24, 2020",Men's Apparel,South,Walmart,Online,Texas,42,82,20
"March 19, 2021",Men's Athletic Footwear,South,Walmart,Online,Arkansas,20,650,33
"October 21, 2021",Men's Athletic Footwear,South,Walmart,Online,Arkansas,20,850,43
"April 20, 2021",Men's Athletic Footwear,South,Walmart,Online,Arkansas,25,750,30
"June 21, 2021",Men's Athletic Footwear,South,Walmart,Online,Arkansas,35,"1,488",43
"May 19, 2021",Men's Athletic Footwear,South,Walmart,Online,Arkansas,40,"1,500",38
"September 19, 2021",Men's Athletic Footwear,South,Walmart,Online,Arkansas,40,"1,800",45
"July 19, 2021",Men's Athletic Footwear,South,Walmart,Online,Arkansas,50,"2,625",53
"August 20, 2021",Men's Athletic Footwear,South,Walmart,Online,Arkansas,55,"2,888",53
"October 21, 2021",Men's Athletic Footwear,South,Walmart,Online,Arkansas,19,20,11
"March 19, 2021",Men's Athletic Footwear,South,Walmart,Online,Arkansas,20,20,10
"July 19, 2021",Men's Athletic Footwear,South,Walmart,Online,Arkansas,47,69,15
"September 19, 2021",Men's Athletic Footwear,South,Walmart,Online,Arkansas,39,49,13
"August 20, 2021",Men's Athletic Footwear,South,Walmart,Online,Arkansas,50,76,15
"April 20, 2021",Men's Athletic Footwear,South,Walmart,Online,Arkansas,24,19,8
"June 21, 2021",Men's Athletic Footwear,South,Walmart,Online,Arkansas,32,34,11
"May 19, 2021",Men's Athletic Footwear,South,Walmart,Online,Arkansas,38,43,11
"August 31, 2020",Men's Athletic Footwear,South,Walmart,Online,Texas,41,106,26
"August 19, 2020",Men's Athletic Footwear,South,Walmart,Online,Texas,42,100,24
"August 13, 2020",Men's Athletic Footwear,South,Walmart,Online,Texas,38,98,26
"September 6, 2020",Men's Athletic Footwear,South,Walmart,Online,Texas,41,87,21
"August 25, 2020",Men's Athletic Footwear,South,Walmart,Online,Texas,42,100,24
"September 12, 2020",Men's Athletic Footwear,South,Walmart,Online,Texas,43,93,22
"October 27, 2020",Men's Athletic Footwear,South,Walmart,Online,Texas,44,125,29
"October 21, 2020",Men's Athletic Footwear,South,Walmart,Online,Texas,43,104,24
"March 19, 2021",Men's Street Footwear,South,Walmart,Online,Arkansas,20,"1,290",65
"April 20, 2021",Men's Street Footwear,South,Walmart,Online,Arkansas,25,"1,500",60
"October 21, 2021",Men's Street Footwear,South,Walmart,Online,Arkansas,30,"1,800",60
"May 19, 2021",Men's Street Footwear,South,Walmart,Online,Arkansas,40,"2,680",67
"June 21, 2021",Men's Street Footwear,South,Walmart,Online,Arkansas,40,"2,700",68
"September 19, 2021",Men's Street Footwear,South,Walmart,Online,Arkansas,50,"3,250",65
"July 19, 2021",Men's Street Footwear,South,Walmart,Online,Arkansas,55,"4,263",78
"August 20, 2021",Men's Street Footwear,South,Walmart,Online,Arkansas,60,"4,500",75
"October 21, 2021",Men's Street Footwear,South,Walmart,Online,Arkansas,27,41,15
"June 21, 2021",Men's Street Footwear,South,Walmart,Online,Arkansas,36,73,20
"July 19, 2021",Men's Street Footwear,South,Walmart,Online,Arkansas,50,117,23
"September 19, 2021",Men's Street Footwear,South,Walmart,Online,Arkansas,48,87,18
"March 19, 2021",Men's Street Footwear,South,Walmart,Online,Arkansas,18,33,18
"April 20, 2021",Men's Street Footwear,South,Walmart,Online,Arkansas,23,40,17
"May 19, 2021",Men's Street Footwear,South,Walmart,Online,Arkansas,39,71,18
"August 20, 2021",Men's Street Footwear,South,Walmart,Online,Arkansas,55,116,21
"August 24, 2020",Men's Street Footwear,South,Walmart,Online,Texas,37,88,24
"August 18, 2020",Men's Street Footwear,South,Walmart,Online,Texas,39,93,24
"August 12, 2020",Men's Street Footwear,South,Walmart,Online,Texas,29,78,27
"October 26, 2020",Men's Street Footwear,South,Walmart,Online,Texas,41,98,24
"September 5, 2020",Men's Street Footwear,South,Walmart,Online,Texas,44,112,26
"August 30, 2020",Men's Street Footwear,South,Walmart,Online,Texas,37,99,27
"October 20, 2020",Men's Street Footwear,South,Walmart,Online,Texas,43,101,23
"September 11, 2020",Men's Street Footwear,South,Walmart,Online,Texas,44,106,24
"February 21, 2021",Women's Apparel,South,Walmart,Online,Arkansas,20,850,43
"March 19, 2021",Women's Apparel,South,Walmart,Online,Arkansas,25,875,35
"April 20, 2021",Women's Apparel,South,Walmart,Online,Arkansas,30,"1,200",40
"September 19, 2021",Women's Apparel,South,Walmart,Online,Arkansas,30,"1,275",43
"May 19, 2021",Women's Apparel,South,Walmart,Online,Arkansas,45,"1,913",43
"August 20, 2021",Women's Apparel,South,Walmart,Online,Arkansas,55,"3,025",55
"April 20, 2021",Women's Apparel,South,Walmart,Online,Arkansas,28,32,12
"August 20, 2021",Women's Apparel,South,Walmart,Online,Arkansas,50,72,14
"February 21, 2021",Women's Apparel,South,Walmart,Online,Arkansas,19,22,12
"September 19, 2021",Women's Apparel,South,Walmart,Online,Arkansas,29,35,12
"June 21, 2021",Women's Apparel,South,Walmart,Online,Arkansas,54,86,16
"July 19, 2021",Women's Apparel,South,Walmart,Online,Arkansas,63,95,15
"May 19, 2021",Women's Apparel,South,Walmart,Online,Arkansas,44,49,11
"August 11, 2020",Women's Apparel,South,Walmart,Online,Texas,39,90,23
"October 25, 2020",Women's Apparel,South,Walmart,Online,Texas,51,126,25
"September 16, 2020",Women's Apparel,South,Walmart,Online,Texas,53,111,21
"October 31, 2020",Women's Apparel,South,Walmart,Online,Texas,53,138,26
"August 17, 2020",Women's Apparel,South,Walmart,Online,Texas,37,102,28
"August 29, 2020",Women's Apparel,South,Walmart,Online,Texas,47,138,29
"August 23, 2020",Women's Apparel,South,Walmart,Online,Texas,47,118,25
"September 10, 2020",Women's Apparel,South,Walmart,Online,Texas,50,107,21
"September 4, 2020",Women's Apparel,South,Walmart,Online,Texas,46,104,23
"September 19, 2021",Women's Athletic Footwear,South,Walmart,Online,Arkansas,15,488,33
"March 19, 2021",Women's Athletic Footwear,South,Walmart,Online,Arkansas,20,400,20
"April 20, 2021",Women's Athletic Footwear,South,Walmart,Online,Arkansas,20,450,23
"February 21, 2021",Women's Athletic Footwear,South,Walmart,Online,Arkansas,20,500,25
"October 21, 2021",Women's Athletic Footwear,South,Walmart,Online,Arkansas,20,550,28
"May 19, 2021",Women's Athletic Footwear,South,Walmart,Online,Arkansas,35,"1,050",30
"June 21, 2021",Women's Athletic Footwear,South,Walmart,Online,Arkansas,40,"1,500",38
"August 20, 2021",Women's Athletic Footwear,South,Walmart,Online,Arkansas,40,"1,600",40
"July 19, 2021",Women's Athletic Footwear,South,Walmart,Online,Arkansas,45,"1,800",40
"February 21, 2021",Women's Athletic Footwear,South,Walmart,Online,Arkansas,18,13,7
"August 20, 2021",Women's Athletic Footwear,South,Walmart,Online,Arkansas,39,41,10
"September 19, 2021",Women's Athletic Footwear,South,Walmart,Online,Arkansas,14,12,9
"March 19, 2021",Women's Athletic Footwear,South,Walmart,Online,Arkansas,19,11,6
"June 21, 2021",Women's Athletic Footwear,South,Walmart,Online,Arkansas,37,36,10
"October 21, 2021",Women's Athletic Footwear,South,Walmart,Online,Arkansas,19,14,7
"April 20, 2021",Women's Athletic Footwear,South,Walmart,Online,Arkansas,20,13,6
"May 19, 2021",Women's Athletic Footwear,South,Walmart,Online,Arkansas,34,27,8
"July 19, 2021",Women's Athletic Footwear,South,Walmart,Online,Arkansas,41,48,12
"September 8, 2020",Women's Athletic Footwear,South,Walmart,Online,Texas,47,85,18
"October 23, 2020",Women's Athletic Footwear,South,Walmart,Online,Texas,48,97,20
"August 21, 2020",Women's Athletic Footwear,South,Walmart,Online,Texas,38,77,20
"August 15, 2020",Women's Athletic Footwear,South,Walmart,Online,Texas,39,74,19
"September 14, 2020",Women's Athletic Footwear,South,Walmart,Online,Texas,45,76,17
"October 29, 2020",Women's Athletic Footwear,South,Walmart,Online,Texas,47,86,18
"September 2, 2020",Women's Athletic Footwear,South,Walmart,Online,Texas,38,72,19
"August 27, 2020",Women's Athletic Footwear,South,Walmart,Online,Texas,36,76,21
"March 19, 2021",Women's Street Footwear,South,Walmart,Online,Arkansas,10,350,35
"April 20, 2021",Women's Street Footwear,South,Walmart,Online,Arkansas,15,450,30
"September 19, 2021",Women's Street Footwear,South,Walmart,Online,Arkansas,15,525,35
"October 21, 2021",Women's Street Footwear,South,Walmart,Online,Arkansas,20,600,30
"May 19, 2021",Women's Street Footwear,South,Walmart,Online,Arkansas,35,"1,225",35
"June 21, 2021",Women's Street Footwear,South,Walmart,Online,Arkansas,40,"1,600",40
"July 19, 2021",Women's Street Footwear,South,Walmart,Online,Arkansas,45,"2,025",45
"August 20, 2021",Women's Street Footwear,South,Walmart,Online,Arkansas,50,"2,250",45
"October 21, 2021",Women's Street Footwear,South,Walmart,Online,Arkansas,19,15,8
"July 19, 2021",Women's Street Footwear,South,Walmart,Online,Arkansas,43,54,13
"April 20, 2021",Women's Street Footwear,South,Walmart,Online,Arkansas,14,11,8
"September 19, 2021",Women's Street Footwear,South,Walmart,Online,Arkansas,14,12,9
"August 20, 2021",Women's Street Footwear,South,Walmart,Online,Arkansas,47,59,13
"March 19, 2021",Women's Street Footwear,South,Walmart,Online,Arkansas,10,9,9
"June 21, 2021",Women's Street Footwear,South,Walmart,Online,Arkansas,38,40,10
"May 19, 2021",Women's Street Footwear,South,Walmart,Online,Arkansas,34,31,9
"August 26, 2020",Women's Street Footwear,South,Walmart,Online,Texas,37,118,32
"September 1, 2020",Women's Street Footwear,South,Walmart,Online,Texas,39,116,30
"September 13, 2020",Women's Street Footwear,South,Walmart,Online,Texas,48,90,19
"August 14, 2020",Women's Street Footwear,South,Walmart,Online,Texas,33,74,23
"October 22, 2020",Women's Street Footwear,South,Walmart,Online,Texas,47,97,21
"August 20, 2020",Women's Street Footwear,South,Walmart,Online,Texas,37,86,23
"September 7, 2020",Women's Street Footwear,South,Walmart,Online,Texas,46,108,23
"October 28, 2020",Women's Street Footwear,South,Walmart,Online,Texas,47,120,26
"January 23, 2021",Men's Apparel,South,West Gear,Online,Arkansas,35,963,28
"December 19, 2021",Men's Apparel,South,West Gear,Online,Arkansas,70,"2,800",40
"November 20, 2021",Men's Apparel,South,West Gear,Online,Arkansas,75,"2,625",35
"November 20, 2021",Men's Apparel,South,West Gear,Online,Arkansas,69,63,9
"December 19, 2021",Men's Apparel,South,West Gear,Online,Arkansas,64,72,11
"January 23, 2021",Men's Apparel,South,West Gear,Online,Arkansas,33,26,8
"September 19, 2021",Men's Apparel,South,West Gear,Online,Oklahoma,25,625,25
"October 21, 2021",Men's Apparel,South,West Gear,Online,Oklahoma,30,600,20
"February 21, 2021",Men's Apparel,South,West Gear,Online,Oklahoma,35,875,25
"March 19, 2021",Men's Apparel,South,West Gear,Online,Oklahoma,35,613,18
"April 20, 2021",Men's Apparel,South,West Gear,Online,Oklahoma,40,700,18
"May 19, 2021",Men's Apparel,South,West Gear,Online,Oklahoma,45,"1,125",25
"August 20, 2021",Men's Apparel,South,West Gear,Online,Oklahoma,50,"1,500",30
"June 21, 2021",Men's Apparel,South,West Gear,Online,Oklahoma,55,"1,650",30
"July 19, 2021",Men's Apparel,South,West Gear,Online,Oklahoma,60,"2,100",35
"September 19, 2021",Men's Apparel,South,West Gear,Online,Oklahoma,23,16,7
"May 19, 2021",Men's Apparel,South,West Gear,Online,Oklahoma,43,32,8
"August 20, 2021",Men's Apparel,South,West Gear,Online,Oklahoma,47,38,8
"July 19, 2021",Men's Apparel,South,West Gear,Online,Oklahoma,59,58,10
"March 19, 2021",Men's Apparel,South,West Gear,Online,Oklahoma,34,17,5
"February 21, 2021",Men's Apparel,South,West Gear,Online,Oklahoma,34,26,8
"June 21, 2021",Men's Apparel,South,West Gear,Online,Oklahoma,51,44,9
"October 21, 2021",Men's Apparel,South,West Gear,Online,Oklahoma,29,15,5
"April 20, 2021",Men's Apparel,South,West Gear,Online,Oklahoma,38,20,5
"November 20, 2021",Men's Athletic Footwear,South,West Gear,Online,Arkansas,15,563,38
"February 21, 2021",Men's Athletic Footwear,South,West Gear,Online,Arkansas,25,688,28
"January 23, 2021",Men's Athletic Footwear,South,West Gear,Online,Arkansas,25,938,38
"December 19, 2021",Men's Athletic Footwear,South,West Gear,Online,Arkansas,60,"3,000",50
"January 23, 2021",Men's Athletic Footwear,South,West Gear,Online,Arkansas,25,27,11
"February 21, 2021",Men's Athletic Footwear,South,West Gear,Online,Arkansas,23,18,8
"December 19, 2021",Men's Athletic Footwear,South,West Gear,Online,Arkansas,54,76,14
"November 20, 2021",Men's Athletic Footwear,South,West Gear,Online,Arkansas,14,13,9
"March 19, 2021",Men's Athletic Footwear,South,West Gear,Online,Oklahoma,20,500,25
"October 21, 2021",Men's Athletic Footwear,South,West Gear,Online,Oklahoma,20,700,35
"April 20, 2021",Men's Athletic Footwear,South,West Gear,Online,Oklahoma,25,563,23
"June 21, 2021",Men's Athletic Footwear,South,West Gear,Online,Oklahoma,35,"1,225",35
"May 19, 2021",Men's Athletic Footwear,South,West Gear,Online,Oklahoma,40,"1,200",30
"September 19, 2021",Men's Athletic Footwear,South,West Gear,Online,Oklahoma,40,"1,500",38
"July 19, 2021",Men's Athletic Footwear,South,West Gear,Online,Oklahoma,50,"2,250",45
"August 20, 2021",Men's Athletic Footwear,South,West Gear,Online,Oklahoma,55,"2,475",45
"June 21, 2021",Men's Athletic Footwear,South,West Gear,Online,Oklahoma,33,29,9
"September 19, 2021",Men's Athletic Footwear,South,West Gear,Online,Oklahoma,38,37,10
"May 19, 2021",Men's Athletic Footwear,South,West Gear,Online,Oklahoma,39,34,9
"October 21, 2021",Men's Athletic Footwear,South,West Gear,Online,Oklahoma,19,17,9
"August 20, 2021",Men's Athletic Footwear,South,West Gear,Online,Oklahoma,51,58,11
"March 19, 2021",Men's Athletic Footwear,South,West Gear,Online,Oklahoma,19,14,7
"April 20, 2021",Men's Athletic Footwear,South,West Gear,Online,Oklahoma,23,15,7
"July 19, 2021",Men's Athletic Footwear,South,West Gear,Online,Oklahoma,45,53,12
"January 23, 2021",Men's Street Footwear,South,West Gear,Online,Arkansas,25,"1,438",58
"February 21, 2021",Men's Street Footwear,South,West Gear,Online,Arkansas,25,"1,563",63
"November 20, 2021",Men's Street Footwear,South,West Gear,Online,Arkansas,25,"1,375",55
"December 19, 2021",Men's Street Footwear,South,West Gear,Online,Arkansas,70,"4,900",70
"November 20, 2021",Men's Street Footwear,South,West Gear,Online,Arkansas,24,34,14
"February 21, 2021",Men's Street Footwear,South,West Gear,Online,Arkansas,24,41,17
"January 23, 2021",Men's Street Footwear,South,West Gear,Online,Arkansas,24,40,17
"December 19, 2021",Men's Street Footwear,South,West Gear,Online,Arkansas,67,136,20
"March 19, 2021",Men's Street Footwear,South,West Gear,Online,Oklahoma,20,"1,140",57
"April 20, 2021",Men's Street Footwear,South,West Gear,Online,Oklahoma,25,"1,313",53
"October 21, 2021",Men's Street Footwear,South,West Gear,Online,Oklahoma,30,"1,575",53
"May 19, 2021",Men's Street Footwear,South,West Gear,Online,Oklahoma,40,"2,380",60
"June 21, 2021",Men's Street Footwear,South,West Gear,Online,Oklahoma,40,"2,400",60
"September 19, 2021",Men's Street Footwear,South,West Gear,Online,Oklahoma,50,"2,875",58
"July 19, 2021",Men's Street Footwear,South,West Gear,Online,Oklahoma,55,"3,850",70
"August 20, 2021",Men's Street Footwear,South,West Gear,Online,Oklahoma,60,"4,050",68
"March 19, 2021",Men's Street Footwear,South,West Gear,Online,Oklahoma,19,29,15
"June 21, 2021",Men's Street Footwear,South,West Gear,Online,Oklahoma,38,59,16
"August 20, 2021",Men's Street Footwear,South,West Gear,Online,Oklahoma,56,106,19
"July 19, 2021",Men's Street Footwear,South,West Gear,Online,Oklahoma,50,91,18
"April 20, 2021",Men's Street Footwear,South,West Gear,Online,Oklahoma,24,36,15
"October 21, 2021",Men's Street Footwear,South,West Gear,Online,Oklahoma,29,40,14
"May 19, 2021",Men's Street Footwear,South,West Gear,Online,Oklahoma,36,60,17
"September 19, 2021",Men's Street Footwear,South,West Gear,Online,Oklahoma,49,74,15
"January 23, 2021",Women's Apparel,South,West Gear,Online,Arkansas,25,938,38
"October 21, 2021",Women's Apparel,South,West Gear,Online,Arkansas,30,"1,200",40
"November 20, 2021",Women's Apparel,South,West Gear,Online,Arkansas,75,"3,375",45
"December 19, 2021",Women's Apparel,South,West Gear,Online,Arkansas,75,"3,750",50
"December 19, 2021",Women's Apparel,South,West Gear,Online,Arkansas,70,105,15
"January 23, 2021",Women's Apparel,South,West Gear,Online,Arkansas,23,23,10
"October 21, 2021",Women's Apparel,South,West Gear,Online,Arkansas,29,30,10
"November 20, 2021",Women's Apparel,South,West Gear,Online,Arkansas,73,85,12
"January 5, 2021",Women's Apparel,South,West Gear,Online,Louisiana,35,"1,663",48
"January 5, 2021",Women's Apparel,South,West Gear,Online,Louisiana,34,49,14
"February 21, 2021",Women's Apparel,South,West Gear,Online,Oklahoma,20,700,35
"March 19, 2021",Women's Apparel,South,West Gear,Online,Oklahoma,25,688,28
"April 20, 2021",Women's Apparel,South,West Gear,Online,Oklahoma,30,975,33
"September 19, 2021",Women's Apparel,South,West Gear,Online,Oklahoma,30,"1,050",35
"May 19, 2021",Women's Apparel,South,West Gear,Online,Oklahoma,45,"1,575",35
"August 20, 2021",Women's Apparel,South,West Gear,Online,Oklahoma,55,"2,613",48
"June 21, 2021",Women's Apparel,South,West Gear,Online,Oklahoma,60,"2,850",48
"July 19, 2021",Women's Apparel,South,West Gear,Online,Oklahoma,65,"3,413",53
"February 21, 2021",Women's Apparel,South,West Gear,Online,Oklahoma,18,18,10
"June 21, 2021",Women's Apparel,South,West Gear,Online,Oklahoma,55,68,12
"September 19, 2021",Women's Apparel,South,West Gear,Online,Oklahoma,28,25,9
"May 19, 2021",Women's Apparel,South,West Gear,Online,Oklahoma,42,41,10
"August 20, 2021",Women's Apparel,South,West Gear,Online,Oklahoma,50,62,12
"March 19, 2021",Women's Apparel,South,West Gear,Online,Oklahoma,23,16,7
"July 19, 2021",Women's Apparel,South,West Gear,Online,Oklahoma,61,87,14
"April 20, 2021",Women's Apparel,South,West Gear,Online,Oklahoma,28,26,9
"January 23, 2021",Women's Athletic Footwear,South,West Gear,Online,Arkansas,20,450,23
"November 20, 2021",Women's Athletic Footwear,South,West Gear,Online,Arkansas,55,"2,063",38
"December 19, 2021",Women's Athletic Footwear,South,West Gear,Online,Arkansas,60,"2,400",40
"November 20, 2021",Women's Athletic Footwear,South,West Gear,Online,Arkansas,51,56,11
"December 19, 2021",Women's Athletic Footwear,South,West Gear,Online,Arkansas,57,68,12
"January 23, 2021",Women's Athletic Footwear,South,West Gear,Online,Arkansas,18,12,7
"September 19, 2021",Women's Athletic Footwear,South,West Gear,Online,Oklahoma,15,375,25
"March 19, 2021",Women's Athletic Footwear,South,West Gear,Online,Oklahoma,20,250,13
"April 20, 2021",Women's Athletic Footwear,South,West Gear,Online,Oklahoma,20,300,15
"February 21, 2021",Women's Athletic Footwear,South,West Gear,Online,Oklahoma,20,350,18
"October 21, 2021",Women's Athletic Footwear,South,West Gear,Online,Oklahoma,20,400,20
"May 19, 2021",Women's Athletic Footwear,South,West Gear,Online,Oklahoma,35,788,23
"June 21, 2021",Women's Athletic Footwear,South,West Gear,Online,Oklahoma,40,"1,200",30
"August 20, 2021",Women's Athletic Footwear,South,West Gear,Online,Oklahoma,40,"1,300",33
"July 19, 2021",Women's Athletic Footwear,South,West Gear,Online,Oklahoma,45,"1,463",33
"March 19, 2021",Women's Athletic Footwear,South,West Gear,Online,Oklahoma,20,7,3
"June 21, 2021",Women's Athletic Footwear,South,West Gear,Online,Oklahoma,38,33,9
"September 19, 2021",Women's Athletic Footwear,South,West Gear,Online,Oklahoma,14,9,6
"February 21, 2021",Women's Athletic Footwear,South,West Gear,Online,Oklahoma,19,9,5
"October 21, 2021",Women's Athletic Footwear,South,West Gear,Online,Oklahoma,18,9,5
"August 20, 2021",Women's Athletic Footwear,South,West Gear,Online,Oklahoma,37,33,9
"April 20, 2021",Women's Athletic Footwear,South,West Gear,Online,Oklahoma,18,8,5
"July 19, 2021",Women's Athletic Footwear,South,West Gear,Online,Oklahoma,41,35,9
"May 19, 2021",Women's Athletic Footwear,South,West Gear,Online,Oklahoma,34,20,6
"February 21, 2021",Women's Street Footwear,South,West Gear,Online,Arkansas,15,488,33
"January 23, 2021",Women's Street Footwear,South,West Gear,Online,Arkansas,15,563,38
"November 20, 2021",Women's Street Footwear,South,West Gear,Online,Arkansas,25,800,32
"December 19, 2021",Women's Street Footwear,South,West Gear,Online,Arkansas,60,"2,700",45
"February 21, 2021",Women's Street Footwear,South,West Gear,Online,Arkansas,15,14,9
"November 20, 2021",Women's Street Footwear,South,West Gear,Online,Arkansas,23,21,9
"December 19, 2021",Women's Street Footwear,South,West Gear,Online,Arkansas,55,69,13
"January 23, 2021",Women's Street Footwear,South,West Gear,Online,Arkansas,15,15,10
"March 19, 2021",Women's Street Footwear,South,West Gear,Online,Oklahoma,10,275,28
"April 20, 2021",Women's Street Footwear,South,West Gear,Online,Oklahoma,15,338,23
"September 19, 2021",Women's Street Footwear,South,West Gear,Online,Oklahoma,15,413,28
"October 21, 2021",Women's Street Footwear,South,West Gear,Online,Oklahoma,20,450,23
"May 19, 2021",Women's Street Footwear,South,West Gear,Online,Oklahoma,35,963,28
"June 21, 2021",Women's Street Footwear,South,West Gear,Online,Oklahoma,40,"1,300",33
"July 19, 2021",Women's Street Footwear,South,West Gear,Online,Oklahoma,45,"1,688",38
"August 20, 2021",Women's Street Footwear,South,West Gear,Online,Oklahoma,50,"1,875",38
"March 19, 2021",Women's Street Footwear,South,West Gear,Online,Oklahoma,9,7,8
"September 19, 2021",Women's Street Footwear,South,West Gear,Online,Oklahoma,14,10,7
"October 21, 2021",Women's Street Footwear,South,West Gear,Online,Oklahoma,20,11,6
"May 19, 2021",Women's Street Footwear,South,West Gear,Online,Oklahoma,34,24,7
"June 21, 2021",Women's Street Footwear,South,West Gear,Online,Oklahoma,36,32,9
"April 20, 2021",Women's Street Footwear,South,West Gear,Online,Oklahoma,14,10,7
"August 20, 2021",Women's Street Footwear,South,West Gear,Online,Oklahoma,47,53,11
"July 19, 2021",Women's Street Footwear,South,West Gear,Online,Oklahoma,44,41,9
"February 4, 2021",Men's Apparel,West,Foot Locker,Online,Idaho,40,"1,000",25
"February 4, 2021",Men's Apparel,West,Foot Locker,Online,Idaho,39,27,7
"December 4, 2021",Men's Apparel,West,Foot Locker,Online,Idaho,55,"2,613",48
"December 4, 2021",Men's Apparel,West,Foot Locker,Online,Idaho,50,67,13
"March 6, 2021",Men's Athletic Footwear,West,Foot Locker,Online,Idaho,40,"2,500",63
"December 4, 2021",Men's Athletic Footwear,West,Foot Locker,Online,Idaho,55,"4,263",78
"August 8, 2021",Men's Athletic Footwear,West,Foot Locker,Online,Idaho,55,"4,125",75
"March 6, 2021",Men's Athletic Footwear,West,Foot Locker,Online,Idaho,36,61,17
"August 8, 2021",Men's Athletic Footwear,West,Foot Locker,Online,Idaho,53,103,20
"December 4, 2021",Men's Athletic Footwear,West,Foot Locker,Online,Idaho,51,107,21
"March 6, 2021",Men's Street Footwear,West,Foot Locker,Online,Idaho,30,"1,875",63
"August 8, 2021",Men's Street Footwear,West,Foot Locker,Online,Idaho,50,"3,750",75
"December 4, 2021",Men's Street Footwear,West,Foot Locker,Online,Idaho,55,"4,263",78
"March 6, 2021",Men's Street Footwear,West,Foot Locker,Online,Idaho,28,44,16
"December 4, 2021",Men's Street Footwear,West,Foot Locker,Online,Idaho,54,126,23
"August 8, 2021",Men's Street Footwear,West,Foot Locker,Online,Idaho,46,97,21
"February 4, 2021",Women's Apparel,West,Foot Locker,Online,Idaho,35,"1,575",45
"February 4, 2021",Women's Apparel,West,Foot Locker,Online,Idaho,34,45,13
"December 4, 2021",Women's Apparel,West,Foot Locker,Online,Idaho,65,"4,713",73
"July 6, 2021",Women's Apparel,West,Foot Locker,Online,Idaho,65,"5,200",80
"December 4, 2021",Women's Apparel,West,Foot Locker,Online,Idaho,60,118,20
"July 6, 2021",Women's Apparel,West,Foot Locker,Online,Idaho,64,133,21
"February 4, 2021",Women's Athletic Footwear,West,Foot Locker,Online,Idaho,35,"1,313",38
"March 6, 2021",Women's Athletic Footwear,West,Foot Locker,Online,Idaho,35,"1,225",35
"August 8, 2021",Women's Athletic Footwear,West,Foot Locker,Online,Idaho,50,"2,375",48
"December 4, 2021",Women's Athletic Footwear,West,Foot Locker,Online,Idaho,60,"3,150",53
"February 4, 2021",Women's Athletic Footwear,West,Foot Locker,Online,Idaho,32,35,11
"March 6, 2021",Women's Athletic Footwear,West,Foot Locker,Online,Idaho,33,35,11
"August 8, 2021",Women's Athletic Footwear,West,Foot Locker,Online,Idaho,48,60,12
"December 4, 2021",Women's Athletic Footwear,West,Foot Locker,Online,Idaho,59,84,14
"March 6, 2021",Women's Street Footwear,West,Foot Locker,Online,Idaho,30,"1,350",45
"August 8, 2021",Women's Street Footwear,West,Foot Locker,Online,Idaho,50,"4,625",93
"December 4, 2021",Women's Street Footwear,West,Foot Locker,Online,Idaho,60,"4,050",68
"March 6, 2021",Women's Street Footwear,West,Foot Locker,Online,Idaho,28,32,11
"December 4, 2021",Women's Street Footwear,West,Foot Locker,Online,Idaho,56,99,18
"August 8, 2021",Women's Street Footwear,West,Foot Locker,Online,Idaho,46,115,25
"October 4, 2021",Men's Apparel,West,Sports Direct,Online,Idaho,35,"1,225",35
"November 5, 2021",Men's Apparel,West,Sports Direct,Online,Idaho,55,"2,338",43
"September 5, 2021",Men's Apparel,West,Sports Direct,Online,Idaho,55,"2,200",40
"August 8, 2021",Men's Apparel,West,Sports Direct,Online,Idaho,55,"2,613",48
"September 5, 2021",Men's Apparel,West,Sports Direct,Online,Idaho,50,52,10
"August 8, 2021",Men's Apparel,West,Sports Direct,Online,Idaho,52,69,13
"October 4, 2021",Men's Apparel,West,Sports Direct,Online,Idaho,32,29,9
"November 5, 2021",Men's Apparel,West,Sports Direct,Online,Idaho,54,57,11
"November 5, 2021",Men's Athletic Footwear,West,Sports Direct,Online,Idaho,35,"2,363",68
"October 4, 2021",Men's Athletic Footwear,West,Sports Direct,Online,Idaho,40,"2,300",58
"September 5, 2021",Men's Athletic Footwear,West,Sports Direct,Online,Idaho,55,"3,438",63
"November 5, 2021",Men's Athletic Footwear,West,Sports Direct,Online,Idaho,32,60,19
"September 5, 2021",Men's Athletic Footwear,West,Sports Direct,Online,Idaho,50,94,19
"October 4, 2021",Men's Athletic Footwear,West,Sports Direct,Online,Idaho,37,64,17
"November 5, 2021",Men's Street Footwear,West,Sports Direct,Online,Idaho,35,"2,363",68
"October 4, 2021",Men's Street Footwear,West,Sports Direct,Online,Idaho,40,"2,300",58
"September 5, 2021",Men's Street Footwear,West,Sports Direct,Online,Idaho,55,"3,713",68
"September 5, 2021",Men's Street Footwear,West,Sports Direct,Online,Idaho,50,88,18
"October 4, 2021",Men's Street Footwear,West,Sports Direct,Online,Idaho,36,60,17
"November 5, 2021",Men's Street Footwear,West,Sports Direct,Online,Idaho,33,60,18
"October 4, 2021",Women's Apparel,West,Sports Direct,Online,Idaho,45,"2,363",53
"September 5, 2021",Women's Apparel,West,Sports Direct,Online,Idaho,50,"3,125",63
"August 8, 2021",Women's Apparel,West,Sports Direct,Online,Idaho,60,"4,350",73
"November 5, 2021",Women's Apparel,West,Sports Direct,Online,Idaho,65,"4,063",63
"October 4, 2021",Women's Apparel,West,Sports Direct,Online,Idaho,42,60,14
"September 5, 2021",Women's Apparel,West,Sports Direct,Online,Idaho,49,89,18
"November 5, 2021",Women's Apparel,West,Sports Direct,Online,Idaho,63,103,16
"August 8, 2021",Women's Apparel,West,Sports Direct,Online,Idaho,54,106,20
"October 4, 2021",Women's Athletic Footwear,West,Sports Direct,Online,Idaho,45,"1,688",38
"September 5, 2021",Women's Athletic Footwear,West,Sports Direct,Online,Idaho,60,"2,400",40
"November 5, 2021",Women's Athletic Footwear,West,Sports Direct,Online,Idaho,60,"2,700",45
"November 5, 2021",Women's Athletic Footwear,West,Sports Direct,Online,Idaho,54,66,12
"September 5, 2021",Women's Athletic Footwear,West,Sports Direct,Online,Idaho,55,64,12
"October 4, 2021",Women's Athletic Footwear,West,Sports Direct,Online,Idaho,44,44,10
"October 4, 2021",Women's Street Footwear,West,Sports Direct,Online,Idaho,45,"2,363",53
"November 5, 2021",Women's Street Footwear,West,Sports Direct,Online,Idaho,60,"3,600",60
"September 5, 2021",Women's Street Footwear,West,Sports Direct,Online,Idaho,60,"4,050",68
"October 4, 2021",Women's Street Footwear,West,Sports Direct,Online,Idaho,41,54,13
"September 5, 2021",Women's Street Footwear,West,Sports Direct,Online,Idaho,56,102,18
"November 5, 2021",Women's Street Footwear,West,Sports Direct,Online,Idaho,58,87,15
"April 5, 2021",Men's Apparel,West,West Gear,Online,Idaho,35,963,28
"March 6, 2021",Men's Apparel,West,West Gear,Online,Idaho,40,"1,000",25
"May 5, 2021",Men's Apparel,West,West Gear,Online,Idaho,50,"2,000",40
"June 4, 2021",Men's Apparel,West,West Gear,Online,Idaho,55,"2,475",45
"July 6, 2021",Men's Apparel,West,West Gear,Online,Idaho,55,"2,888",53
"May 5, 2021",Men's Apparel,West,West Gear,Online,Idaho,47,56,12
"April 5, 2021",Men's Apparel,West,West Gear,Online,Idaho,34,24,7
"June 4, 2021",Men's Apparel,West,West Gear,Online,Idaho,52,61,12
"March 6, 2021",Men's Apparel,West,West Gear,Online,Idaho,37,28,8
"July 6, 2021",Men's Apparel,West,West Gear,Online,Idaho,53,69,13
"April 5, 2021",Men's Athletic Footwear,West,West Gear,Online,Idaho,30,"1,950",65
"May 5, 2021",Men's Athletic Footwear,West,West Gear,Online,Idaho,30,"2,175",73
"June 4, 2021",Men's Athletic Footwear,West,West Gear,Online,Idaho,50,"3,750",75
"July 6, 2021",Men's Athletic Footwear,West,West Gear,Online,Idaho,55,"4,263",78
"May 5, 2021",Men's Athletic Footwear,West,West Gear,Online,Idaho,28,55,20
"April 5, 2021",Men's Athletic Footwear,West,West Gear,Online,Idaho,29,57,20
"June 4, 2021",Men's Athletic Footwear,West,West Gear,Online,Idaho,46,86,19
"July 6, 2021",Men's Athletic Footwear,West,West Gear,Online,Idaho,52,105,20
"April 5, 2021",Men's Street Footwear,West,West Gear,Online,Idaho,20,"1,300",65
"May 5, 2021",Men's Street Footwear,West,West Gear,Online,Idaho,20,"1,400",70
"June 4, 2021",Men's Street Footwear,West,West Gear,Online,Idaho,45,"3,375",75
"July 6, 2021",Men's Street Footwear,West,West Gear,Online,Idaho,50,"3,875",78
"April 5, 2021",Men's Street Footwear,West,West Gear,Online,Idaho,19,37,20
"June 4, 2021",Men's Street Footwear,West,West Gear,Online,Idaho,42,82,20
"May 5, 2021",Men's Street Footwear,West,West Gear,Online,Idaho,18,37,20
"July 6, 2021",Men's Street Footwear,West,West Gear,Online,Idaho,48,104,22
"April 5, 2021",Women's Apparel,West,West Gear,Online,Idaho,30,"1,650",55
"March 6, 2021",Women's Apparel,West,West Gear,Online,Idaho,35,"1,400",40
"May 5, 2021",Women's Apparel,West,West Gear,Online,Idaho,45,"3,375",75
"June 4, 2021",Women's Apparel,West,West Gear,Online,Idaho,60,"4,950",83
"April 5, 2021",Women's Apparel,West,West Gear,Online,Idaho,28,39,14
"June 4, 2021",Women's Apparel,West,West Gear,Online,Idaho,55,127,23
"May 5, 2021",Women's Apparel,West,West Gear,Online,Idaho,42,92,22
"March 6, 2021",Women's Apparel,West,West Gear,Online,Idaho,33,38,12
"April 5, 2021",Women's Athletic Footwear,West,West Gear,Online,Idaho,30,"1,125",38
"May 5, 2021",Women's Athletic Footwear,West,West Gear,Online,Idaho,35,"1,750",50
"June 4, 2021",Women's Athletic Footwear,West,West Gear,Online,Idaho,50,"2,750",55
"July 6, 2021",Women's Athletic Footwear,West,West Gear,Online,Idaho,50,"2,625",53
"April 5, 2021",Women's Athletic Footwear,West,West Gear,Online,Idaho,29,33,11
"May 5, 2021",Women's Athletic Footwear,West,West Gear,Online,Idaho,33,43,13
"June 4, 2021",Women's Athletic Footwear,West,West Gear,Online,Idaho,48,69,14
"July 6, 2021",Women's Athletic Footwear,West,West Gear,Online,Idaho,47,64,14
"April 5, 2021",Women's Street Footwear,West,West Gear,Online,Idaho,25,"1,188",48
"May 5, 2021",Women's Street Footwear,West,West Gear,Online,Idaho,25,"1,438",58
"June 4, 2021",Women's Street Footwear,West,West Gear,Online,Idaho,50,"3,000",60
"July 6, 2021",Women's Street Footwear,West,West Gear,Online,Idaho,50,"4,625",93
"May 5, 2021",Women's Street Footwear,West,West Gear,Online,Idaho,23,38,17
"April 5, 2021",Women's Street Footwear,West,West Gear,Online,Idaho,24,33,14
"June 4, 2021",Women's Street Footwear,West,West Gear,Online,Idaho,47,82,17
"July 6, 2021",Women's Street Footwear,West,West Gear,Online,Idaho,46,111,24
"January 10, 2021",Men's Athletic Footwear,Northeast,West Gear,Outlet,Maine,45,"1,688",38
"January 3, 2020",Men's Athletic Footwear,Northeast,West Gear,Outlet,Pennsylvania,35,47,14
"January 10, 2021",Men's Street Footwear,Northeast,West Gear,Outlet,Maine,35,"1,313",38
"January 2, 2020",Men's Street Footwear,Northeast,West Gear,Outlet,Pennsylvania,27,43,16
"January 10, 2021",Women's Athletic Footwear,Northeast,West Gear,Outlet,Maine,45,"1,013",23
"January 5, 2020",Women's Athletic Footwear,Northeast,West Gear,Outlet,Pennsylvania,34,31,9
"January 10, 2021",Women's Street Footwear,Northeast,West Gear,Outlet,Maine,45,"1,688",38
"January 4, 2020",Women's Street Footwear,Northeast,West Gear,Outlet,Pennsylvania,36,50,14
"December 16, 2021",Men's Apparel,South,Foot Locker,Outlet,Louisiana,55,92,17
"December 16, 2021",Women's Apparel,South,Foot Locker,Outlet,Louisiana,59,114,19
"December 16, 2021",Women's Athletic Footwear,South,Foot Locker,Outlet,Louisiana,53,102,19
"December 16, 2021",Women's Street Footwear,South,Foot Locker,Outlet,Louisiana,53,102,19
"February 17, 2021",Men's Apparel,South,West Gear,Outlet,Louisiana,33,17,5
"November 17, 2021",Men's Apparel,South,West Gear,Outlet,Louisiana,53,78,15
"June 17, 2021",Men's Apparel,South,West Gear,Outlet,Louisiana,70,107,15
"May 18, 2021",Men's Apparel,South,West Gear,Outlet,Louisiana,32,25,8
"October 17, 2021",Men's Apparel,South,West Gear,Outlet,Louisiana,39,44,11
"September 18, 2021",Men's Apparel,South,West Gear,Outlet,Louisiana,41,34,8
"August 17, 2021",Men's Apparel,South,West Gear,Outlet,Louisiana,47,71,15
"July 16, 2021",Men's Apparel,South,West Gear,Outlet,Louisiana,73,161,22
"April 17, 2021",Men's Apparel,South,West Gear,Outlet,Louisiana,34,19,6
"March 16, 2021",Men's Apparel,South,West Gear,Outlet,Louisiana,40,20,5
"September 18, 2021",Men's Athletic Footwear,South,West Gear,Outlet,Louisiana,40,70,18
"March 16, 2021",Men's Athletic Footwear,South,West Gear,Outlet,Louisiana,38,46,12
"May 18, 2021",Men's Athletic Footwear,South,West Gear,Outlet,Louisiana,40,51,13
"December 16, 2021",Men's Athletic Footwear,South,West Gear,Outlet,Louisiana,52,129,25
"August 17, 2021",Men's Athletic Footwear,South,West Gear,Outlet,Louisiana,57,146,26
"October 17, 2021",Men's Athletic Footwear,South,West Gear,Outlet,Louisiana,34,63,18
"June 17, 2021",Men's Athletic Footwear,South,West Gear,Outlet,Louisiana,55,123,22
"April 17, 2021",Men's Athletic Footwear,South,West Gear,Outlet,Louisiana,36,39,11
"July 16, 2021",Men's Athletic Footwear,South,West Gear,Outlet,Louisiana,67,166,25
"November 17, 2021",Men's Athletic Footwear,South,West Gear,Outlet,Louisiana,35,78,22
"November 2, 2020",Men's Athletic Footwear,South,West Gear,Outlet,Texas,33,82,25
"September 18, 2021",Men's Street Footwear,South,West Gear,Outlet,Louisiana,33,58,18
"October 17, 2021",Men's Street Footwear,South,West Gear,Outlet,Louisiana,25,31,12
"May 18, 2021",Men's Street Footwear,South,West Gear,Outlet,Louisiana,32,56,18
"July 16, 2021",Men's Street Footwear,South,West Gear,Outlet,Louisiana,62,190,31
"March 16, 2021",Men's Street Footwear,South,West Gear,Outlet,Louisiana,29,52,18
"December 16, 2021",Men's Street Footwear,South,West Gear,Outlet,Louisiana,46,125,27
"November 17, 2021",Men's Street Footwear,South,West Gear,Outlet,Louisiana,28,61,22
"April 17, 2021",Men's Street Footwear,South,West Gear,Outlet,Louisiana,38,64,17
"June 17, 2021",Men's Street Footwear,South,West Gear,Outlet,Louisiana,47,120,26
"August 17, 2021",Men's Street Footwear,South,West Gear,Outlet,Louisiana,73,186,26
"November 1, 2020",Men's Street Footwear,South,West Gear,Outlet,Texas,30,79,26
"March 16, 2021",Women's Apparel,South,West Gear,Outlet,Louisiana,29,32,11
"February 17, 2021",Women's Apparel,South,West Gear,Outlet,Louisiana,32,42,13
"April 17, 2021",Women's Apparel,South,West Gear,Outlet,Louisiana,39,48,12
"August 17, 2021",Women's Apparel,South,West Gear,Outlet,Louisiana,46,47,10
"September 18, 2021",Women's Apparel,South,West Gear,Outlet,Louisiana,30,27,9
"October 17, 2021",Women's Apparel,South,West Gear,Outlet,Louisiana,44,62,14
"May 18, 2021",Women's Apparel,South,West Gear,Outlet,Louisiana,46,82,18
"November 17, 2021",Women's Apparel,South,West Gear,Outlet,Louisiana,64,115,18
"June 17, 2021",Women's Apparel,South,West Gear,Outlet,Louisiana,80,198,25
"July 16, 2021",Women's Apparel,South,West Gear,Outlet,Louisiana,81,168,21
"September 18, 2021",Women's Athletic Footwear,South,West Gear,Outlet,Louisiana,34,27,8
"October 17, 2021",Women's Athletic Footwear,South,West Gear,Outlet,Louisiana,31,37,12
"May 18, 2021",Women's Athletic Footwear,South,West Gear,Outlet,Louisiana,33,33,10
"March 16, 2021",Women's Athletic Footwear,South,West Gear,Outlet,Louisiana,43,41,10
"April 17, 2021",Women's Athletic Footwear,South,West Gear,Outlet,Louisiana,27,25,9
"July 16, 2021",Women's Athletic Footwear,South,West Gear,Outlet,Louisiana,62,123,20
"November 17, 2021",Women's Athletic Footwear,South,West Gear,Outlet,Louisiana,40,62,16
"February 17, 2021",Women's Athletic Footwear,South,West Gear,Outlet,Louisiana,33,25,8
"August 17, 2021",Women's Athletic Footwear,South,West Gear,Outlet,Louisiana,55,79,14
"June 17, 2021",Women's Athletic Footwear,South,West Gear,Outlet,Louisiana,59,109,18
"November 4, 2020",Women's Athletic Footwear,South,West Gear,Outlet,Texas,35,77,22
"May 18, 2021",Women's Street Footwear,South,West Gear,Outlet,Louisiana,37,50,14
"April 17, 2021",Women's Street Footwear,South,West Gear,Outlet,Louisiana,40,48,12
"August 17, 2021",Women's Street Footwear,South,West Gear,Outlet,Louisiana,50,109,22
"June 17, 2021",Women's Street Footwear,South,West Gear,Outlet,Louisiana,55,116,21
"October 17, 2021",Women's Street Footwear,South,West Gear,Outlet,Louisiana,33,42,13
"March 16, 2021",Women's Street Footwear,South,West Gear,Outlet,Louisiana,39,47,12
"September 18, 2021",Women's Street Footwear,South,West Gear,Outlet,Louisiana,30,29,10
"November 17, 2021",Women's Street Footwear,South,West Gear,Outlet,Louisiana,30,47,16
"July 16, 2021",Women's Street Footwear,South,West Gear,Outlet,Louisiana,69,145,21
"November 3, 2020",Women's Street Footwear,South,West Gear,Outlet,Texas,33,89,27
"December 12, 2021",Men's Apparel,Southeast,Foot Locker,Outlet,Georgia,44,53,12
"April 24, 2021",Men's Apparel,Southeast,Foot Locker,Outlet,Virginia,40,16,4
"March 23, 2021",Men's Apparel,Southeast,Foot Locker,Outlet,Virginia,43,14,3
"May 25, 2021",Men's Apparel,Southeast,Foot Locker,Outlet,Virginia,34,18,5
"July 23, 2021",Men's Apparel,Southeast,Foot Locker,Outlet,Virginia,72,151,21
"November 24, 2021",Men's Apparel,Southeast,Foot Locker,Outlet,Virginia,56,76,14
"February 24, 2021",Men's Apparel,Southeast,Foot Locker,Outlet,Virginia,29,11,4
"August 24, 2021",Men's Apparel,Southeast,Foot Locker,Outlet,Virginia,51,67,13
"June 24, 2021",Men's Apparel,Southeast,Foot Locker,Outlet,Virginia,68,87,13
"September 25, 2021",Men's Apparel,Southeast,Foot Locker,Outlet,Virginia,39,29,7
"October 24, 2021",Men's Apparel,Southeast,Foot Locker,Outlet,Virginia,42,44,11
"November 24, 2021",Men's Athletic Footwear,Southeast,Foot Locker,Outlet,Virginia,34,75,22
"October 24, 2021",Men's Athletic Footwear,Southeast,Foot Locker,Outlet,Virginia,39,67,17
"July 23, 2021",Men's Athletic Footwear,Southeast,Foot Locker,Outlet,Virginia,60,134,22
"September 25, 2021",Men's Athletic Footwear,Southeast,Foot Locker,Outlet,Virginia,43,66,15
"March 23, 2021",Men's Athletic Footwear,Southeast,Foot Locker,Outlet,Virginia,35,34,10
"May 25, 2021",Men's Athletic Footwear,Southeast,Foot Locker,Outlet,Virginia,40,42,11
"April 24, 2021",Men's Athletic Footwear,Southeast,Foot Locker,Outlet,Virginia,44,37,9
"June 24, 2021",Men's Athletic Footwear,Southeast,Foot Locker,Outlet,Virginia,45,99,22
"December 23, 2021",Men's Athletic Footwear,Southeast,Foot Locker,Outlet,Virginia,54,122,23
"August 24, 2021",Men's Athletic Footwear,Southeast,Foot Locker,Outlet,Virginia,53,127,24
"June 24, 2021",Men's Street Footwear,Southeast,Foot Locker,Outlet,Virginia,37,86,23
"April 24, 2021",Men's Street Footwear,Southeast,Foot Locker,Outlet,Virginia,38,56,15
"July 23, 2021",Men's Street Footwear,Southeast,Foot Locker,Outlet,Virginia,60,163,27
"March 23, 2021",Men's Street Footwear,Southeast,Foot Locker,Outlet,Virginia,30,49,16
"October 24, 2021",Men's Street Footwear,Southeast,Foot Locker,Outlet,Virginia,28,33,12
"May 25, 2021",Men's Street Footwear,Southeast,Foot Locker,Outlet,Virginia,39,68,18
"December 23, 2021",Men's Street Footwear,Southeast,Foot Locker,Outlet,Virginia,49,122,25
"August 24, 2021",Men's Street Footwear,Southeast,Foot Locker,Outlet,Virginia,67,182,27
"November 24, 2021",Men's Street Footwear,Southeast,Foot Locker,Outlet,Virginia,34,59,17
"September 25, 2021",Men's Street Footwear,Southeast,Foot Locker,Outlet,Virginia,35,52,15
"December 12, 2021",Women's Apparel,Southeast,Foot Locker,Outlet,Georgia,47,75,16
"October 24, 2021",Women's Apparel,Southeast,Foot Locker,Outlet,Virginia,40,44,11
"November 24, 2021",Women's Apparel,Southeast,Foot Locker,Outlet,Virginia,60,106,18
"July 23, 2021",Women's Apparel,Southeast,Foot Locker,Outlet,Virginia,82,153,19
"August 24, 2021",Women's Apparel,Southeast,Foot Locker,Outlet,Virginia,55,44,8
"May 25, 2021",Women's Apparel,Southeast,Foot Locker,Outlet,Virginia,44,74,17
"February 24, 2021",Women's Apparel,Southeast,Foot Locker,Outlet,Virginia,30,32,11
"September 25, 2021",Women's Apparel,Southeast,Foot Locker,Outlet,Virginia,33,27,8
"March 23, 2021",Women's Apparel,Southeast,Foot Locker,Outlet,Virginia,35,36,10
"April 24, 2021",Women's Apparel,Southeast,Foot Locker,Outlet,Virginia,47,42,9
"June 24, 2021",Women's Apparel,Southeast,Foot Locker,Outlet,Virginia,82,189,23
"December 12, 2021",Women's Athletic Footwear,Southeast,Foot Locker,Outlet,Georgia,40,57,14
"October 24, 2021",Women's Athletic Footwear,Southeast,Foot Locker,Outlet,Virginia,31,31,10
"May 25, 2021",Women's Athletic Footwear,Southeast,Foot Locker,Outlet,Virginia,33,28,9
"November 24, 2021",Women's Athletic Footwear,Southeast,Foot Locker,Outlet,Virginia,36,52,14
"March 23, 2021",Women's Athletic Footwear,Southeast,Foot Locker,Outlet,Virginia,38,30,8
"August 24, 2021",Women's Athletic Footwear,Southeast,Foot Locker,Outlet,Virginia,52,71,14
"September 25, 2021",Women's Athletic Footwear,Southeast,Foot Locker,Outlet,Virginia,37,26,7
"February 24, 2021",Women's Athletic Footwear,Southeast,Foot Locker,Outlet,Virginia,28,18,6
"June 24, 2021",Women's Athletic Footwear,Southeast,Foot Locker,Outlet,Virginia,61,112,18
"April 24, 2021",Women's Athletic Footwear,Southeast,Foot Locker,Outlet,Virginia,32,22,7
"July 23, 2021",Women's Athletic Footwear,Southeast,Foot Locker,Outlet,Virginia,65,122,19
"December 12, 2021",Women's Street Footwear,Southeast,Foot Locker,Outlet,Georgia,36,53,15
"May 25, 2021",Women's Street Footwear,Southeast,Foot Locker,Outlet,Virginia,37,40,11
"April 24, 2021",Women's Street Footwear,Southeast,Foot Locker,Outlet,Virginia,41,47,11
"August 24, 2021",Women's Street Footwear,Southeast,Foot Locker,Outlet,Virginia,53,114,22
"June 24, 2021",Women's Street Footwear,Southeast,Foot Locker,Outlet,Virginia,58,121,21
"July 23, 2021",Women's Street Footwear,Southeast,Foot Locker,Outlet,Virginia,62,129,21
"November 24, 2021",Women's Street Footwear,Southeast,Foot Locker,Outlet,Virginia,33,47,14
"September 25, 2021",Women's Street Footwear,Southeast,Foot Locker,Outlet,Virginia,34,27,8
"March 23, 2021",Women's Street Footwear,Southeast,Foot Locker,Outlet,Virginia,43,48,11
"October 24, 2021",Women's Street Footwear,Southeast,Foot Locker,Outlet,Virginia,39,46,12
"February 17, 2021",Men's Apparel,Southeast,Sports Direct,Outlet,Florida,55,"1,100",20
"March 16, 2021",Men's Apparel,Southeast,Sports Direct,Outlet,Florida,65,"1,138",18
"February 17, 2021",Men's Apparel,Southeast,Sports Direct,Outlet,Florida,44,27,6
"March 16, 2021",Men's Apparel,Southeast,Sports Direct,Outlet,Florida,44,26,6
"September 14, 2021",Men's Apparel,Southeast,Sports Direct,Outlet,Georgia,36,48,13
"July 12, 2021",Men's Apparel,Southeast,Sports Direct,Outlet,Georgia,39,63,16
"November 13, 2021",Men's Apparel,Southeast,Sports Direct,Outlet,Georgia,47,56,12
"February 13, 2021",Men's Apparel,Southeast,Sports Direct,Outlet,Georgia,34,20,6
"June 13, 2021",Men's Apparel,Southeast,Sports Direct,Outlet,Georgia,42,39,9
"August 13, 2021",Men's Apparel,Southeast,Sports Direct,Outlet,Georgia,51,71,14
"October 13, 2021",Men's Apparel,Southeast,Sports Direct,Outlet,Georgia,41,42,10
"March 12, 2021",Men's Apparel,Southeast,Sports Direct,Outlet,Georgia,41,18,5
"April 13, 2021",Men's Apparel,Southeast,Sports Direct,Outlet,Georgia,38,21,6
"May 14, 2021",Men's Apparel,Southeast,Sports Direct,Outlet,Georgia,39,29,7
"December 23, 2021",Men's Apparel,Southeast,Sports Direct,Outlet,Virginia,59,93,16
"March 16, 2021",Men's Athletic Footwear,Southeast,Sports Direct,Outlet,Florida,60,"2,400",40
"March 16, 2021",Men's Athletic Footwear,Southeast,Sports Direct,Outlet,Florida,44,55,12
"October 13, 2021",Men's Athletic Footwear,Southeast,Sports Direct,Outlet,Georgia,34,59,17
"April 13, 2021",Men's Athletic Footwear,Southeast,Sports Direct,Outlet,Georgia,40,44,11
"August 13, 2021",Men's Athletic Footwear,Southeast,Sports Direct,Outlet,Georgia,44,88,20
"March 12, 2021",Men's Athletic Footwear,Southeast,Sports Direct,Outlet,Georgia,37,42,11
"September 14, 2021",Men's Athletic Footwear,Southeast,Sports Direct,Outlet,Georgia,38,75,20
"November 13, 2021",Men's Athletic Footwear,Southeast,Sports Direct,Outlet,Georgia,40,74,18
"June 13, 2021",Men's Athletic Footwear,Southeast,Sports Direct,Outlet,Georgia,41,67,16
"May 14, 2021",Men's Athletic Footwear,Southeast,Sports Direct,Outlet,Georgia,36,49,14
"July 12, 2021",Men's Athletic Footwear,Southeast,Sports Direct,Outlet,Georgia,37,64,17
"December 12, 2021",Men's Athletic Footwear,Southeast,Sports Direct,Outlet,Georgia,39,87,22
"March 16, 2021",Men's Street Footwear,Southeast,Sports Direct,Outlet,Florida,50,"2,750",55
"March 16, 2021",Men's Street Footwear,Southeast,Sports Direct,Outlet,Florida,35,60,17
"November 13, 2021",Men's Street Footwear,Southeast,Sports Direct,Outlet,Georgia,36,62,17
"March 12, 2021",Men's Street Footwear,Southeast,Sports Direct,Outlet,Georgia,30,49,16
"June 13, 2021",Men's Street Footwear,Southeast,Sports Direct,Outlet,Georgia,35,71,20
"April 13, 2021",Men's Street Footwear,Southeast,Sports Direct,Outlet,Georgia,37,66,18
"September 14, 2021",Men's Street Footwear,Southeast,Sports Direct,Outlet,Georgia,31,63,20
"October 13, 2021",Men's Street Footwear,Southeast,Sports Direct,Outlet,Georgia,34,59,17
"May 14, 2021",Men's Street Footwear,Southeast,Sports Direct,Outlet,Georgia,37,69,19
"July 12, 2021",Men's Street Footwear,Southeast,Sports Direct,Outlet,Georgia,37,81,22
"August 13, 2021",Men's Street Footwear,Southeast,Sports Direct,Outlet,Georgia,39,82,21
"December 12, 2021",Men's Street Footwear,Southeast,Sports Direct,Outlet,Georgia,42,88,21
"February 17, 2021",Women's Apparel,Southeast,Sports Direct,Outlet,Florida,50,"2,000",40
"March 16, 2021",Women's Apparel,Southeast,Sports Direct,Outlet,Florida,60,"2,250",38
"March 16, 2021",Women's Apparel,Southeast,Sports Direct,Outlet,Florida,48,63,13
"February 17, 2021",Women's Apparel,Southeast,Sports Direct,Outlet,Florida,33,41,12
"April 13, 2021",Women's Apparel,Southeast,Sports Direct,Outlet,Georgia,56,63,11
"February 13, 2021",Women's Apparel,Southeast,Sports Direct,Outlet,Georgia,28,37,13
"March 12, 2021",Women's Apparel,Southeast,Sports Direct,Outlet,Georgia,40,45,11
"November 13, 2021",Women's Apparel,Southeast,Sports Direct,Outlet,Georgia,46,72,16
"August 13, 2021",Women's Apparel,Southeast,Sports Direct,Outlet,Georgia,50,64,13
"July 12, 2021",Women's Apparel,Southeast,Sports Direct,Outlet,Georgia,51,80,16
"September 14, 2021",Women's Apparel,Southeast,Sports Direct,Outlet,Georgia,46,62,14
"October 13, 2021",Women's Apparel,Southeast,Sports Direct,Outlet,Georgia,46,50,11
"May 14, 2021",Women's Apparel,Southeast,Sports Direct,Outlet,Georgia,53,66,12
"June 13, 2021",Women's Apparel,Southeast,Sports Direct,Outlet,Georgia,53,101,19
"December 23, 2021",Women's Apparel,Southeast,Sports Direct,Outlet,Virginia,65,124,19
"February 17, 2021",Women's Athletic Footwear,Southeast,Sports Direct,Outlet,Florida,50,"1,375",28
"March 16, 2021",Women's Athletic Footwear,Southeast,Sports Direct,Outlet,Florida,60,"1,950",33
"March 16, 2021",Women's Athletic Footwear,Southeast,Sports Direct,Outlet,Florida,42,48,11
"February 17, 2021",Women's Athletic Footwear,Southeast,Sports Direct,Outlet,Florida,36,34,9
"June 13, 2021",Women's Athletic Footwear,Southeast,Sports Direct,Outlet,Georgia,33,44,13
"May 14, 2021",Women's Athletic Footwear,Southeast,Sports Direct,Outlet,Georgia,34,39,11
"February 13, 2021",Women's Athletic Footwear,Southeast,Sports Direct,Outlet,Georgia,30,24,8
"October 13, 2021",Women's Athletic Footwear,Southeast,Sports Direct,Outlet,Georgia,32,36,11
"March 12, 2021",Women's Athletic Footwear,Southeast,Sports Direct,Outlet,Georgia,38,30,8
"July 12, 2021",Women's Athletic Footwear,Southeast,Sports Direct,Outlet,Georgia,39,50,13
"April 13, 2021",Women's Athletic Footwear,Southeast,Sports Direct,Outlet,Georgia,40,38,10
"August 13, 2021",Women's Athletic Footwear,Southeast,Sports Direct,Outlet,Georgia,42,63,15
"September 14, 2021",Women's Athletic Footwear,Southeast,Sports Direct,Outlet,Georgia,35,42,12
"November 13, 2021",Women's Athletic Footwear,Southeast,Sports Direct,Outlet,Georgia,37,52,14
"December 23, 2021",Women's Athletic Footwear,Southeast,Sports Direct,Outlet,Virginia,51,90,18
"March 16, 2021",Women's Street Footwear,Southeast,Sports Direct,Outlet,Florida,65,"2,763",43
"March 16, 2021",Women's Street Footwear,Southeast,Sports Direct,Outlet,Florida,47,70,15
"September 14, 2021",Women's Street Footwear,Southeast,Sports Direct,Outlet,Georgia,32,43,14
"April 13, 2021",Women's Street Footwear,Southeast,Sports Direct,Outlet,Georgia,36,41,11
"October 13, 2021",Women's Street Footwear,Southeast,Sports Direct,Outlet,Georgia,32,39,12
"March 12, 2021",Women's Street Footwear,Southeast,Sports Direct,Outlet,Georgia,39,48,12
"June 13, 2021",Women's Street Footwear,Southeast,Sports Direct,Outlet,Georgia,39,62,16
"May 14, 2021",Women's Street Footwear,Southeast,Sports Direct,Outlet,Georgia,40,58,15
"November 13, 2021",Women's Street Footwear,Southeast,Sports Direct,Outlet,Georgia,39,57,15
"July 12, 2021",Women's Street Footwear,Southeast,Sports Direct,Outlet,Georgia,41,75,18
"August 13, 2021",Women's Street Footwear,Southeast,Sports Direct,Outlet,Georgia,42,63,15
"December 23, 2021",Women's Street Footwear,Southeast,Sports Direct,Outlet,Virginia,53,87,17
"May 18, 2021",Men's Apparel,Southeast,Walmart,Outlet,Florida,55,"1,238",23
"April 17, 2021",Men's Apparel,Southeast,Walmart,Outlet,Florida,60,"1,200",20
"April 17, 2021",Men's Apparel,Southeast,Walmart,Outlet,Florida,47,28,6
"October 17, 2021",Men's Apparel,Southeast,Walmart,Outlet,Florida,47,55,12
"July 16, 2021",Men's Apparel,Southeast,Walmart,Outlet,Florida,68,141,21
"June 17, 2021",Men's Apparel,Southeast,Walmart,Outlet,Florida,71,109,15
"September 18, 2021",Men's Apparel,Southeast,Walmart,Outlet,Florida,54,51,9
"August 17, 2021",Men's Apparel,Southeast,Walmart,Outlet,Florida,63,105,17
"May 18, 2021",Men's Apparel,Southeast,Walmart,Outlet,Florida,42,29,7
"November 17, 2021",Men's Apparel,Southeast,Walmart,Outlet,Florida,58,85,15
"May 18, 2021",Men's Athletic Footwear,Southeast,Walmart,Outlet,Florida,65,"2,763",43
"April 17, 2021",Men's Athletic Footwear,Southeast,Walmart,Outlet,Florida,70,"2,450",35
"April 17, 2021",Men's Athletic Footwear,Southeast,Walmart,Outlet,Florida,51,54,11
"August 17, 2021",Men's Athletic Footwear,Southeast,Walmart,Outlet,Florida,60,163,27
"May 18, 2021",Men's Athletic Footwear,Southeast,Walmart,Outlet,Florida,46,61,13
"July 16, 2021",Men's Athletic Footwear,Southeast,Walmart,Outlet,Florida,74,195,26
"October 17, 2021",Men's Athletic Footwear,Southeast,Walmart,Outlet,Florida,43,82,19
"June 17, 2021",Men's Athletic Footwear,Southeast,Walmart,Outlet,Florida,53,119,22
"September 18, 2021",Men's Athletic Footwear,Southeast,Walmart,Outlet,Florida,45,68,15
"December 16, 2021",Men's Athletic Footwear,Southeast,Walmart,Outlet,Florida,55,141,26
"November 17, 2021",Men's Athletic Footwear,Southeast,Walmart,Outlet,Florida,46,106,23
"May 18, 2021",Men's Street Footwear,Southeast,Walmart,Outlet,Florida,60,"3,450",58
"June 17, 2021",Men's Street Footwear,Southeast,Walmart,Outlet,Florida,65,"5,363",83
"April 17, 2021",Men's Street Footwear,Southeast,Walmart,Outlet,Florida,65,"3,575",55
"June 17, 2021",Men's Street Footwear,Southeast,Walmart,Outlet,Florida,50,136,27
"May 18, 2021",Men's Street Footwear,Southeast,Walmart,Outlet,Florida,44,88,20
"November 17, 2021",Men's Street Footwear,Southeast,Walmart,Outlet,Florida,41,77,19
"April 17, 2021",Men's Street Footwear,Southeast,Walmart,Outlet,Florida,47,80,17
"December 16, 2021",Men's Street Footwear,Southeast,Walmart,Outlet,Florida,58,162,28
"August 17, 2021",Men's Street Footwear,Southeast,Walmart,Outlet,Florida,68,173,26
"October 17, 2021",Men's Street Footwear,Southeast,Walmart,Outlet,Florida,39,55,14
"September 18, 2021",Men's Street Footwear,Southeast,Walmart,Outlet,Florida,44,68,16
"July 16, 2021",Men's Street Footwear,Southeast,Walmart,Outlet,Florida,68,202,30
"May 18, 2021",Women's Apparel,Southeast,Walmart,Outlet,Florida,70,"4,025",58
"April 17, 2021",Women's Apparel,Southeast,Walmart,Outlet,Florida,75,"2,813",38
"May 18, 2021",Women's Apparel,Southeast,Walmart,Outlet,Florida,48,83,17
"June 17, 2021",Women's Apparel,Southeast,Walmart,Outlet,Florida,74,184,25
"July 16, 2021",Women's Apparel,Southeast,Walmart,Outlet,Florida,75,146,20
"September 18, 2021",Women's Apparel,Southeast,Walmart,Outlet,Florida,42,42,10
"August 17, 2021",Women's Apparel,Southeast,Walmart,Outlet,Florida,60,58,10
"April 17, 2021",Women's Apparel,Southeast,Walmart,Outlet,Florida,57,64,11
"November 17, 2021",Women's Apparel,Southeast,Walmart,Outlet,Florida,66,131,20
"October 17, 2021",Women's Apparel,Southeast,Walmart,Outlet,Florida,53,74,14
"April 17, 2021",Women's Athletic Footwear,Southeast,Walmart,Outlet,Florida,55,"1,650",30
"May 18, 2021",Women's Athletic Footwear,Southeast,Walmart,Outlet,Florida,60,"1,950",33
"July 16, 2021",Women's Athletic Footwear,Southeast,Walmart,Outlet,Florida,59,110,19
"August 17, 2021",Women's Athletic Footwear,Southeast,Walmart,Outlet,Florida,64,94,15
"May 18, 2021",Women's Athletic Footwear,Southeast,Walmart,Outlet,Florida,39,42,11
"November 17, 2021",Women's Athletic Footwear,Southeast,Walmart,Outlet,Florida,47,80,17
"October 17, 2021",Women's Athletic Footwear,Southeast,Walmart,Outlet,Florida,40,48,12
"April 17, 2021",Women's Athletic Footwear,Southeast,Walmart,Outlet,Florida,41,37,9
"September 18, 2021",Women's Athletic Footwear,Southeast,Walmart,Outlet,Florida,44,34,8
"June 17, 2021",Women's Athletic Footwear,Southeast,Walmart,Outlet,Florida,66,129,20
"May 18, 2021",Women's Street Footwear,Southeast,Walmart,Outlet,Florida,65,"2,763",43
"April 17, 2021",Women's Street Footwear,Southeast,Walmart,Outlet,Florida,70,"2,800",40
"September 18, 2021",Women's Street Footwear,Southeast,Walmart,Outlet,Florida,39,37,10
"June 17, 2021",Women's Street Footwear,Southeast,Walmart,Outlet,Florida,60,143,24
"August 17, 2021",Women's Street Footwear,Southeast,Walmart,Outlet,Florida,62,143,23
"October 17, 2021",Women's Street Footwear,Southeast,Walmart,Outlet,Florida,43,55,13
"April 17, 2021",Women's Street Footwear,Southeast,Walmart,Outlet,Florida,49,65,13
"July 16, 2021",Women's Street Footwear,Southeast,Walmart,Outlet,Florida,72,171,24
"May 18, 2021",Women's Street Footwear,Southeast,Walmart,Outlet,Florida,46,61,13
"November 17, 2021",Women's Street Footwear,Southeast,Walmart,Outlet,Florida,44,76,17
"December 16, 2021",Men's Apparel,Southeast,West Gear,Outlet,Florida,64,115,18
"December 16, 2021",Women's Apparel,Southeast,West Gear,Outlet,Florida,64,128,20
"December 16, 2021",Women's Athletic Footwear,Southeast,West Gear,Outlet,Florida,58,118,20
"December 16, 2021",Women's Street Footwear,Southeast,West Gear,Outlet,Florida,64,131,20
"March 22, 2021",Men's Apparel,West,Foot Locker,Outlet,Arizona,41,16,4
"May 24, 2021",Men's Apparel,West,Foot Locker,Outlet,Arizona,39,24,6
"September 24, 2021",Men's Apparel,West,Foot Locker,Outlet,Arizona,41,52,13
"April 23, 2021",Men's Apparel,West,Foot Locker,Outlet,Arizona,43,20,5
"June 23, 2021",Men's Apparel,West,Foot Locker,Outlet,Arizona,43,31,7
"November 23, 2021",Men's Apparel,West,Foot Locker,Outlet,Arizona,44,44,10
"February 23, 2021",Men's Apparel,West,Foot Locker,Outlet,Arizona,36,18,5
"July 22, 2021",Men's Apparel,West,Foot Locker,Outlet,Arizona,40,58,15
"October 23, 2021",Men's Apparel,West,Foot Locker,Outlet,Arizona,44,39,9
"August 23, 2021",Men's Apparel,West,Foot Locker,Outlet,Arizona,45,61,14
"January 23, 2021",Men's Apparel,West,Foot Locker,Outlet,Idaho,35,24,7
"October 23, 2021",Men's Athletic Footwear,West,Foot Locker,Outlet,Arizona,33,58,18
"May 24, 2021",Men's Athletic Footwear,West,Foot Locker,Outlet,Arizona,36,42,12
"June 23, 2021",Men's Athletic Footwear,West,Foot Locker,Outlet,Arizona,36,51,14
"August 23, 2021",Men's Athletic Footwear,West,Foot Locker,Outlet,Arizona,46,87,19
"April 23, 2021",Men's Athletic Footwear,West,Foot Locker,Outlet,Arizona,37,33,9
"March 22, 2021",Men's Athletic Footwear,West,Foot Locker,Outlet,Arizona,38,44,12
"December 22, 2021",Men's Athletic Footwear,West,Foot Locker,Outlet,Arizona,33,70,21
"July 22, 2021",Men's Athletic Footwear,West,Foot Locker,Outlet,Arizona,40,65,16
"September 24, 2021",Men's Athletic Footwear,West,Foot Locker,Outlet,Arizona,34,68,20
"November 23, 2021",Men's Athletic Footwear,West,Foot Locker,Outlet,Arizona,38,62,16
"February 23, 2021",Men's Athletic Footwear,West,Foot Locker,Outlet,Idaho,28,36,13
"January 23, 2021",Men's Athletic Footwear,West,Foot Locker,Outlet,Idaho,30,42,14
"July 22, 2021",Men's Street Footwear,West,Foot Locker,Outlet,Arizona,40,86,22
"November 23, 2021",Men's Street Footwear,West,Foot Locker,Outlet,Arizona,31,47,15
"May 24, 2021",Men's Street Footwear,West,Foot Locker,Outlet,Arizona,38,70,18
"April 23, 2021",Men's Street Footwear,West,Foot Locker,Outlet,Arizona,40,70,18
"June 23, 2021",Men's Street Footwear,West,Foot Locker,Outlet,Arizona,37,72,19
"March 22, 2021",Men's Street Footwear,West,Foot Locker,Outlet,Arizona,29,46,16
"December 22, 2021",Men's Street Footwear,West,Foot Locker,Outlet,Arizona,35,68,19
"August 23, 2021",Men's Street Footwear,West,Foot Locker,Outlet,Arizona,41,80,19
"September 24, 2021",Men's Street Footwear,West,Foot Locker,Outlet,Arizona,35,64,18
"October 23, 2021",Men's Street Footwear,West,Foot Locker,Outlet,Arizona,36,61,17
"February 23, 2021",Men's Street Footwear,West,Foot Locker,Outlet,Idaho,21,34,16
"January 23, 2021",Men's Street Footwear,West,Foot Locker,Outlet,Idaho,23,31,14
"February 23, 2021",Women's Apparel,West,Foot Locker,Outlet,Arizona,31,36,12
"March 22, 2021",Women's Apparel,West,Foot Locker,Outlet,Arizona,37,40,11
"November 23, 2021",Women's Apparel,West,Foot Locker,Outlet,Arizona,39,55,14
"August 23, 2021",Women's Apparel,West,Foot Locker,Outlet,Arizona,48,63,13
"October 23, 2021",Women's Apparel,West,Foot Locker,Outlet,Arizona,47,50,11
"May 24, 2021",Women's Apparel,West,Foot Locker,Outlet,Arizona,53,66,12
"July 22, 2021",Women's Apparel,West,Foot Locker,Outlet,Arizona,46,67,15
"April 23, 2021",Women's Apparel,West,Foot Locker,Outlet,Arizona,49,54,11
"June 23, 2021",Women's Apparel,West,Foot Locker,Outlet,Arizona,46,73,16
"September 24, 2021",Women's Apparel,West,Foot Locker,Outlet,Arizona,43,57,13
"January 23, 2021",Women's Apparel,West,Foot Locker,Outlet,Idaho,27,38,14
"September 24, 2021",Women's Athletic Footwear,West,Foot Locker,Outlet,Arizona,33,41,12
"March 22, 2021",Women's Athletic Footwear,West,Foot Locker,Outlet,Arizona,38,26,7
"May 24, 2021",Women's Athletic Footwear,West,Foot Locker,Outlet,Arizona,39,36,9
"July 22, 2021",Women's Athletic Footwear,West,Foot Locker,Outlet,Arizona,36,41,11
"October 23, 2021",Women's Athletic Footwear,West,Foot Locker,Outlet,Arizona,32,33,10
"June 23, 2021",Women's Athletic Footwear,West,Foot Locker,Outlet,Arizona,38,40,11
"April 23, 2021",Women's Athletic Footwear,West,Foot Locker,Outlet,Arizona,40,31,8
"February 23, 2021",Women's Athletic Footwear,West,Foot Locker,Outlet,Arizona,26,18,7
"November 23, 2021",Women's Athletic Footwear,West,Foot Locker,Outlet,Arizona,33,38,12
"August 23, 2021",Women's Athletic Footwear,West,Foot Locker,Outlet,Arizona,43,52,12
"January 23, 2021",Women's Athletic Footwear,West,Foot Locker,Outlet,Idaho,30,26,9
"October 23, 2021",Women's Street Footwear,West,Foot Locker,Outlet,Arizona,31,34,11
"September 24, 2021",Women's Street Footwear,West,Foot Locker,Outlet,Arizona,34,49,15
"April 23, 2021",Women's Street Footwear,West,Foot Locker,Outlet,Arizona,42,52,12
"May 24, 2021",Women's Street Footwear,West,Foot Locker,Outlet,Arizona,41,54,13
"June 23, 2021",Women's Street Footwear,West,Foot Locker,Outlet,Arizona,41,60,15
"November 23, 2021",Women's Street Footwear,West,Foot Locker,Outlet,Arizona,33,41,12
"July 22, 2021",Women's Street Footwear,West,Foot Locker,Outlet,Arizona,39,61,16
"March 22, 2021",Women's Street Footwear,West,Foot Locker,Outlet,Arizona,37,44,12
"August 23, 2021",Women's Street Footwear,West,Foot Locker,Outlet,Arizona,37,57,15
"January 23, 2021",Women's Street Footwear,West,Foot Locker,Outlet,Idaho,31,45,15
"February 23, 2021",Women's Street Footwear,West,Foot Locker,Outlet,Idaho,28,35,12
"December 22, 2021",Men's Apparel,West,Kohl's,Outlet,Arizona,42,46,11
"January 26, 2021",Men's Apparel,West,Kohl's,Outlet,Arizona,33,31,9
"February 26, 2021",Men's Apparel,West,Kohl's,Outlet,New Mexico,34,21,6
"July 25, 2021",Men's Apparel,West,Kohl's,Outlet,New Mexico,40,64,16
"March 25, 2021",Men's Apparel,West,Kohl's,Outlet,New Mexico,41,22,5
"October 26, 2021",Men's Apparel,West,Kohl's,Outlet,New Mexico,41,47,11
"August 26, 2021",Men's Apparel,West,Kohl's,Outlet,New Mexico,48,78,16
"September 27, 2021",Men's Apparel,West,Kohl's,Outlet,New Mexico,40,58,15
"June 26, 2021",Men's Apparel,West,Kohl's,Outlet,New Mexico,44,41,9
"May 27, 2021",Men's Apparel,West,Kohl's,Outlet,New Mexico,45,35,8
"April 26, 2021",Men's Apparel,West,Kohl's,Outlet,New Mexico,46,28,6
"November 26, 2021",Men's Apparel,West,Kohl's,Outlet,New Mexico,54,71,13
"January 26, 2021",Men's Athletic Footwear,West,Kohl's,Outlet,Arizona,30,44,15
"February 26, 2021",Men's Athletic Footwear,West,Kohl's,Outlet,Arizona,36,49,14
"May 27, 2021",Men's Athletic Footwear,West,Kohl's,Outlet,New Mexico,46,63,14
"October 26, 2021",Men's Athletic Footwear,West,Kohl's,Outlet,New Mexico,38,69,18
"November 26, 2021",Men's Athletic Footwear,West,Kohl's,Outlet,New Mexico,44,79,18
"July 25, 2021",Men's Athletic Footwear,West,Kohl's,Outlet,New Mexico,45,95,21
"June 26, 2021",Men's Athletic Footwear,West,Kohl's,Outlet,New Mexico,47,88,19
"August 26, 2021",Men's Athletic Footwear,West,Kohl's,Outlet,New Mexico,44,92,21
"March 25, 2021",Men's Athletic Footwear,West,Kohl's,Outlet,New Mexico,36,49,14
"September 27, 2021",Men's Athletic Footwear,West,Kohl's,Outlet,New Mexico,39,73,19
"April 26, 2021",Men's Athletic Footwear,West,Kohl's,Outlet,New Mexico,43,47,11
"December 25, 2021",Men's Athletic Footwear,West,Kohl's,Outlet,New Mexico,47,102,22
"February 26, 2021",Men's Street Footwear,West,Kohl's,Outlet,Arizona,27,47,17
"January 26, 2021",Men's Street Footwear,West,Kohl's,Outlet,Arizona,27,41,15
"October 26, 2021",Men's Street Footwear,West,Kohl's,Outlet,New Mexico,35,60,17
"August 26, 2021",Men's Street Footwear,West,Kohl's,Outlet,New Mexico,40,90,22
"June 26, 2021",Men's Street Footwear,West,Kohl's,Outlet,New Mexico,37,83,22
"July 25, 2021",Men's Street Footwear,West,Kohl's,Outlet,New Mexico,41,102,25
"March 25, 2021",Men's Street Footwear,West,Kohl's,Outlet,New Mexico,30,56,19
"May 27, 2021",Men's Street Footwear,West,Kohl's,Outlet,New Mexico,43,79,18
"November 26, 2021",Men's Street Footwear,West,Kohl's,Outlet,New Mexico,47,83,18
"September 27, 2021",Men's Street Footwear,West,Kohl's,Outlet,New Mexico,37,76,21
"April 26, 2021",Men's Street Footwear,West,Kohl's,Outlet,New Mexico,41,68,17
"December 25, 2021",Men's Street Footwear,West,Kohl's,Outlet,New Mexico,44,105,24
"January 26, 2021",Women's Apparel,West,Kohl's,Outlet,Arizona,36,60,17
"December 22, 2021",Women's Apparel,West,Kohl's,Outlet,Arizona,43,58,14
"February 26, 2021",Women's Apparel,West,Kohl's,Outlet,New Mexico,35,49,14
"June 26, 2021",Women's Apparel,West,Kohl's,Outlet,New Mexico,50,96,19
"April 26, 2021",Women's Apparel,West,Kohl's,Outlet,New Mexico,56,65,12
"May 27, 2021",Women's Apparel,West,Kohl's,Outlet,New Mexico,56,74,13
"September 27, 2021",Women's Apparel,West,Kohl's,Outlet,New Mexico,48,75,16
"November 26, 2021",Women's Apparel,West,Kohl's,Outlet,New Mexico,56,95,17
"March 25, 2021",Women's Apparel,West,Kohl's,Outlet,New Mexico,44,58,13
"October 26, 2021",Women's Apparel,West,Kohl's,Outlet,New Mexico,57,75,13
"July 25, 2021",Women's Apparel,West,Kohl's,Outlet,New Mexico,49,78,16
"August 26, 2021",Women's Apparel,West,Kohl's,Outlet,New Mexico,50,77,15
"January 26, 2021",Women's Athletic Footwear,West,Kohl's,Outlet,Arizona,30,30,10
"December 22, 2021",Women's Athletic Footwear,West,Kohl's,Outlet,Arizona,32,41,13
"February 26, 2021",Women's Athletic Footwear,West,Kohl's,Outlet,New Mexico,29,26,9
"August 26, 2021",Women's Athletic Footwear,West,Kohl's,Outlet,New Mexico,46,70,15
"March 25, 2021",Women's Athletic Footwear,West,Kohl's,Outlet,New Mexico,37,33,9
"April 26, 2021",Women's Athletic Footwear,West,Kohl's,Outlet,New Mexico,37,36,10
"June 26, 2021",Women's Athletic Footwear,West,Kohl's,Outlet,New Mexico,37,47,13
"September 27, 2021",Women's Athletic Footwear,West,Kohl's,Outlet,New Mexico,37,54,15
"November 26, 2021",Women's Athletic Footwear,West,Kohl's,Outlet,New Mexico,40,54,14
"May 27, 2021",Women's Athletic Footwear,West,Kohl's,Outlet,New Mexico,43,47,11
"October 26, 2021",Women's Athletic Footwear,West,Kohl's,Outlet,New Mexico,35,39,11
"July 25, 2021",Women's Athletic Footwear,West,Kohl's,Outlet,New Mexico,39,58,15
"January 26, 2021",Women's Street Footwear,West,Kohl's,Outlet,Arizona,32,50,16
"February 26, 2021",Women's Street Footwear,West,Kohl's,Outlet,Arizona,35,46,13
"December 22, 2021",Women's Street Footwear,West,Kohl's,Outlet,Arizona,35,48,14
"July 25, 2021",Women's Street Footwear,West,Kohl's,Outlet,New Mexico,39,67,17
"November 26, 2021",Women's Street Footwear,West,Kohl's,Outlet,New Mexico,46,69,15
"March 25, 2021",Women's Street Footwear,West,Kohl's,Outlet,New Mexico,44,55,12
"October 26, 2021",Women's Street Footwear,West,Kohl's,Outlet,New Mexico,34,41,12
"June 26, 2021",Women's Street Footwear,West,Kohl's,Outlet,New Mexico,41,79,19
"August 26, 2021",Women's Street Footwear,West,Kohl's,Outlet,New Mexico,46,75,16
"May 27, 2021",Women's Street Footwear,West,Kohl's,Outlet,New Mexico,46,62,14
"September 27, 2021",Women's Street Footwear,West,Kohl's,Outlet,New Mexico,39,57,15
"April 26, 2021",Women's Street Footwear,West,Kohl's,Outlet,New Mexico,44,62,14
"December 25, 2021",Men's Apparel,West,Sports Direct,Outlet,New Mexico,55,70,13
"January 13, 2021",Men's Apparel,West,Sports Direct,Outlet,New Mexico,35,26,8
"February 13, 2021",Men's Athletic Footwear,West,Sports Direct,Outlet,New Mexico,27,33,12
"January 13, 2021",Men's Athletic Footwear,West,Sports Direct,Outlet,New Mexico,27,38,14
"February 13, 2021",Men's Street Footwear,West,Sports Direct,Outlet,New Mexico,23,35,15
"January 13, 2021",Men's Street Footwear,West,Sports Direct,Outlet,New Mexico,24,36,15
"December 25, 2021",Women's Apparel,West,Sports Direct,Outlet,New Mexico,56,97,17
"January 13, 2021",Women's Apparel,West,Sports Direct,Outlet,New Mexico,28,39,14
"December 25, 2021",Women's Athletic Footwear,West,Sports Direct,Outlet,New Mexico,45,72,16
"January 13, 2021",Women's Athletic Footwear,West,Sports Direct,Outlet,New Mexico,28,28,10
"February 13, 2021",Women's Street Footwear,West,Sports Direct,Outlet,New Mexico,28,34,12
"December 25, 2021",Women's Street Footwear,West,Sports Direct,Outlet,New Mexico,44,66,15
"January 13, 2021",Women's Street Footwear,West,Sports Direct,Outlet,New Mexico,32,45,14
"February 3, 2021",Men's Apparel,West,West Gear,Outlet,California,50,111,22
"February 9, 2021",Men's Apparel,West,West Gear,Outlet,California,51,116,23
"January 28, 2021",Men's Apparel,West,West Gear,Outlet,California,43,97,23
"February 15, 2021",Men's Apparel,West,West Gear,Outlet,California,43,105,25
"November 5, 2020",Men's Apparel,West,West Gear,Outlet,California,38,66,17
"December 23, 2020",Men's Apparel,West,West Gear,Outlet,California,51,87,17
"January 16, 2021",Men's Apparel,West,West Gear,Outlet,California,44,106,24
"December 29, 2020",Men's Apparel,West,West Gear,Outlet,California,47,74,16
"November 11, 2020",Men's Apparel,West,West Gear,Outlet,California,42,69,17
"January 4, 2021",Men's Apparel,West,West Gear,Outlet,California,49,89,18
"January 22, 2021",Men's Apparel,West,West Gear,Outlet,California,59,155,26
"January 10, 2021",Men's Apparel,West,West Gear,Outlet,California,44,86,20
"February 23, 2020",Men's Apparel,West,West Gear,Outlet,Nevada,53,68,13
"March 7, 2020",Men's Apparel,West,West Gear,Outlet,Nevada,46,55,12
"March 1, 2020",Men's Apparel,West,West Gear,Outlet,Nevada,48,51,11
"March 13, 2020",Men's Apparel,West,West Gear,Outlet,Nevada,49,67,14
"January 6, 2020",Men's Apparel,West,West Gear,Outlet,Nevada,37,30,8
"February 11, 2020",Men's Apparel,West,West Gear,Outlet,Nevada,47,71,15
"February 17, 2020",Men's Apparel,West,West Gear,Outlet,Nevada,50,76,15
"January 12, 2020",Men's Apparel,West,West Gear,Outlet,Nevada,37,26,7
"January 24, 2020",Men's Apparel,West,West Gear,Outlet,Nevada,47,29,6
"January 18, 2020",Men's Apparel,West,West Gear,Outlet,Nevada,44,26,6
"February 5, 2020",Men's Apparel,West,West Gear,Outlet,Nevada,47,49,11
"January 30, 2020",Men's Apparel,West,West Gear,Outlet,Nevada,43,28,7
"April 24, 2021",Men's Apparel,West,West Gear,Outlet,Oregon,36,14,4
"September 25, 2021",Men's Apparel,West,West Gear,Outlet,Oregon,48,37,8
"August 24, 2021",Men's Apparel,West,West Gear,Outlet,Oregon,53,72,14
"February 24, 2021",Men's Apparel,West,West Gear,Outlet,Oregon,32,14,4
"May 25, 2021",Men's Apparel,West,West Gear,Outlet,Oregon,33,19,6
"March 23, 2021",Men's Apparel,West,West Gear,Outlet,Oregon,43,13,3
"October 24, 2021",Men's Apparel,West,West Gear,Outlet,Oregon,40,37,9
"November 24, 2021",Men's Apparel,West,West Gear,Outlet,Oregon,50,73,15
"June 24, 2021",Men's Apparel,West,West Gear,Outlet,Oregon,67,94,14
"July 23, 2021",Men's Apparel,West,West Gear,Outlet,Oregon,68,135,20
"December 23, 2021",Men's Apparel,West,West Gear,Outlet,Oregon,54,85,16
"January 17, 2021",Men's Apparel,West,West Gear,Outlet,Oregon,33,22,7
"January 24, 2021",Men's Apparel,West,West Gear,Outlet,Utah,35,19,5
"January 25, 2021",Men's Athletic Footwear,West,West Gear,Outlet,California,42,121,29
"January 31, 2021",Men's Athletic Footwear,West,West Gear,Outlet,California,39,109,28
"February 6, 2021",Men's Athletic Footwear,West,West Gear,Outlet,California,46,141,31
"February 12, 2021",Men's Athletic Footwear,West,West Gear,Outlet,California,46,153,33
"January 19, 2021",Men's Athletic Footwear,West,West Gear,Outlet,California,47,131,28
"November 14, 2020",Men's Athletic Footwear,West,West Gear,Outlet,California,39,90,23
"January 13, 2021",Men's Athletic Footwear,West,West Gear,Outlet,California,49,129,26
"November 8, 2020",Men's Athletic Footwear,West,West Gear,Outlet,California,36,86,24
"December 26, 2020",Men's Athletic Footwear,West,West Gear,Outlet,California,51,110,22
"January 1, 2021",Men's Athletic Footwear,West,West Gear,Outlet,California,51,119,23
"January 7, 2021",Men's Athletic Footwear,West,West Gear,Outlet,California,50,128,26
"March 16, 2020",Men's Athletic Footwear,West,West Gear,Outlet,Nevada,31,45,15
"February 26, 2020",Men's Athletic Footwear,West,West Gear,Outlet,Nevada,50,97,19
"March 10, 2020",Men's Athletic Footwear,West,West Gear,Outlet,Nevada,50,105,21
"March 4, 2020",Men's Athletic Footwear,West,West Gear,Outlet,Nevada,52,105,20
"February 8, 2020",Men's Athletic Footwear,West,West Gear,Outlet,Nevada,46,94,20
"February 20, 2020",Men's Athletic Footwear,West,West Gear,Outlet,Nevada,51,92,18
"January 21, 2020",Men's Athletic Footwear,West,West Gear,Outlet,Nevada,46,53,12
"February 14, 2020",Men's Athletic Footwear,West,West Gear,Outlet,Nevada,56,116,21
"January 9, 2020",Men's Athletic Footwear,West,West Gear,Outlet,Nevada,35,51,15
"January 15, 2020",Men's Athletic Footwear,West,West Gear,Outlet,Nevada,42,52,12
"January 27, 2020",Men's Athletic Footwear,West,West Gear,Outlet,Nevada,43,52,12
"February 2, 2020",Men's Athletic Footwear,West,West Gear,Outlet,Nevada,51,93,18
"October 24, 2021",Men's Athletic Footwear,West,West Gear,Outlet,Oregon,37,66,18
"September 25, 2021",Men's Athletic Footwear,West,West Gear,Outlet,Oregon,43,68,16
"November 24, 2021",Men's Athletic Footwear,West,West Gear,Outlet,Oregon,37,75,20
"May 25, 2021",Men's Athletic Footwear,West,West Gear,Outlet,Oregon,36,39,11
"December 23, 2021",Men's Athletic Footwear,West,West Gear,Outlet,Oregon,56,130,23
"April 24, 2021",Men's Athletic Footwear,West,West Gear,Outlet,Oregon,39,34,9
"March 23, 2021",Men's Athletic Footwear,West,West Gear,Outlet,Oregon,40,39,10
"June 24, 2021",Men's Athletic Footwear,West,West Gear,Outlet,Oregon,47,95,20
"July 23, 2021",Men's Athletic Footwear,West,West Gear,Outlet,Oregon,66,143,22
"August 24, 2021",Men's Athletic Footwear,West,West Gear,Outlet,Oregon,62,159,26
"February 17, 2021",Men's Athletic Footwear,West,West Gear,Outlet,Oregon,31,38,12
"January 17, 2021",Men's Athletic Footwear,West,West Gear,Outlet,Oregon,31,38,12
"January 24, 2021",Men's Athletic Footwear,West,West Gear,Outlet,Utah,29,36,12
"February 24, 2021",Men's Athletic Footwear,West,West Gear,Outlet,Utah,29,36,12
"January 30, 2021",Men's Street Footwear,West,West Gear,Outlet,California,36,104,29
"February 11, 2021",Men's Street Footwear,West,West Gear,Outlet,California,40,129,32
"February 5, 2021",Men's Street Footwear,West,West Gear,Outlet,California,39,103,26
"January 24, 2021",Men's Street Footwear,West,West Gear,Outlet,California,40,115,29
"December 25, 2020",Men's Street Footwear,West,West Gear,Outlet,California,40,108,27
"January 12, 2021",Men's Street Footwear,West,West Gear,Outlet,California,41,139,34
"November 13, 2020",Men's Street Footwear,West,West Gear,Outlet,California,36,98,27
"January 18, 2021",Men's Street Footwear,West,West Gear,Outlet,California,45,136,30
"November 7, 2020",Men's Street Footwear,West,West Gear,Outlet,California,28,81,29
"January 6, 2021",Men's Street Footwear,West,West Gear,Outlet,California,41,140,34
"December 31, 2020",Men's Street Footwear,West,West Gear,Outlet,California,44,119,27
"March 9, 2020",Men's Street Footwear,West,West Gear,Outlet,Nevada,47,102,22
"February 19, 2020",Men's Street Footwear,West,West Gear,Outlet,Nevada,41,76,19
"March 15, 2020",Men's Street Footwear,West,West Gear,Outlet,Nevada,20,30,15
"February 25, 2020",Men's Street Footwear,West,West Gear,Outlet,Nevada,47,80,17
"January 20, 2020",Men's Street Footwear,West,West Gear,Outlet,Nevada,41,70,17
"March 3, 2020",Men's Street Footwear,West,West Gear,Outlet,Nevada,47,92,20
"January 8, 2020",Men's Street Footwear,West,West Gear,Outlet,Nevada,27,47,17
"February 7, 2020",Men's Street Footwear,West,West Gear,Outlet,Nevada,48,112,23
"January 14, 2020",Men's Street Footwear,West,West Gear,Outlet,Nevada,31,56,18
"February 13, 2020",Men's Street Footwear,West,West Gear,Outlet,Nevada,44,105,24
"January 26, 2020",Men's Street Footwear,West,West Gear,Outlet,Nevada,43,74,17
"February 1, 2020",Men's Street Footwear,West,West Gear,Outlet,Nevada,47,115,25
"September 25, 2021",Men's Street Footwear,West,West Gear,Outlet,Oregon,34,51,15
"November 24, 2021",Men's Street Footwear,West,West Gear,Outlet,Oregon,34,65,19
"August 24, 2021",Men's Street Footwear,West,West Gear,Outlet,Oregon,69,177,26
"June 24, 2021",Men's Street Footwear,West,West Gear,Outlet,Oregon,43,103,24
"October 24, 2021",Men's Street Footwear,West,West Gear,Outlet,Oregon,29,35,12
"April 24, 2021",Men's Street Footwear,West,West Gear,Outlet,Oregon,44,73,17
"March 23, 2021",Men's Street Footwear,West,West Gear,Outlet,Oregon,28,40,14
"January 17, 2021",Men's Street Footwear,West,West Gear,Outlet,Oregon,28,34,12
"May 25, 2021",Men's Street Footwear,West,West Gear,Outlet,Oregon,39,60,16
"December 23, 2021",Men's Street Footwear,West,West Gear,Outlet,Oregon,51,115,23
"July 23, 2021",Men's Street Footwear,West,West Gear,Outlet,Oregon,60,179,30
"February 17, 2021",Men's Street Footwear,West,West Gear,Outlet,Oregon,24,42,18
"January 24, 2021",Men's Street Footwear,West,West Gear,Outlet,Utah,24,26,11
"February 24, 2021",Men's Street Footwear,West,West Gear,Outlet,Utah,22,34,15
"February 4, 2021",Women's Apparel,West,West Gear,Outlet,California,46,103,22
"January 29, 2021",Women's Apparel,West,West Gear,Outlet,California,51,135,26
"February 10, 2021",Women's Apparel,West,West Gear,Outlet,California,56,143,26
"February 16, 2021",Women's Apparel,West,West Gear,Outlet,California,50,128,26
"January 17, 2021",Women's Apparel,West,West Gear,Outlet,California,56,148,26
"December 30, 2020",Women's Apparel,West,West Gear,Outlet,California,62,152,25
"December 24, 2020",Women's Apparel,West,West Gear,Outlet,California,41,100,25
"November 6, 2020",Women's Apparel,West,West Gear,Outlet,California,36,84,23
"November 12, 2020",Women's Apparel,West,West Gear,Outlet,California,33,69,21
"January 23, 2021",Women's Apparel,West,West Gear,Outlet,California,60,152,25
"January 5, 2021",Women's Apparel,West,West Gear,Outlet,California,58,131,23
"January 11, 2021",Women's Apparel,West,West Gear,Outlet,California,60,184,31
"March 14, 2020",Women's Apparel,West,West Gear,Outlet,Nevada,56,95,17
"March 8, 2020",Women's Apparel,West,West Gear,Outlet,Nevada,51,83,16
"February 24, 2020",Women's Apparel,West,West Gear,Outlet,Nevada,54,76,14
"March 2, 2020",Women's Apparel,West,West Gear,Outlet,Nevada,53,64,12
"January 13, 2020",Women's Apparel,West,West Gear,Outlet,Nevada,31,43,14
"January 7, 2020",Women's Apparel,West,West Gear,Outlet,Nevada,36,60,17
"January 19, 2020",Women's Apparel,West,West Gear,Outlet,Nevada,39,48,12
"February 18, 2020",Women's Apparel,West,West Gear,Outlet,Nevada,55,70,13
"January 25, 2020",Women's Apparel,West,West Gear,Outlet,Nevada,54,66,12
"February 12, 2020",Women's Apparel,West,West Gear,Outlet,Nevada,61,104,17
"February 6, 2020",Women's Apparel,West,West Gear,Outlet,Nevada,57,109,19
"January 31, 2020",Women's Apparel,West,West Gear,Outlet,Nevada,54,76,14
"September 25, 2021",Women's Apparel,West,West Gear,Outlet,Oregon,36,31,9
"June 24, 2021",Women's Apparel,West,West Gear,Outlet,Oregon,74,171,23
"April 24, 2021",Women's Apparel,West,West Gear,Outlet,Oregon,49,44,9
"December 23, 2021",Women's Apparel,West,West Gear,Outlet,Oregon,55,111,20
"February 24, 2021",Women's Apparel,West,West Gear,Outlet,Oregon,28,27,10
"March 23, 2021",Women's Apparel,West,West Gear,Outlet,Oregon,40,36,9
"July 23, 2021",Women's Apparel,West,West Gear,Outlet,Oregon,78,159,20
"May 25, 2021",Women's Apparel,West,West Gear,Outlet,Oregon,46,80,17
"October 24, 2021",Women's Apparel,West,West Gear,Outlet,Oregon,41,50,12
"August 24, 2021",Women's Apparel,West,West Gear,Outlet,Oregon,53,47,9
"November 24, 2021",Women's Apparel,West,West Gear,Outlet,Oregon,53,87,17
"January 17, 2021",Women's Apparel,West,West Gear,Outlet,Oregon,34,48,14
"January 24, 2021",Women's Apparel,West,West Gear,Outlet,Utah,28,37,13
"January 27, 2021",Women's Athletic Footwear,West,West Gear,Outlet,California,39,96,25
"February 8, 2021",Women's Athletic Footwear,West,West Gear,Outlet,California,37,78,21
"February 14, 2021",Women's Athletic Footwear,West,West Gear,Outlet,California,40,108,27
"February 2, 2021",Women's Athletic Footwear,West,West Gear,Outlet,California,42,94,22
"December 22, 2020",Women's Athletic Footwear,West,West Gear,Outlet,California,48,98,20
"November 10, 2020",Women's Athletic Footwear,West,West Gear,Outlet,California,39,74,19
"December 28, 2020",Women's Athletic Footwear,West,West Gear,Outlet,California,48,90,19
"January 21, 2021",Women's Athletic Footwear,West,West Gear,Outlet,California,52,133,26
"January 15, 2021",Women's Athletic Footwear,West,West Gear,Outlet,California,46,114,25
"January 9, 2021",Women's Athletic Footwear,West,West Gear,Outlet,California,41,92,22
"January 3, 2021",Women's Athletic Footwear,West,West Gear,Outlet,California,42,96,23
"February 28, 2020",Women's Athletic Footwear,West,West Gear,Outlet,Nevada,43,51,12
"March 18, 2020",Women's Athletic Footwear,West,West Gear,Outlet,Nevada,26,25,10
"February 22, 2020",Women's Athletic Footwear,West,West Gear,Outlet,Nevada,43,53,12
"March 6, 2020",Women's Athletic Footwear,West,West Gear,Outlet,Nevada,43,57,13
"March 12, 2020",Women's Athletic Footwear,West,West Gear,Outlet,Nevada,40,66,17
"January 11, 2020",Women's Athletic Footwear,West,West Gear,Outlet,Nevada,30,26,9
"January 23, 2020",Women's Athletic Footwear,West,West Gear,Outlet,Nevada,40,36,9
"January 17, 2020",Women's Athletic Footwear,West,West Gear,Outlet,Nevada,41,38,9
"February 16, 2020",Women's Athletic Footwear,West,West Gear,Outlet,Nevada,42,64,15
"February 10, 2020",Women's Athletic Footwear,West,West Gear,Outlet,Nevada,46,64,14
"February 4, 2020",Women's Athletic Footwear,West,West Gear,Outlet,Nevada,47,68,15
"January 29, 2020",Women's Athletic Footwear,West,West Gear,Outlet,Nevada,47,49,11
"April 24, 2021",Women's Athletic Footwear,West,West Gear,Outlet,Oregon,34,24,7
"March 23, 2021",Women's Athletic Footwear,West,West Gear,Outlet,Oregon,39,29,8
"August 24, 2021",Women's Athletic Footwear,West,West Gear,Outlet,Oregon,50,64,13
"May 25, 2021",Women's Athletic Footwear,West,West Gear,Outlet,Oregon,33,31,9
"October 24, 2021",Women's Athletic Footwear,West,West Gear,Outlet,Oregon,34,39,11
"December 23, 2021",Women's Athletic Footwear,West,West Gear,Outlet,Oregon,53,87,17
"February 24, 2021",Women's Athletic Footwear,West,West Gear,Outlet,Oregon,29,19,6
"November 24, 2021",Women's Athletic Footwear,West,West Gear,Outlet,Oregon,39,58,15
"July 23, 2021",Women's Athletic Footwear,West,West Gear,Outlet,Oregon,61,104,17
"June 24, 2021",Women's Athletic Footwear,West,West Gear,Outlet,Oregon,62,111,18
"September 25, 2021",Women's Athletic Footwear,West,West Gear,Outlet,Oregon,38,24,6
"January 17, 2021",Women's Athletic Footwear,West,West Gear,Outlet,Oregon,34,27,8
"January 24, 2021",Women's Athletic Footwear,West,West Gear,Outlet,Utah,30,20,7
"February 1, 2021",Women's Street Footwear,West,West Gear,Outlet,California,42,88,21
"February 13, 2021",Women's Street Footwear,West,West Gear,Outlet,California,44,113,26
"January 26, 2021",Women's Street Footwear,West,West Gear,Outlet,California,39,97,25
"February 7, 2021",Women's Street Footwear,West,West Gear,Outlet,California,40,99,25
"December 27, 2020",Women's Street Footwear,West,West Gear,Outlet,California,46,117,25
"January 20, 2021",Women's Street Footwear,West,West Gear,Outlet,California,51,126,25
"January 14, 2021",Women's Street Footwear,West,West Gear,Outlet,California,46,121,26
"November 9, 2020",Women's Street Footwear,West,West Gear,Outlet,California,40,99,25
"November 15, 2020",Women's Street Footwear,West,West Gear,Outlet,California,47,99,21
"January 2, 2021",Women's Street Footwear,West,West Gear,Outlet,California,46,104,23
"January 8, 2021",Women's Street Footwear,West,West Gear,Outlet,California,42,118,28
"February 21, 2020",Women's Street Footwear,West,West Gear,Outlet,Nevada,46,66,14
"March 17, 2020",Women's Street Footwear,West,West Gear,Outlet,Nevada,26,33,13
"March 5, 2020",Women's Street Footwear,West,West Gear,Outlet,Nevada,44,62,14
"February 15, 2020",Women's Street Footwear,West,West Gear,Outlet,Nevada,44,79,18
"February 27, 2020",Women's Street Footwear,West,West Gear,Outlet,Nevada,47,53,11
"March 11, 2020",Women's Street Footwear,West,West Gear,Outlet,Nevada,47,78,17
"January 10, 2020",Women's Street Footwear,West,West Gear,Outlet,Nevada,31,43,14
"January 22, 2020",Women's Street Footwear,West,West Gear,Outlet,Nevada,47,56,12
"February 9, 2020",Women's Street Footwear,West,West Gear,Outlet,Nevada,47,80,17
"January 16, 2020",Women's Street Footwear,West,West Gear,Outlet,Nevada,43,55,13
"January 28, 2020",Women's Street Footwear,West,West Gear,Outlet,Nevada,49,65,13
"February 3, 2020",Women's Street Footwear,West,West Gear,Outlet,Nevada,46,81,18
"October 24, 2021",Women's Street Footwear,West,West Gear,Outlet,Oregon,37,40,11
"March 23, 2021",Women's Street Footwear,West,West Gear,Outlet,Oregon,41,46,11
"May 25, 2021",Women's Street Footwear,West,West Gear,Outlet,Oregon,39,46,12
"June 24, 2021",Women's Street Footwear,West,West Gear,Outlet,Oregon,53,110,21
"August 24, 2021",Women's Street Footwear,West,West Gear,Outlet,Oregon,50,108,22
"April 24, 2021",Women's Street Footwear,West,West Gear,Outlet,Oregon,47,54,11
"December 23, 2021",Women's Street Footwear,West,West Gear,Outlet,Oregon,48,93,19
"November 24, 2021",Women's Street Footwear,West,West Gear,Outlet,Oregon,32,49,15
"September 25, 2021",Women's Street Footwear,West,West Gear,Outlet,Oregon,39,32,8
"July 23, 2021",Women's Street Footwear,West,West Gear,Outlet,Oregon,66,146,22
"January 17, 2021",Women's Street Footwear,West,West Gear,Outlet,Oregon,33,42,13
"February 17, 2021",Women's Street Footwear,West,West Gear,Outlet,Oregon,34,45,13
"February 24, 2021",Women's Street Footwear,West,West Gear,Outlet,Utah,28,34,12
"January 24, 2021",Women's Street Footwear,West,West Gear,Outlet,Utah,31,33,11
"July 12, 2021",Men's Apparel,Midwest,Foot Locker,Outlet,Nebraska,30,225,8
"July 18, 2021",Men's Apparel,Midwest,Foot Locker,Outlet,Nebraska,40,100,3
"July 6, 2021",Men's Apparel,Midwest,Foot Locker,Outlet,Nebraska,40,400,10
"May 25, 2021",Men's Apparel,Midwest,Foot Locker,Outlet,Nebraska,45,563,13
"May 31, 2021",Men's Apparel,Midwest,Foot Locker,Outlet,Nebraska,45,563,13
"June 12, 2021",Men's Apparel,Midwest,Foot Locker,Outlet,Nebraska,45,113,3
"June 24, 2021",Men's Apparel,Midwest,Foot Locker,Outlet,Nebraska,45,675,15
"June 30, 2021",Men's Apparel,Midwest,Foot Locker,Outlet,Nebraska,45,788,18
"June 18, 2021",Men's Apparel,Midwest,Foot Locker,Outlet,Nebraska,50,250,5
"July 24, 2021",Men's Apparel,Midwest,Foot Locker,Outlet,Nebraska,50,500,10
"July 30, 2021",Men's Apparel,Midwest,Foot Locker,Outlet,Nebraska,50,750,15
"June 6, 2021",Men's Apparel,Midwest,Foot Locker,Outlet,Nebraska,50,250,5
"July 15, 2021",Men's Athletic Footwear,Midwest,Foot Locker,Outlet,Nebraska,30,450,15
"July 21, 2021",Men's Athletic Footwear,Midwest,Foot Locker,Outlet,Nebraska,30,450,15
"June 9, 2021",Men's Athletic Footwear,Midwest,Foot Locker,Outlet,Nebraska,35,263,8
"May 28, 2021",Men's Athletic Footwear,Midwest,Foot Locker,Outlet,Nebraska,35,438,13
"June 21, 2021",Men's Athletic Footwear,Midwest,Foot Locker,Outlet,Nebraska,35,525,15
"July 9, 2021",Men's Athletic Footwear,Midwest,Foot Locker,Outlet,Nebraska,35,700,20
"June 3, 2021",Men's Athletic Footwear,Midwest,Foot Locker,Outlet,Nebraska,40,400,10
"July 27, 2021",Men's Athletic Footwear,Midwest,Foot Locker,Outlet,Nebraska,40,"1,000",25
"June 15, 2021",Men's Athletic Footwear,Midwest,Foot Locker,Outlet,Nebraska,40,500,13
"June 27, 2021",Men's Athletic Footwear,Midwest,Foot Locker,Outlet,Nebraska,40,"1,200",30
"July 3, 2021",Men's Athletic Footwear,Midwest,Foot Locker,Outlet,Nebraska,45,"1,238",28
"May 27, 2021",Men's Street Footwear,Midwest,Foot Locker,Outlet,Nebraska,35,"1,663",48
"July 20, 2021",Men's Street Footwear,Midwest,Foot Locker,Outlet,Nebraska,40,"1,200",30
"July 14, 2021",Men's Street Footwear,Midwest,Foot Locker,Outlet,Nebraska,40,"1,300",33
"June 8, 2021",Men's Street Footwear,Midwest,Foot Locker,Outlet,Nebraska,40,"1,500",38
"June 20, 2021",Men's Street Footwear,Midwest,Foot Locker,Outlet,Nebraska,40,"1,600",40
"July 8, 2021",Men's Street Footwear,Midwest,Foot Locker,Outlet,Nebraska,40,"1,600",40
"June 2, 2021",Men's Street Footwear,Midwest,Foot Locker,Outlet,Nebraska,40,"1,680",42
"June 14, 2021",Men's Street Footwear,Midwest,Foot Locker,Outlet,Nebraska,45,"1,890",42
"July 2, 2021",Men's Street Footwear,Midwest,Foot Locker,Outlet,Nebraska,45,"2,250",50
"June 26, 2021",Men's Street Footwear,Midwest,Foot Locker,Outlet,Nebraska,45,"2,475",55
"July 26, 2021",Men's Street Footwear,Midwest,Foot Locker,Outlet,Nebraska,50,"2,250",45
"June 13, 2021",Women's Apparel,Midwest,Foot Locker,Outlet,Nebraska,35,525,15
"July 13, 2021",Women's Apparel,Midwest,Foot Locker,Outlet,Nebraska,35,525,15
"June 1, 2021",Women's Apparel,Midwest,Foot Locker,Outlet,Nebraska,35,700,20
"May 26, 2021",Women's Apparel,Midwest,Foot Locker,Outlet,Nebraska,35,788,23
"June 7, 2021",Women's Apparel,Midwest,Foot Locker,Outlet,Nebraska,40,600,15
"July 19, 2021",Women's Apparel,Midwest,Foot Locker,Outlet,Nebraska,45,675,15
"July 7, 2021",Women's Apparel,Midwest,Foot Locker,Outlet,Nebraska,45,"1,238",28
"June 25, 2021",Women's Apparel,Midwest,Foot Locker,Outlet,Nebraska,50,"1,625",33
"July 1, 2021",Women's Apparel,Midwest,Foot Locker,Outlet,Nebraska,50,"1,750",35
"July 25, 2021",Women's Apparel,Midwest,Foot Locker,Outlet,Nebraska,55,"1,100",20
"July 31, 2021",Women's Apparel,Midwest,Foot Locker,Outlet,Nebraska,55,"1,375",25
"June 19, 2021",Women's Apparel,Midwest,Foot Locker,Outlet,Nebraska,55,825,15
"July 11, 2021",Women's Athletic Footwear,Midwest,Foot Locker,Outlet,Nebraska,20,150,8
"June 11, 2021",Women's Athletic Footwear,Midwest,Foot Locker,Outlet,Nebraska,30,0,0
"July 17, 2021",Women's Athletic Footwear,Midwest,Foot Locker,Outlet,Nebraska,30,75,3
"May 30, 2021",Women's Athletic Footwear,Midwest,Foot Locker,Outlet,Nebraska,30,150,5
"July 5, 2021",Women's Athletic Footwear,Midwest,Foot Locker,Outlet,Nebraska,30,375,13
"July 23, 2021",Women's Athletic Footwear,Midwest,Foot Locker,Outlet,Nebraska,30,375,13
"June 23, 2021",Women's Athletic Footwear,Midwest,Foot Locker,Outlet,Nebraska,30,450,15
"June 5, 2021",Women's Athletic Footwear,Midwest,Foot Locker,Outlet,Nebraska,35,0,0
"June 17, 2021",Women's Athletic Footwear,Midwest,Foot Locker,Outlet,Nebraska,35,88,3
"June 29, 2021",Women's Athletic Footwear,Midwest,Foot Locker,Outlet,Nebraska,35,613,18
"July 29, 2021",Women's Athletic Footwear,Midwest,Foot Locker,Outlet,Nebraska,40,600,15
"July 10, 2021",Women's Street Footwear,Midwest,Foot Locker,Outlet,Nebraska,20,200,10
"May 29, 2021",Women's Street Footwear,Midwest,Foot Locker,Outlet,Nebraska,25,438,18
"June 10, 2021",Women's Street Footwear,Midwest,Foot Locker,Outlet,Nebraska,25,188,8
"July 16, 2021",Women's Street Footwear,Midwest,Foot Locker,Outlet,Nebraska,30,150,5
"July 22, 2021",Women's Street Footwear,Midwest,Foot Locker,Outlet,Nebraska,30,285,10
"June 4, 2021",Women's Street Footwear,Midwest,Foot Locker,Outlet,Nebraska,30,450,15
"June 22, 2021",Women's Street Footwear,Midwest,Foot Locker,Outlet,Nebraska,30,525,18
"June 16, 2021",Women's Street Footwear,Midwest,Foot Locker,Outlet,Nebraska,35,350,10
"June 28, 2021",Women's Street Footwear,Midwest,Foot Locker,Outlet,Nebraska,35,788,23
"July 4, 2021",Women's Street Footwear,Midwest,Foot Locker,Outlet,Nebraska,40,800,20
"July 28, 2021",Women's Street Footwear,Midwest,Foot Locker,Outlet,Nebraska,40,800,20
"November 3, 2021",Men's Apparel,Northeast,Amazon,Outlet,Maine,50,375,8
"October 28, 2021",Men's Apparel,Northeast,Amazon,Outlet,Maine,50,500,10
"October 16, 2021",Men's Apparel,Northeast,Amazon,Outlet,Maine,50,750,15
"October 22, 2021",Men's Apparel,Northeast,Amazon,Outlet,Maine,50,750,15
"December 31, 2021",Men's Apparel,Northeast,Amazon,Outlet,Maine,55,688,13
"November 9, 2021",Men's Apparel,Northeast,Amazon,Outlet,Maine,55,825,15
"December 25, 2021",Men's Apparel,Northeast,Amazon,Outlet,Maine,55,825,15
"November 15, 2021",Men's Apparel,Northeast,Amazon,Outlet,Maine,55,963,18
"November 21, 2021",Men's Apparel,Northeast,Amazon,Outlet,Maine,55,"1,100",20
"October 19, 2021",Men's Apparel,Northeast,Amazon,Outlet,Maine,65,650,10
"November 18, 2021",Men's Apparel,Northeast,Amazon,Outlet,Maine,65,975,15
"December 17, 2021",Men's Apparel,Northeast,Amazon,Outlet,Maine,65,"1,300",20
"December 13, 2021",Men's Apparel,Northeast,Amazon,Outlet,Massachusetts,52,47,9
"November 14, 2021",Men's Apparel,Northeast,Amazon,Outlet,Massachusetts,50,39,8
"January 14, 2021",Men's Apparel,Northeast,Amazon,Outlet,Massachusetts,37,26,7
"September 17, 2021",Men's Apparel,Northeast,Amazon,Outlet,New Hampshire,65,"1,463",23
"August 18, 2021",Men's Apparel,Northeast,Amazon,Outlet,New Hampshire,65,"1,625",25
"July 17, 2021",Men's Apparel,Northeast,Amazon,Outlet,New Hampshire,65,"2,275",35
"May 17, 2021",Men's Apparel,Northeast,Amazon,Outlet,New Hampshire,52,47,9
"April 18, 2021",Men's Apparel,Northeast,Amazon,Outlet,New Hampshire,40,24,6
"February 19, 2021",Men's Apparel,Northeast,Amazon,Outlet,New Hampshire,41,39,10
"August 18, 2021",Men's Apparel,Northeast,Amazon,Outlet,New Hampshire,45,36,8
"March 17, 2021",Men's Apparel,Northeast,Amazon,Outlet,New Hampshire,47,28,6
"September 17, 2021",Men's Apparel,Northeast,Amazon,Outlet,New Hampshire,48,34,7
"June 19, 2021",Men's Apparel,Northeast,Amazon,Outlet,New Hampshire,47,54,11
"July 17, 2021",Men's Apparel,Northeast,Amazon,Outlet,New Hampshire,47,56,12
"January 21, 2021",Men's Apparel,Northeast,Amazon,Outlet,Vermont,43,32,7
"September 10, 2021",Men's Apparel,Northeast,Amazon,Outlet,Vermont,48,33,7
"October 12, 2021",Men's Apparel,Northeast,Amazon,Outlet,Vermont,55,32,6
"July 10, 2021",Men's Apparel,Northeast,Amazon,Outlet,Vermont,39,44,11
"March 10, 2021",Men's Apparel,Northeast,Amazon,Outlet,Vermont,36,20,6
"February 12, 2021",Men's Apparel,Northeast,Amazon,Outlet,Vermont,36,24,7
"August 11, 2021",Men's Apparel,Northeast,Amazon,Outlet,Vermont,43,31,7
"November 11, 2021",Men's Apparel,Northeast,Amazon,Outlet,Vermont,50,46,9
"June 12, 2021",Men's Apparel,Northeast,Amazon,Outlet,Vermont,44,46,11
"May 10, 2021",Men's Apparel,Northeast,Amazon,Outlet,Vermont,46,42,9
"April 11, 2021",Men's Apparel,Northeast,Amazon,Outlet,Vermont,41,22,5
"December 10, 2021",Men's Apparel,Northeast,Amazon,Outlet,Vermont,48,50,10
"October 19, 2021",Men's Athletic Footwear,Northeast,Amazon,Outlet,Maine,40,600,15
"October 31, 2021",Men's Athletic Footwear,Northeast,Amazon,Outlet,Maine,40,600,15
"October 25, 2021",Men's Athletic Footwear,Northeast,Amazon,Outlet,Maine,40,700,18
"November 6, 2021",Men's Athletic Footwear,Northeast,Amazon,Outlet,Maine,50,"1,000",20
"December 28, 2021",Men's Athletic Footwear,Northeast,Amazon,Outlet,Maine,50,"1,250",25
"November 12, 2021",Men's Athletic Footwear,Northeast,Amazon,Outlet,Maine,50,"1,375",28
"November 18, 2021",Men's Athletic Footwear,Northeast,Amazon,Outlet,Maine,50,"1,500",30
"December 22, 2021",Men's Athletic Footwear,Northeast,Amazon,Outlet,Maine,50,"1,500",30
"November 18, 2021",Men's Athletic Footwear,Northeast,Amazon,Outlet,Maine,55,"1,100",20
"October 19, 2021",Men's Athletic Footwear,Northeast,Amazon,Outlet,Maine,55,"1,238",23
"December 17, 2021",Men's Athletic Footwear,Northeast,Amazon,Outlet,Maine,55,"1,513",28
"December 13, 2021",Men's Athletic Footwear,Northeast,Amazon,Outlet,Massachusetts,37,42,11
"November 14, 2021",Men's Athletic Footwear,Northeast,Amazon,Outlet,Massachusetts,40,41,10
"February 12, 2021",Men's Athletic Footwear,Northeast,Amazon,Outlet,Massachusetts,33,24,7
"January 14, 2021",Men's Athletic Footwear,Northeast,Amazon,Outlet,Massachusetts,36,39,11
"September 17, 2021",Men's Athletic Footwear,Northeast,Amazon,Outlet,New Hampshire,60,"2,100",35
"July 17, 2021",Men's Athletic Footwear,Northeast,Amazon,Outlet,New Hampshire,60,"2,700",45
"August 18, 2021",Men's Athletic Footwear,Northeast,Amazon,Outlet,New Hampshire,60,"2,700",45
"April 18, 2021",Men's Athletic Footwear,Northeast,Amazon,Outlet,New Hampshire,38,32,9
"September 17, 2021",Men's Athletic Footwear,Northeast,Amazon,Outlet,New Hampshire,43,50,12
"May 17, 2021",Men's Athletic Footwear,Northeast,Amazon,Outlet,New Hampshire,40,37,9
"July 17, 2021",Men's Athletic Footwear,Northeast,Amazon,Outlet,New Hampshire,47,70,15
"March 17, 2021",Men's Athletic Footwear,Northeast,Amazon,Outlet,New Hampshire,36,32,9
"August 18, 2021",Men's Athletic Footwear,Northeast,Amazon,Outlet,New Hampshire,39,53,14
"June 19, 2021",Men's Athletic Footwear,Northeast,Amazon,Outlet,New Hampshire,40,56,14
"February 19, 2021",Men's Athletic Footwear,Northeast,Amazon,Outlet,Vermont,37,31,9
"January 21, 2021",Men's Athletic Footwear,Northeast,Amazon,Outlet,Vermont,39,43,11
"April 11, 2021",Men's Athletic Footwear,Northeast,Amazon,Outlet,Vermont,35,24,7
"October 12, 2021",Men's Athletic Footwear,Northeast,Amazon,Outlet,Vermont,44,44,10
"March 10, 2021",Men's Athletic Footwear,Northeast,Amazon,Outlet,Vermont,36,29,8
"July 10, 2021",Men's Athletic Footwear,Northeast,Amazon,Outlet,Vermont,42,61,15
"June 12, 2021",Men's Athletic Footwear,Northeast,Amazon,Outlet,Vermont,44,53,12
"May 10, 2021",Men's Athletic Footwear,Northeast,Amazon,Outlet,Vermont,41,39,9
"December 10, 2021",Men's Athletic Footwear,Northeast,Amazon,Outlet,Vermont,41,54,13
"September 10, 2021",Men's Athletic Footwear,Northeast,Amazon,Outlet,Vermont,42,47,11
"August 11, 2021",Men's Athletic Footwear,Northeast,Amazon,Outlet,Vermont,43,64,15
"October 30, 2021",Men's Street Footwear,Northeast,Amazon,Outlet,Maine,40,"1,800",45
"October 24, 2021",Men's Street Footwear,Northeast,Amazon,Outlet,Maine,40,"1,880",47
"October 18, 2021",Men's Street Footwear,Northeast,Amazon,Outlet,Maine,40,"2,000",50
"December 27, 2021",Men's Street Footwear,Northeast,Amazon,Outlet,Maine,55,"2,475",45
"November 5, 2021",Men's Street Footwear,Northeast,Amazon,Outlet,Maine,55,"2,723",50
"November 11, 2021",Men's Street Footwear,Northeast,Amazon,Outlet,Maine,55,"2,888",53
"December 21, 2021",Men's Street Footwear,Northeast,Amazon,Outlet,Maine,55,"2,888",53
"November 17, 2021",Men's Street Footwear,Northeast,Amazon,Outlet,Maine,55,"3,025",55
"October 19, 2021",Men's Street Footwear,Northeast,Amazon,Outlet,Maine,60,"2,400",40
"November 18, 2021",Men's Street Footwear,Northeast,Amazon,Outlet,Maine,65,"2,438",38
"December 17, 2021",Men's Street Footwear,Northeast,Amazon,Outlet,Maine,65,"3,088",48
"November 14, 2021",Men's Street Footwear,Northeast,Amazon,Outlet,Massachusetts,49,59,12
"December 13, 2021",Men's Street Footwear,Northeast,Amazon,Outlet,Massachusetts,51,91,18
"February 12, 2021",Men's Street Footwear,Northeast,Amazon,Outlet,Massachusetts,33,61,18
"January 14, 2021",Men's Street Footwear,Northeast,Amazon,Outlet,Massachusetts,35,63,18
"September 17, 2021",Men's Street Footwear,Northeast,Amazon,Outlet,New Hampshire,65,"3,575",55
"August 18, 2021",Men's Street Footwear,Northeast,Amazon,Outlet,New Hampshire,65,"4,388",68
"April 18, 2021",Men's Street Footwear,Northeast,Amazon,Outlet,New Hampshire,33,62,19
"July 17, 2021",Men's Street Footwear,Northeast,Amazon,Outlet,New Hampshire,49,110,22
"May 17, 2021",Men's Street Footwear,Northeast,Amazon,Outlet,New Hampshire,47,92,20
"September 17, 2021",Men's Street Footwear,Northeast,Amazon,Outlet,New Hampshire,51,98,19
"March 17, 2021",Men's Street Footwear,Northeast,Amazon,Outlet,New Hampshire,39,73,19
"June 19, 2021",Men's Street Footwear,Northeast,Amazon,Outlet,New Hampshire,44,95,22
"August 18, 2021",Men's Street Footwear,Northeast,Amazon,Outlet,New Hampshire,48,97,20
"January 21, 2021",Men's Street Footwear,Northeast,Amazon,Outlet,Vermont,34,59,17
"February 19, 2021",Men's Street Footwear,Northeast,Amazon,Outlet,Vermont,34,63,19
"October 12, 2021",Men's Street Footwear,Northeast,Amazon,Outlet,Vermont,44,69,16
"December 10, 2021",Men's Street Footwear,Northeast,Amazon,Outlet,Vermont,48,89,19
"March 10, 2021",Men's Street Footwear,Northeast,Amazon,Outlet,Vermont,35,65,19
"September 10, 2021",Men's Street Footwear,Northeast,Amazon,Outlet,Vermont,44,79,18
"June 12, 2021",Men's Street Footwear,Northeast,Amazon,Outlet,Vermont,47,92,20
"August 11, 2021",Men's Street Footwear,Northeast,Amazon,Outlet,Vermont,42,90,22
"May 10, 2021",Men's Street Footwear,Northeast,Amazon,Outlet,Vermont,48,85,18
"April 11, 2021",Men's Street Footwear,Northeast,Amazon,Outlet,Vermont,30,50,17
"July 10, 2021",Men's Street Footwear,Northeast,Amazon,Outlet,Vermont,45,94,21
"October 29, 2021",Women's Apparel,Northeast,Amazon,Outlet,Maine,40,800,20
"November 4, 2021",Women's Apparel,Northeast,Amazon,Outlet,Maine,40,900,23
"October 17, 2021",Women's Apparel,Northeast,Amazon,Outlet,Maine,40,"1,000",25
"October 23, 2021",Women's Apparel,Northeast,Amazon,Outlet,Maine,40,"1,000",25
"September 17, 2021",Women's Apparel,Northeast,Amazon,Outlet,Maine,60,"1,350",23
"November 10, 2021",Women's Apparel,Northeast,Amazon,Outlet,Maine,60,"1,650",28
"November 16, 2021",Women's Apparel,Northeast,Amazon,Outlet,Maine,60,"1,950",33
"December 26, 2021",Women's Apparel,Northeast,Amazon,Outlet,Maine,60,"1,950",33
"December 20, 2021",Women's Apparel,Northeast,Amazon,Outlet,Maine,60,"2,250",38
"October 19, 2021",Women's Apparel,Northeast,Amazon,Outlet,Maine,70,"1,575",23
"November 18, 2021",Women's Apparel,Northeast,Amazon,Outlet,Maine,70,"1,750",25
"December 17, 2021",Women's Apparel,Northeast,Amazon,Outlet,Maine,70,"2,100",30
"December 13, 2021",Women's Apparel,Northeast,Amazon,Outlet,Massachusetts,51,65,13
"November 14, 2021",Women's Apparel,Northeast,Amazon,Outlet,Massachusetts,48,59,12
"October 15, 2021",Women's Apparel,Northeast,Amazon,Outlet,Massachusetts,51,35,7
"January 14, 2021",Women's Apparel,Northeast,Amazon,Outlet,Massachusetts,34,35,10
"September 17, 2021",Women's Apparel,Northeast,Amazon,Outlet,New Hampshire,70,"2,275",33
"August 18, 2021",Women's Apparel,Northeast,Amazon,Outlet,New Hampshire,70,"2,975",43
"July 17, 2021",Women's Apparel,Northeast,Amazon,Outlet,New Hampshire,70,"3,675",53
"April 18, 2021",Women's Apparel,Northeast,Amazon,Outlet,New Hampshire,33,33,10
"August 18, 2021",Women's Apparel,Northeast,Amazon,Outlet,New Hampshire,46,67,15
"September 17, 2021",Women's Apparel,Northeast,Amazon,Outlet,New Hampshire,53,55,10
"March 17, 2021",Women's Apparel,Northeast,Amazon,Outlet,New Hampshire,36,36,10
"May 17, 2021",Women's Apparel,Northeast,Amazon,Outlet,New Hampshire,46,64,14
"February 19, 2021",Women's Apparel,Northeast,Amazon,Outlet,New Hampshire,36,45,12
"July 17, 2021",Women's Apparel,Northeast,Amazon,Outlet,New Hampshire,47,77,16
"June 19, 2021",Women's Apparel,Northeast,Amazon,Outlet,New Hampshire,50,81,16
"January 21, 2021",Women's Apparel,Northeast,Amazon,Outlet,Vermont,35,35,10
"August 11, 2021",Women's Apparel,Northeast,Amazon,Outlet,Vermont,44,60,14
"April 11, 2021",Women's Apparel,Northeast,Amazon,Outlet,Vermont,36,32,9
"June 12, 2021",Women's Apparel,Northeast,Amazon,Outlet,Vermont,49,77,16
"March 10, 2021",Women's Apparel,Northeast,Amazon,Outlet,Vermont,29,28,10
"September 10, 2021",Women's Apparel,Northeast,Amazon,Outlet,Vermont,45,42,9
"May 10, 2021",Women's Apparel,Northeast,Amazon,Outlet,Vermont,47,56,12
"February 12, 2021",Women's Apparel,Northeast,Amazon,Outlet,Vermont,35,37,11
"July 10, 2021",Women's Apparel,Northeast,Amazon,Outlet,Vermont,49,86,18
"November 11, 2021",Women's Apparel,Northeast,Amazon,Outlet,Vermont,57,73,13
"December 10, 2021",Women's Apparel,Northeast,Amazon,Outlet,Vermont,60,87,15
"October 27, 2021",Women's Athletic Footwear,Northeast,Amazon,Outlet,Maine,35,175,5
"October 21, 2021",Women's Athletic Footwear,Northeast,Amazon,Outlet,Maine,35,263,8
"November 2, 2021",Women's Athletic Footwear,Northeast,Amazon,Outlet,Maine,35,263,8
"November 8, 2021",Women's Athletic Footwear,Northeast,Amazon,Outlet,Maine,45,563,13
"December 30, 2021",Women's Athletic Footwear,Northeast,Amazon,Outlet,Maine,45,563,13
"November 14, 2021",Women's Athletic Footwear,Northeast,Amazon,Outlet,Maine,45,788,18
"November 20, 2021",Women's Athletic Footwear,Northeast,Amazon,Outlet,Maine,45,788,18
"December 24, 2021",Women's Athletic Footwear,Northeast,Amazon,Outlet,Maine,45,788,18
"October 19, 2021",Women's Athletic Footwear,Northeast,Amazon,Outlet,Maine,55,550,10
"November 18, 2021",Women's Athletic Footwear,Northeast,Amazon,Outlet,Maine,55,963,18
"December 17, 2021",Women's Athletic Footwear,Northeast,Amazon,Outlet,Maine,55,"1,100",20
"December 13, 2021",Women's Athletic Footwear,Northeast,Amazon,Outlet,Massachusetts,43,45,11
"November 14, 2021",Women's Athletic Footwear,Northeast,Amazon,Outlet,Massachusetts,42,35,8
"January 14, 2021",Women's Athletic Footwear,Northeast,Amazon,Outlet,Massachusetts,29,15,5
"September 17, 2021",Women's Athletic Footwear,Northeast,Amazon,Outlet,New Hampshire,55,"1,238",23
"August 18, 2021",Women's Athletic Footwear,Northeast,Amazon,Outlet,New Hampshire,55,"1,513",28
"July 17, 2021",Women's Athletic Footwear,Northeast,Amazon,Outlet,New Hampshire,55,"1,788",33
"April 18, 2021",Women's Athletic Footwear,Northeast,Amazon,Outlet,New Hampshire,35,19,5
"August 18, 2021",Women's Athletic Footwear,Northeast,Amazon,Outlet,New Hampshire,42,37,9
"February 19, 2021",Women's Athletic Footwear,Northeast,Amazon,Outlet,New Hampshire,31,21,7
"June 19, 2021",Women's Athletic Footwear,Northeast,Amazon,Outlet,New Hampshire,37,38,10
"May 17, 2021",Women's Athletic Footwear,Northeast,Amazon,Outlet,New Hampshire,41,37,9
"July 17, 2021",Women's Athletic Footwear,Northeast,Amazon,Outlet,New Hampshire,39,42,11
"March 17, 2021",Women's Athletic Footwear,Northeast,Amazon,Outlet,New Hampshire,33,15,5
"September 17, 2021",Women's Athletic Footwear,Northeast,Amazon,Outlet,New Hampshire,41,30,7
"January 21, 2021",Women's Athletic Footwear,Northeast,Amazon,Outlet,Vermont,36,22,6
"October 12, 2021",Women's Athletic Footwear,Northeast,Amazon,Outlet,Vermont,46,28,6
"February 12, 2021",Women's Athletic Footwear,Northeast,Amazon,Outlet,Vermont,30,14,5
"November 11, 2021",Women's Athletic Footwear,Northeast,Amazon,Outlet,Vermont,42,40,10
"March 10, 2021",Women's Athletic Footwear,Northeast,Amazon,Outlet,Vermont,30,12,4
"April 11, 2021",Women's Athletic Footwear,Northeast,Amazon,Outlet,Vermont,30,15,5
"September 10, 2021",Women's Athletic Footwear,Northeast,Amazon,Outlet,Vermont,35,23,7
"June 12, 2021",Women's Athletic Footwear,Northeast,Amazon,Outlet,Vermont,38,39,10
"May 10, 2021",Women's Athletic Footwear,Northeast,Amazon,Outlet,Vermont,40,33,8
"July 10, 2021",Women's Athletic Footwear,Northeast,Amazon,Outlet,Vermont,36,35,10
"August 11, 2021",Women's Athletic Footwear,Northeast,Amazon,Outlet,Vermont,40,34,9
"December 10, 2021",Women's Athletic Footwear,Northeast,Amazon,Outlet,Vermont,44,44,10
"November 1, 2021",Women's Street Footwear,Northeast,Amazon,Outlet,Maine,30,450,15
"October 20, 2021",Women's Street Footwear,Northeast,Amazon,Outlet,Maine,30,600,20
"October 26, 2021",Women's Street Footwear,Northeast,Amazon,Outlet,Maine,30,600,20
"December 29, 2021",Women's Street Footwear,Northeast,Amazon,Outlet,Maine,45,675,15
"November 7, 2021",Women's Street Footwear,Northeast,Amazon,Outlet,Maine,45,788,18
"November 13, 2021",Women's Street Footwear,Northeast,Amazon,Outlet,Maine,45,900,20
"November 19, 2021",Women's Street Footwear,Northeast,Amazon,Outlet,Maine,45,"1,013",23
"December 23, 2021",Women's Street Footwear,Northeast,Amazon,Outlet,Maine,45,"1,013",23
"October 19, 2021",Women's Street Footwear,Northeast,Amazon,Outlet,Maine,55,688,13
"November 18, 2021",Women's Street Footwear,Northeast,Amazon,Outlet,Maine,55,"1,073",20
"December 17, 2021",Women's Street Footwear,Northeast,Amazon,Outlet,Maine,55,"1,375",25
"December 13, 2021",Women's Street Footwear,Northeast,Amazon,Outlet,Massachusetts,36,40,11
"November 14, 2021",Women's Street Footwear,Northeast,Amazon,Outlet,Massachusetts,44,40,9
"February 12, 2021",Women's Street Footwear,Northeast,Amazon,Outlet,Massachusetts,25,21,9
"January 14, 2021",Women's Street Footwear,Northeast,Amazon,Outlet,Massachusetts,27,27,10
"September 17, 2021",Women's Street Footwear,Northeast,Amazon,Outlet,New Hampshire,55,"1,375",25
"July 17, 2021",Women's Street Footwear,Northeast,Amazon,Outlet,New Hampshire,55,"2,063",38
"August 18, 2021",Women's Street Footwear,Northeast,Amazon,Outlet,New Hampshire,55,"2,063",38
"September 17, 2021",Women's Street Footwear,Northeast,Amazon,Outlet,New Hampshire,43,34,8
"April 18, 2021",Women's Street Footwear,Northeast,Amazon,Outlet,New Hampshire,26,21,8
"March 17, 2021",Women's Street Footwear,Northeast,Amazon,Outlet,New Hampshire,32,34,11
"May 17, 2021",Women's Street Footwear,Northeast,Amazon,Outlet,New Hampshire,42,42,10
"August 18, 2021",Women's Street Footwear,Northeast,Amazon,Outlet,New Hampshire,39,44,11
"July 17, 2021",Women's Street Footwear,Northeast,Amazon,Outlet,New Hampshire,37,47,13
"June 19, 2021",Women's Street Footwear,Northeast,Amazon,Outlet,New Hampshire,43,47,11
"February 19, 2021",Women's Street Footwear,Northeast,Amazon,Outlet,Vermont,31,30,10
"January 21, 2021",Women's Street Footwear,Northeast,Amazon,Outlet,Vermont,28,28,10
"July 10, 2021",Women's Street Footwear,Northeast,Amazon,Outlet,Vermont,33,36,11
"May 10, 2021",Women's Street Footwear,Northeast,Amazon,Outlet,Vermont,37,36,10
"October 12, 2021",Women's Street Footwear,Northeast,Amazon,Outlet,Vermont,40,26,7
"March 10, 2021",Women's Street Footwear,Northeast,Amazon,Outlet,Vermont,23,20,9
"August 11, 2021",Women's Street Footwear,Northeast,Amazon,Outlet,Vermont,34,39,12
"June 12, 2021",Women's Street Footwear,Northeast,Amazon,Outlet,Vermont,35,36,10
"December 10, 2021",Women's Street Footwear,Northeast,Amazon,Outlet,Vermont,44,58,13
"April 11, 2021",Women's Street Footwear,Northeast,Amazon,Outlet,Vermont,25,19,7
"September 10, 2021",Women's Street Footwear,Northeast,Amazon,Outlet,Vermont,40,29,7
"December 3, 2021",Men's Apparel,Northeast,Foot Locker,Outlet,Connecticut,42,42,10
"January 10, 2021",Men's Apparel,Northeast,Foot Locker,Outlet,Connecticut,34,15,4
"November 4, 2021",Men's Apparel,Northeast,Foot Locker,Outlet,Connecticut,44,39,9
"January 24, 2021",Men's Apparel,Northeast,Foot Locker,Outlet,New Hampshire,65,"1,300",20
"January 24, 2021",Men's Apparel,Northeast,Foot Locker,Outlet,New Hampshire,50,32,6
"October 19, 2021",Men's Apparel,Northeast,Foot Locker,Outlet,New Hampshire,75,"1,313",18
"November 18, 2021",Men's Apparel,Northeast,Foot Locker,Outlet,New Hampshire,75,"2,250",30
"December 17, 2021",Men's Apparel,Northeast,Foot Locker,Outlet,New Hampshire,75,"2,625",35
"October 19, 2021",Men's Apparel,Northeast,Foot Locker,Outlet,New Hampshire,50,29,6
"November 18, 2021",Men's Apparel,Northeast,Foot Locker,Outlet,New Hampshire,59,57,10
"December 17, 2021",Men's Apparel,Northeast,Foot Locker,Outlet,New Hampshire,50,62,12
"January 29, 2020",Men's Apparel,Northeast,Foot Locker,Outlet,New York,43,124,29
"March 8, 2020",Men's Apparel,Northeast,Foot Locker,Outlet,New York,45,130,29
"March 14, 2020",Men's Apparel,Northeast,Foot Locker,Outlet,New York,46,128,28
"January 23, 2020",Men's Apparel,Northeast,Foot Locker,Outlet,New York,43,132,31
"February 10, 2020",Men's Apparel,Northeast,Foot Locker,Outlet,New York,47,132,28
"February 4, 2020",Men's Apparel,Northeast,Foot Locker,Outlet,New York,44,124,28
"January 5, 2020",Men's Apparel,Northeast,Foot Locker,Outlet,New York,43,132,31
"December 19, 2021",Men's Apparel,Northeast,Foot Locker,Outlet,Pennsylvania,43,13,3
"December 13, 2021",Men's Apparel,Northeast,Foot Locker,Outlet,Pennsylvania,36,15,4
"November 7, 2021",Men's Apparel,Northeast,Foot Locker,Outlet,Pennsylvania,41,10,2
"November 1, 2021",Men's Apparel,Northeast,Foot Locker,Outlet,Pennsylvania,39,16,4
"November 13, 2021",Men's Apparel,Northeast,Foot Locker,Outlet,Pennsylvania,45,12,3
"November 19, 2021",Men's Apparel,Northeast,Foot Locker,Outlet,Pennsylvania,51,20,4
"December 7, 2021",Men's Apparel,Northeast,Foot Locker,Outlet,Pennsylvania,46,25,5
"December 31, 2021",Men's Apparel,Northeast,Foot Locker,Outlet,Pennsylvania,46,26,6
"December 25, 2021",Men's Apparel,Northeast,Foot Locker,Outlet,Pennsylvania,51,24,5
"December 1, 2021",Men's Apparel,Northeast,Foot Locker,Outlet,Pennsylvania,50,32,6
"October 26, 2021",Men's Apparel,Northeast,Foot Locker,Outlet,Pennsylvania,42,17,4
"November 25, 2021",Men's Apparel,Northeast,Foot Locker,Outlet,Pennsylvania,43,21,5
"April 7, 2021",Men's Apparel,Northeast,Foot Locker,Outlet,Rhode Island,33,5,2
"October 8, 2021",Men's Apparel,Northeast,Foot Locker,Outlet,Rhode Island,40,9,2
"July 6, 2021",Men's Apparel,Northeast,Foot Locker,Outlet,Rhode Island,33,22,7
"June 8, 2021",Men's Apparel,Northeast,Foot Locker,Outlet,Rhode Island,39,26,7
"March 6, 2021",Men's Apparel,Northeast,Foot Locker,Outlet,Rhode Island,33,8,3
"September 6, 2021",Men's Apparel,Northeast,Foot Locker,Outlet,Rhode Island,34,11,3
"February 8, 2021",Men's Apparel,Northeast,Foot Locker,Outlet,Rhode Island,34,14,4
"August 7, 2021",Men's Apparel,Northeast,Foot Locker,Outlet,Rhode Island,37,15,4
"May 6, 2021",Men's Apparel,Northeast,Foot Locker,Outlet,Rhode Island,40,22,5
"February 8, 2021",Men's Athletic Footwear,Northeast,Foot Locker,Outlet,Connecticut,24,10,4
"January 10, 2021",Men's Athletic Footwear,Northeast,Foot Locker,Outlet,Connecticut,28,22,8
"December 3, 2021",Men's Athletic Footwear,Northeast,Foot Locker,Outlet,Connecticut,37,48,13
"November 4, 2021",Men's Athletic Footwear,Northeast,Foot Locker,Outlet,Connecticut,37,39,11
"February 22, 2021",Men's Athletic Footwear,Northeast,Foot Locker,Outlet,New Hampshire,55,"1,238",23
"January 24, 2021",Men's Athletic Footwear,Northeast,Foot Locker,Outlet,New Hampshire,55,"1,650",30
"January 24, 2021",Men's Athletic Footwear,Northeast,Foot Locker,Outlet,New Hampshire,36,33,9
"October 19, 2021",Men's Athletic Footwear,Northeast,Foot Locker,Outlet,New Hampshire,65,"1,950",30
"November 18, 2021",Men's Athletic Footwear,Northeast,Foot Locker,Outlet,New Hampshire,65,"2,113",33
"December 17, 2021",Men's Athletic Footwear,Northeast,Foot Locker,Outlet,New Hampshire,65,"2,763",43
"February 22, 2021",Men's Athletic Footwear,Northeast,Foot Locker,Outlet,New Hampshire,42,29,7
"December 17, 2021",Men's Athletic Footwear,Northeast,Foot Locker,Outlet,New Hampshire,49,63,13
"November 18, 2021",Men's Athletic Footwear,Northeast,Foot Locker,Outlet,New Hampshire,42,48,11
"October 19, 2021",Men's Athletic Footwear,Northeast,Foot Locker,Outlet,New Hampshire,44,44,10
"February 1, 2020",Men's Athletic Footwear,Northeast,Foot Locker,Outlet,New York,35,110,32
"January 8, 2020",Men's Athletic Footwear,Northeast,Foot Locker,Outlet,New York,39,123,32
"March 17, 2020",Men's Athletic Footwear,Northeast,Foot Locker,Outlet,New York,37,133,36
"March 5, 2020",Men's Athletic Footwear,Northeast,Foot Locker,Outlet,New York,41,139,34
"January 2, 2020",Men's Athletic Footwear,Northeast,Foot Locker,Outlet,New York,36,115,32
"February 7, 2020",Men's Athletic Footwear,Northeast,Foot Locker,Outlet,New York,37,110,30
"January 26, 2020",Men's Athletic Footwear,Northeast,Foot Locker,Outlet,New York,35,110,32
"March 11, 2020",Men's Athletic Footwear,Northeast,Foot Locker,Outlet,New York,41,130,32
"December 16, 2021",Men's Athletic Footwear,Northeast,Foot Locker,Outlet,Pennsylvania,35,24,7
"November 10, 2021",Men's Athletic Footwear,Northeast,Foot Locker,Outlet,Pennsylvania,37,19,5
"November 16, 2021",Men's Athletic Footwear,Northeast,Foot Locker,Outlet,Pennsylvania,40,22,5
"December 10, 2021",Men's Athletic Footwear,Northeast,Foot Locker,Outlet,Pennsylvania,40,36,9
"November 4, 2021",Men's Athletic Footwear,Northeast,Foot Locker,Outlet,Pennsylvania,33,17,5
"November 22, 2021",Men's Athletic Footwear,Northeast,Foot Locker,Outlet,Pennsylvania,41,35,9
"November 28, 2021",Men's Athletic Footwear,Northeast,Foot Locker,Outlet,Pennsylvania,45,45,10
"October 29, 2021",Men's Athletic Footwear,Northeast,Foot Locker,Outlet,Pennsylvania,32,14,4
"December 28, 2021",Men's Athletic Footwear,Northeast,Foot Locker,Outlet,Pennsylvania,47,40,9
"December 22, 2021",Men's Athletic Footwear,Northeast,Foot Locker,Outlet,Pennsylvania,43,29,7
"December 4, 2021",Men's Athletic Footwear,Northeast,Foot Locker,Outlet,Pennsylvania,44,45,10
"September 6, 2021",Men's Athletic Footwear,Northeast,Foot Locker,Outlet,Rhode Island,30,24,8
"May 6, 2021",Men's Athletic Footwear,Northeast,Foot Locker,Outlet,Rhode Island,32,19,6
"July 6, 2021",Men's Athletic Footwear,Northeast,Foot Locker,Outlet,Rhode Island,32,36,11
"August 7, 2021",Men's Athletic Footwear,Northeast,Foot Locker,Outlet,Rhode Island,31,34,11
"October 8, 2021",Men's Athletic Footwear,Northeast,Foot Locker,Outlet,Rhode Island,38,26,7
"March 6, 2021",Men's Athletic Footwear,Northeast,Foot Locker,Outlet,Rhode Island,27,12,5
"June 8, 2021",Men's Athletic Footwear,Northeast,Foot Locker,Outlet,Rhode Island,35,37,11
"April 7, 2021",Men's Athletic Footwear,Northeast,Foot Locker,Outlet,Rhode Island,23,9,4
"February 8, 2021",Men's Street Footwear,Northeast,Foot Locker,Outlet,Connecticut,24,39,16
"January 10, 2021",Men's Street Footwear,Northeast,Foot Locker,Outlet,Connecticut,23,34,15
"December 3, 2021",Men's Street Footwear,Northeast,Foot Locker,Outlet,Connecticut,45,78,17
"November 4, 2021",Men's Street Footwear,Northeast,Foot Locker,Outlet,Connecticut,51,76,15
"January 24, 2021",Men's Street Footwear,Northeast,Foot Locker,Outlet,New Hampshire,55,"2,750",50
"February 22, 2021",Men's Street Footwear,Northeast,Foot Locker,Outlet,New Hampshire,55,"3,163",58
"January 24, 2021",Men's Street Footwear,Northeast,Foot Locker,Outlet,New Hampshire,36,59,17
"February 22, 2021",Men's Street Footwear,Northeast,Foot Locker,Outlet,New Hampshire,41,75,18
"October 19, 2021",Men's Street Footwear,Northeast,Foot Locker,Outlet,New Hampshire,70,"3,325",48
"November 18, 2021",Men's Street Footwear,Northeast,Foot Locker,Outlet,New Hampshire,75,"3,375",45
"December 17, 2021",Men's Street Footwear,Northeast,Foot Locker,Outlet,New Hampshire,75,"4,688",63
"October 19, 2021",Men's Street Footwear,Northeast,Foot Locker,Outlet,New Hampshire,52,84,16
"November 18, 2021",Men's Street Footwear,Northeast,Foot Locker,Outlet,New Hampshire,59,88,15
"December 17, 2021",Men's Street Footwear,Northeast,Foot Locker,Outlet,New Hampshire,49,98,20
"January 7, 2020",Men's Street Footwear,Northeast,Foot Locker,Outlet,New York,33,128,39
"January 1, 2020",Men's Street Footwear,Northeast,Foot Locker,Outlet,New York,34,131,38
"January 25, 2020",Men's Street Footwear,Northeast,Foot Locker,Outlet,New York,40,156,39
"March 16, 2020",Men's Street Footwear,Northeast,Foot Locker,Outlet,New York,41,154,38
"February 6, 2020",Men's Street Footwear,Northeast,Foot Locker,Outlet,New York,44,161,37
"March 10, 2020",Men's Street Footwear,Northeast,Foot Locker,Outlet,New York,44,191,43
"March 4, 2020",Men's Street Footwear,Northeast,Foot Locker,Outlet,New York,47,188,40
"January 31, 2020",Men's Street Footwear,Northeast,Foot Locker,Outlet,New York,33,123,37
"November 15, 2021",Men's Street Footwear,Northeast,Foot Locker,Outlet,Pennsylvania,44,66,15
"December 9, 2021",Men's Street Footwear,Northeast,Foot Locker,Outlet,Pennsylvania,46,75,16
"December 15, 2021",Men's Street Footwear,Northeast,Foot Locker,Outlet,Pennsylvania,47,58,12
"November 9, 2021",Men's Street Footwear,Northeast,Foot Locker,Outlet,Pennsylvania,35,49,14
"November 21, 2021",Men's Street Footwear,Northeast,Foot Locker,Outlet,Pennsylvania,49,83,17
"November 27, 2021",Men's Street Footwear,Northeast,Foot Locker,Outlet,Pennsylvania,49,86,18
"November 3, 2021",Men's Street Footwear,Northeast,Foot Locker,Outlet,Pennsylvania,39,61,16
"December 3, 2021",Men's Street Footwear,Northeast,Foot Locker,Outlet,Pennsylvania,51,91,18
"October 28, 2021",Men's Street Footwear,Northeast,Foot Locker,Outlet,Pennsylvania,32,53,17
"December 21, 2021",Men's Street Footwear,Northeast,Foot Locker,Outlet,Pennsylvania,48,60,12
"December 27, 2021",Men's Street Footwear,Northeast,Foot Locker,Outlet,Pennsylvania,53,76,14
"March 6, 2021",Men's Street Footwear,Northeast,Foot Locker,Outlet,Rhode Island,26,41,16
"July 6, 2021",Men's Street Footwear,Northeast,Foot Locker,Outlet,Rhode Island,38,66,17
"June 8, 2021",Men's Street Footwear,Northeast,Foot Locker,Outlet,Rhode Island,36,63,18
"October 8, 2021",Men's Street Footwear,Northeast,Foot Locker,Outlet,Rhode Island,37,42,11
"August 7, 2021",Men's Street Footwear,Northeast,Foot Locker,Outlet,Rhode Island,38,69,18
"May 6, 2021",Men's Street Footwear,Northeast,Foot Locker,Outlet,Rhode Island,39,59,15
"April 7, 2021",Men's Street Footwear,Northeast,Foot Locker,Outlet,Rhode Island,28,37,13
"September 6, 2021",Men's Street Footwear,Northeast,Foot Locker,Outlet,Rhode Island,39,50,13
"December 3, 2021",Women's Apparel,Northeast,Foot Locker,Outlet,Connecticut,52,62,12
"November 4, 2021",Women's Apparel,Northeast,Foot Locker,Outlet,Connecticut,52,60,12
"October 5, 2021",Women's Apparel,Northeast,Foot Locker,Outlet,Connecticut,46,43,9
"January 10, 2021",Women's Apparel,Northeast,Foot Locker,Outlet,Connecticut,26,19,7
"January 24, 2021",Women's Apparel,Northeast,Foot Locker,Outlet,New Hampshire,55,"1,650",30
"January 24, 2021",Women's Apparel,Northeast,Foot Locker,Outlet,New Hampshire,41,43,11
"October 19, 2021",Women's Apparel,Northeast,Foot Locker,Outlet,New Hampshire,80,"2,400",30
"November 18, 2021",Women's Apparel,Northeast,Foot Locker,Outlet,New Hampshire,80,"3,200",40
"December 17, 2021",Women's Apparel,Northeast,Foot Locker,Outlet,New Hampshire,80,"3,600",45
"October 19, 2021",Women's Apparel,Northeast,Foot Locker,Outlet,New Hampshire,64,58,9
"December 17, 2021",Women's Apparel,Northeast,Foot Locker,Outlet,New Hampshire,61,88,14
"November 18, 2021",Women's Apparel,Northeast,Foot Locker,Outlet,New Hampshire,61,73,12
"January 30, 2020",Women's Apparel,Northeast,Foot Locker,Outlet,New York,36,116,32
"February 5, 2020",Women's Apparel,Northeast,Foot Locker,Outlet,New York,39,130,33
"March 15, 2020",Women's Apparel,Northeast,Foot Locker,Outlet,New York,47,165,35
"January 24, 2020",Women's Apparel,Northeast,Foot Locker,Outlet,New York,36,126,35
"March 3, 2020",Women's Apparel,Northeast,Foot Locker,Outlet,New York,44,141,32
"January 6, 2020",Women's Apparel,Northeast,Foot Locker,Outlet,New York,38,125,33
"March 9, 2020",Women's Apparel,Northeast,Foot Locker,Outlet,New York,46,160,35
"November 14, 2021",Women's Apparel,Northeast,Foot Locker,Outlet,Pennsylvania,39,25,6
"November 8, 2021",Women's Apparel,Northeast,Foot Locker,Outlet,Pennsylvania,38,23,6
"December 14, 2021",Women's Apparel,Northeast,Foot Locker,Outlet,Pennsylvania,48,38,8
"December 20, 2021",Women's Apparel,Northeast,Foot Locker,Outlet,Pennsylvania,42,31,7
"January 1, 2020",Women's Apparel,Northeast,Foot Locker,Outlet,Pennsylvania,53,44,8
"October 27, 2021",Women's Apparel,Northeast,Foot Locker,Outlet,Pennsylvania,32,22,7
"November 2, 2021",Women's Apparel,Northeast,Foot Locker,Outlet,Pennsylvania,30,22,7
"November 26, 2021",Women's Apparel,Northeast,Foot Locker,Outlet,Pennsylvania,52,55,11
"December 8, 2021",Women's Apparel,Northeast,Foot Locker,Outlet,Pennsylvania,49,60,12
"December 2, 2021",Women's Apparel,Northeast,Foot Locker,Outlet,Pennsylvania,50,58,12
"December 26, 2021",Women's Apparel,Northeast,Foot Locker,Outlet,Pennsylvania,53,40,8
"November 20, 2021",Women's Apparel,Northeast,Foot Locker,Outlet,Pennsylvania,51,40,8
"July 6, 2021",Women's Apparel,Northeast,Foot Locker,Outlet,Rhode Island,38,52,14
"March 6, 2021",Women's Apparel,Northeast,Foot Locker,Outlet,Rhode Island,25,15,6
"April 7, 2021",Women's Apparel,Northeast,Foot Locker,Outlet,Rhode Island,26,16,6
"May 6, 2021",Women's Apparel,Northeast,Foot Locker,Outlet,Rhode Island,36,33,9
"September 6, 2021",Women's Apparel,Northeast,Foot Locker,Outlet,Rhode Island,41,26,6
"June 8, 2021",Women's Apparel,Northeast,Foot Locker,Outlet,Rhode Island,43,51,12
"February 8, 2021",Women's Apparel,Northeast,Foot Locker,Outlet,Rhode Island,27,21,8
"August 7, 2021",Women's Apparel,Northeast,Foot Locker,Outlet,Rhode Island,38,36,10
"December 3, 2021",Women's Athletic Footwear,Northeast,Foot Locker,Outlet,Connecticut,38,36,10
"November 4, 2021",Women's Athletic Footwear,Northeast,Foot Locker,Outlet,Connecticut,39,32,8
"January 10, 2021",Women's Athletic Footwear,Northeast,Foot Locker,Outlet,Connecticut,24,6,2
"January 24, 2021",Women's Athletic Footwear,Northeast,Foot Locker,Outlet,New Hampshire,50,750,15
"January 24, 2021",Women's Athletic Footwear,Northeast,Foot Locker,Outlet,New Hampshire,33,17,5
"October 19, 2021",Women's Athletic Footwear,Northeast,Foot Locker,Outlet,New Hampshire,65,"1,138",18
"November 18, 2021",Women's Athletic Footwear,Northeast,Foot Locker,Outlet,New Hampshire,65,"2,113",33
"December 17, 2021",Women's Athletic Footwear,Northeast,Foot Locker,Outlet,New Hampshire,65,"2,275",35
"October 19, 2021",Women's Athletic Footwear,Northeast,Foot Locker,Outlet,New Hampshire,44,27,6
"November 18, 2021",Women's Athletic Footwear,Northeast,Foot Locker,Outlet,New Hampshire,43,49,11
"December 17, 2021",Women's Athletic Footwear,Northeast,Foot Locker,Outlet,New Hampshire,49,57,12
"February 3, 2020",Women's Athletic Footwear,Northeast,Foot Locker,Outlet,New York,31,90,29
"March 13, 2020",Women's Athletic Footwear,Northeast,Foot Locker,Outlet,New York,35,95,27
"January 4, 2020",Women's Athletic Footwear,Northeast,Foot Locker,Outlet,New York,36,101,28
"January 22, 2020",Women's Athletic Footwear,Northeast,Foot Locker,Outlet,New York,32,79,25
"March 7, 2020",Women's Athletic Footwear,Northeast,Foot Locker,Outlet,New York,38,113,30
"January 28, 2020",Women's Athletic Footwear,Northeast,Foot Locker,Outlet,New York,31,74,24
"February 9, 2020",Women's Athletic Footwear,Northeast,Foot Locker,Outlet,New York,33,95,29
"March 31, 2020",Women's Athletic Footwear,Northeast,Foot Locker,Outlet,New York,40,130,32
"November 12, 2021",Women's Athletic Footwear,Northeast,Foot Locker,Outlet,Pennsylvania,36,9,2
"December 18, 2021",Women's Athletic Footwear,Northeast,Foot Locker,Outlet,Pennsylvania,40,14,3
"November 18, 2021",Women's Athletic Footwear,Northeast,Foot Locker,Outlet,Pennsylvania,42,14,3
"December 12, 2021",Women's Athletic Footwear,Northeast,Foot Locker,Outlet,Pennsylvania,32,17,5
"October 31, 2021",Women's Athletic Footwear,Northeast,Foot Locker,Outlet,Pennsylvania,28,5,2
"November 6, 2021",Women's Athletic Footwear,Northeast,Foot Locker,Outlet,Pennsylvania,32,3,1
"December 30, 2021",Women's Athletic Footwear,Northeast,Foot Locker,Outlet,Pennsylvania,40,21,5
"December 24, 2021",Women's Athletic Footwear,Northeast,Foot Locker,Outlet,Pennsylvania,43,26,6
"December 6, 2021",Women's Athletic Footwear,Northeast,Foot Locker,Outlet,Pennsylvania,43,27,6
"November 30, 2021",Women's Athletic Footwear,Northeast,Foot Locker,Outlet,Pennsylvania,39,22,6
"November 24, 2021",Women's Athletic Footwear,Northeast,Foot Locker,Outlet,Pennsylvania,43,23,5
"August 7, 2021",Women's Athletic Footwear,Northeast,Foot Locker,Outlet,Rhode Island,29,14,5
"February 8, 2021",Women's Athletic Footwear,Northeast,Foot Locker,Outlet,Rhode Island,20,3,2
"April 7, 2021",Women's Athletic Footwear,Northeast,Foot Locker,Outlet,Rhode Island,21,4,2
"October 8, 2021",Women's Athletic Footwear,Northeast,Foot Locker,Outlet,Rhode Island,39,9,2
"June 8, 2021",Women's Athletic Footwear,Northeast,Foot Locker,Outlet,Rhode Island,26,18,7
"May 6, 2021",Women's Athletic Footwear,Northeast,Foot Locker,Outlet,Rhode Island,27,14,5
"September 6, 2021",Women's Athletic Footwear,Northeast,Foot Locker,Outlet,Rhode Island,30,10,3
"July 6, 2021",Women's Athletic Footwear,Northeast,Foot Locker,Outlet,Rhode Island,31,19,6
"March 6, 2021",Women's Athletic Footwear,Northeast,Foot Locker,Outlet,Rhode Island,20,2,1
"December 3, 2021",Women's Street Footwear,Northeast,Foot Locker,Outlet,Connecticut,43,50,12
"November 4, 2021",Women's Street Footwear,Northeast,Foot Locker,Outlet,Connecticut,36,37,10
"January 10, 2021",Women's Street Footwear,Northeast,Foot Locker,Outlet,Connecticut,19,14,7
"February 8, 2021",Women's Street Footwear,Northeast,Foot Locker,Outlet,Connecticut,18,10,5
"February 22, 2021",Women's Street Footwear,Northeast,Foot Locker,Outlet,New Hampshire,45,"1,238",28
"January 24, 2021",Women's Street Footwear,Northeast,Foot Locker,Outlet,New Hampshire,45,"1,350",30
"February 22, 2021",Women's Street Footwear,Northeast,Foot Locker,Outlet,New Hampshire,29,24,8
"January 24, 2021",Women's Street Footwear,Northeast,Foot Locker,Outlet,New Hampshire,35,35,10
"October 19, 2021",Women's Street Footwear,Northeast,Foot Locker,Outlet,New Hampshire,65,"1,300",20
"November 18, 2021",Women's Street Footwear,Northeast,Foot Locker,Outlet,New Hampshire,65,"2,243",35
"December 17, 2021",Women's Street Footwear,Northeast,Foot Locker,Outlet,New Hampshire,65,"2,600",40
"October 19, 2021",Women's Street Footwear,Northeast,Foot Locker,Outlet,New Hampshire,52,31,6
"November 18, 2021",Women's Street Footwear,Northeast,Foot Locker,Outlet,New Hampshire,51,58,11
"December 17, 2021",Women's Street Footwear,Northeast,Foot Locker,Outlet,New Hampshire,47,60,13
"January 3, 2020",Women's Street Footwear,Northeast,Foot Locker,Outlet,New York,32,112,35
"March 18, 2020",Women's Street Footwear,Northeast,Foot Locker,Outlet,New York,37,116,31
"February 2, 2020",Women's Street Footwear,Northeast,Foot Locker,Outlet,New York,28,88,32
"January 21, 2020",Women's Street Footwear,Northeast,Foot Locker,Outlet,New York,32,103,32
"January 27, 2020",Women's Street Footwear,Northeast,Foot Locker,Outlet,New York,27,85,31
"March 6, 2020",Women's Street Footwear,Northeast,Foot Locker,Outlet,New York,37,110,30
"March 12, 2020",Women's Street Footwear,Northeast,Foot Locker,Outlet,New York,35,103,30
"February 8, 2020",Women's Street Footwear,Northeast,Foot Locker,Outlet,New York,36,104,29
"November 17, 2021",Women's Street Footwear,Northeast,Foot Locker,Outlet,Pennsylvania,38,20,5
"December 17, 2021",Women's Street Footwear,Northeast,Foot Locker,Outlet,Pennsylvania,38,14,4
"December 11, 2021",Women's Street Footwear,Northeast,Foot Locker,Outlet,Pennsylvania,32,19,6
"November 11, 2021",Women's Street Footwear,Northeast,Foot Locker,Outlet,Pennsylvania,27,14,5
"November 23, 2021",Women's Street Footwear,Northeast,Foot Locker,Outlet,Pennsylvania,42,23,5
"November 29, 2021",Women's Street Footwear,Northeast,Foot Locker,Outlet,Pennsylvania,43,31,7
"December 29, 2021",Women's Street Footwear,Northeast,Foot Locker,Outlet,Pennsylvania,44,35,8
"December 23, 2021",Women's Street Footwear,Northeast,Foot Locker,Outlet,Pennsylvania,47,31,7
"October 30, 2021",Women's Street Footwear,Northeast,Foot Locker,Outlet,Pennsylvania,25,14,5
"November 5, 2021",Women's Street Footwear,Northeast,Foot Locker,Outlet,Pennsylvania,29,17,6
"December 5, 2021",Women's Street Footwear,Northeast,Foot Locker,Outlet,Pennsylvania,38,30,8
"April 7, 2021",Women's Street Footwear,Northeast,Foot Locker,Outlet,Rhode Island,16,7,4
"May 6, 2021",Women's Street Footwear,Northeast,Foot Locker,Outlet,Rhode Island,32,19,6
"June 8, 2021",Women's Street Footwear,Northeast,Foot Locker,Outlet,Rhode Island,32,24,7
"September 6, 2021",Women's Street Footwear,Northeast,Foot Locker,Outlet,Rhode Island,29,11,4
"August 7, 2021",Women's Street Footwear,Northeast,Foot Locker,Outlet,Rhode Island,30,26,9
"October 8, 2021",Women's Street Footwear,Northeast,Foot Locker,Outlet,Rhode Island,40,12,3
"July 6, 2021",Women's Street Footwear,Northeast,Foot Locker,Outlet,Rhode Island,27,21,8
"March 6, 2021",Women's Street Footwear,Northeast,Foot Locker,Outlet,Rhode Island,17,10,6
"June 5, 2021",Men's Apparel,Northeast,Sports Direct,Outlet,Connecticut,36,33,9
"August 4, 2021",Men's Apparel,Northeast,Sports Direct,Outlet,Connecticut,43,27,6
"July 3, 2021",Men's Apparel,Northeast,Sports Direct,Outlet,Connecticut,43,40,9
"October 5, 2021",Men's Apparel,Northeast,Sports Direct,Outlet,Connecticut,50,23,5
"April 4, 2021",Men's Apparel,Northeast,Sports Direct,Outlet,Connecticut,37,15,4
"March 3, 2021",Men's Apparel,Northeast,Sports Direct,Outlet,Connecticut,39,21,5
"May 3, 2021",Men's Apparel,Northeast,Sports Direct,Outlet,Connecticut,37,31,8
"September 3, 2021",Men's Apparel,Northeast,Sports Direct,Outlet,Connecticut,41,24,6
"February 5, 2021",Men's Apparel,Northeast,Sports Direct,Outlet,Connecticut,39,26,7
"April 14, 2021",Men's Apparel,Northeast,Sports Direct,Outlet,Massachusetts,33,15,4
"February 15, 2021",Men's Apparel,Northeast,Sports Direct,Outlet,Massachusetts,36,19,5
"August 14, 2021",Men's Apparel,Northeast,Sports Direct,Outlet,Massachusetts,40,20,5
"May 13, 2021",Men's Apparel,Northeast,Sports Direct,Outlet,Massachusetts,39,23,6
"October 15, 2021",Men's Apparel,Northeast,Sports Direct,Outlet,Massachusetts,51,17,3
"March 13, 2021",Men's Apparel,Northeast,Sports Direct,Outlet,Massachusetts,36,11,3
"September 13, 2021",Men's Apparel,Northeast,Sports Direct,Outlet,Massachusetts,39,16,4
"July 13, 2021",Men's Apparel,Northeast,Sports Direct,Outlet,Massachusetts,41,33,8
"June 15, 2021",Men's Apparel,Northeast,Sports Direct,Outlet,Massachusetts,39,29,7
"January 17, 2021",Men's Apparel,Northeast,Sports Direct,Outlet,Rhode Island,39,18,5
"November 7, 2021",Men's Apparel,Northeast,Sports Direct,Outlet,Rhode Island,43,26,6
"December 6, 2021",Men's Apparel,Northeast,Sports Direct,Outlet,Rhode Island,41,30,7
"July 3, 2021",Men's Athletic Footwear,Northeast,Sports Direct,Outlet,Connecticut,38,46,12
"August 4, 2021",Men's Athletic Footwear,Northeast,Sports Direct,Outlet,Connecticut,34,44,13
"April 4, 2021",Men's Athletic Footwear,Northeast,Sports Direct,Outlet,Connecticut,30,19,6
"May 3, 2021",Men's Athletic Footwear,Northeast,Sports Direct,Outlet,Connecticut,35,29,8
"October 5, 2021",Men's Athletic Footwear,Northeast,Sports Direct,Outlet,Connecticut,39,37,9
"March 3, 2021",Men's Athletic Footwear,Northeast,Sports Direct,Outlet,Connecticut,32,22,7
"June 5, 2021",Men's Athletic Footwear,Northeast,Sports Direct,Outlet,Connecticut,38,47,12
"September 3, 2021",Men's Athletic Footwear,Northeast,Sports Direct,Outlet,Connecticut,40,37,9
"August 14, 2021",Men's Athletic Footwear,Northeast,Sports Direct,Outlet,Massachusetts,33,37,11
"June 15, 2021",Men's Athletic Footwear,Northeast,Sports Direct,Outlet,Massachusetts,36,41,11
"March 13, 2021",Men's Athletic Footwear,Northeast,Sports Direct,Outlet,Massachusetts,31,19,6
"October 15, 2021",Men's Athletic Footwear,Northeast,Sports Direct,Outlet,Massachusetts,37,25,7
"April 14, 2021",Men's Athletic Footwear,Northeast,Sports Direct,Outlet,Massachusetts,28,14,5
"May 13, 2021",Men's Athletic Footwear,Northeast,Sports Direct,Outlet,Massachusetts,34,23,7
"September 13, 2021",Men's Athletic Footwear,Northeast,Sports Direct,Outlet,Massachusetts,35,31,9
"July 13, 2021",Men's Athletic Footwear,Northeast,Sports Direct,Outlet,Massachusetts,36,38,11
"January 17, 2021",Men's Athletic Footwear,Northeast,Sports Direct,Outlet,Rhode Island,28,25,9
"February 15, 2021",Men's Athletic Footwear,Northeast,Sports Direct,Outlet,Rhode Island,31,16,5
"December 6, 2021",Men's Athletic Footwear,Northeast,Sports Direct,Outlet,Rhode Island,37,38,10
"November 7, 2021",Men's Athletic Footwear,Northeast,Sports Direct,Outlet,Rhode Island,40,30,7
"August 4, 2021",Men's Street Footwear,Northeast,Sports Direct,Outlet,Connecticut,40,78,19
"October 5, 2021",Men's Street Footwear,Northeast,Sports Direct,Outlet,Connecticut,46,70,15
"March 3, 2021",Men's Street Footwear,Northeast,Sports Direct,Outlet,Connecticut,26,47,18
"May 3, 2021",Men's Street Footwear,Northeast,Sports Direct,Outlet,Connecticut,40,76,19
"July 3, 2021",Men's Street Footwear,Northeast,Sports Direct,Outlet,Connecticut,42,82,20
"April 4, 2021",Men's Street Footwear,Northeast,Sports Direct,Outlet,Connecticut,28,43,16
"June 5, 2021",Men's Street Footwear,Northeast,Sports Direct,Outlet,Connecticut,40,82,21
"September 3, 2021",Men's Street Footwear,Northeast,Sports Direct,Outlet,Connecticut,43,73,17
"April 14, 2021",Men's Street Footwear,Northeast,Sports Direct,Outlet,Massachusetts,28,42,15
"July 13, 2021",Men's Street Footwear,Northeast,Sports Direct,Outlet,Massachusetts,37,67,18
"October 15, 2021",Men's Street Footwear,Northeast,Sports Direct,Outlet,Massachusetts,40,53,13
"August 14, 2021",Men's Street Footwear,Northeast,Sports Direct,Outlet,Massachusetts,40,78,20
"March 13, 2021",Men's Street Footwear,Northeast,Sports Direct,Outlet,Massachusetts,28,43,16
"September 13, 2021",Men's Street Footwear,Northeast,Sports Direct,Outlet,Massachusetts,36,55,15
"June 15, 2021",Men's Street Footwear,Northeast,Sports Direct,Outlet,Massachusetts,39,76,20
"May 13, 2021",Men's Street Footwear,Northeast,Sports Direct,Outlet,Massachusetts,41,71,17
"January 17, 2021",Men's Street Footwear,Northeast,Sports Direct,Outlet,Rhode Island,28,39,14
"February 15, 2021",Men's Street Footwear,Northeast,Sports Direct,Outlet,Rhode Island,26,40,16
"December 6, 2021",Men's Street Footwear,Northeast,Sports Direct,Outlet,Rhode Island,48,77,16
"November 7, 2021",Men's Street Footwear,Northeast,Sports Direct,Outlet,Rhode Island,40,42,11
"July 3, 2021",Women's Apparel,Northeast,Sports Direct,Outlet,Connecticut,40,61,15
"August 4, 2021",Women's Apparel,Northeast,Sports Direct,Outlet,Connecticut,44,55,12
"March 3, 2021",Women's Apparel,Northeast,Sports Direct,Outlet,Connecticut,29,25,9
"February 5, 2021",Women's Apparel,Northeast,Sports Direct,Outlet,Connecticut,32,31,10
"June 5, 2021",Women's Apparel,Northeast,Sports Direct,Outlet,Connecticut,39,50,13
"April 4, 2021",Women's Apparel,Northeast,Sports Direct,Outlet,Connecticut,26,24,9
"May 3, 2021",Women's Apparel,Northeast,Sports Direct,Outlet,Connecticut,41,52,13
"September 3, 2021",Women's Apparel,Northeast,Sports Direct,Outlet,Connecticut,45,37,8
"February 15, 2021",Women's Apparel,Northeast,Sports Direct,Outlet,Massachusetts,30,24,8
"July 13, 2021",Women's Apparel,Northeast,Sports Direct,Outlet,Massachusetts,41,54,13
"September 13, 2021",Women's Apparel,Northeast,Sports Direct,Outlet,Massachusetts,41,32,8
"May 13, 2021",Women's Apparel,Northeast,Sports Direct,Outlet,Massachusetts,43,45,10
"August 14, 2021",Women's Apparel,Northeast,Sports Direct,Outlet,Massachusetts,46,45,10
"June 15, 2021",Women's Apparel,Northeast,Sports Direct,Outlet,Massachusetts,47,56,12
"April 14, 2021",Women's Apparel,Northeast,Sports Direct,Outlet,Massachusetts,30,28,9
"March 13, 2021",Women's Apparel,Northeast,Sports Direct,Outlet,Massachusetts,31,21,7
"January 17, 2021",Women's Apparel,Northeast,Sports Direct,Outlet,Rhode Island,26,22,8
"December 6, 2021",Women's Apparel,Northeast,Sports Direct,Outlet,Rhode Island,51,57,11
"November 7, 2021",Women's Apparel,Northeast,Sports Direct,Outlet,Rhode Island,46,38,8
"October 8, 2021",Women's Apparel,Northeast,Sports Direct,Outlet,Rhode Island,47,31,7
"April 4, 2021",Women's Athletic Footwear,Northeast,Sports Direct,Outlet,Connecticut,26,11,4
"March 3, 2021",Women's Athletic Footwear,Northeast,Sports Direct,Outlet,Connecticut,27,9,3
"February 5, 2021",Women's Athletic Footwear,Northeast,Sports Direct,Outlet,Connecticut,24,9,4
"August 4, 2021",Women's Athletic Footwear,Northeast,Sports Direct,Outlet,Connecticut,32,23,7
"May 3, 2021",Women's Athletic Footwear,Northeast,Sports Direct,Outlet,Connecticut,32,24,7
"September 3, 2021",Women's Athletic Footwear,Northeast,Sports Direct,Outlet,Connecticut,30,17,6
"June 5, 2021",Women's Athletic Footwear,Northeast,Sports Direct,Outlet,Connecticut,35,30,9
"July 3, 2021",Women's Athletic Footwear,Northeast,Sports Direct,Outlet,Connecticut,34,32,9
"October 5, 2021",Women's Athletic Footwear,Northeast,Sports Direct,Outlet,Connecticut,43,19,5
"September 13, 2021",Women's Athletic Footwear,Northeast,Sports Direct,Outlet,Massachusetts,34,13,4
"October 15, 2021",Women's Athletic Footwear,Northeast,Sports Direct,Outlet,Massachusetts,38,12,3
"April 14, 2021",Women's Athletic Footwear,Northeast,Sports Direct,Outlet,Massachusetts,23,9,4
"March 13, 2021",Women's Athletic Footwear,Northeast,Sports Direct,Outlet,Massachusetts,25,23,9
"August 14, 2021",Women's Athletic Footwear,Northeast,Sports Direct,Outlet,Massachusetts,31,18,6
"June 15, 2021",Women's Athletic Footwear,Northeast,Sports Direct,Outlet,Massachusetts,34,24,7
"May 13, 2021",Women's Athletic Footwear,Northeast,Sports Direct,Outlet,Massachusetts,32,17,5
"February 15, 2021",Women's Athletic Footwear,Northeast,Sports Direct,Outlet,Massachusetts,27,20,8
"July 13, 2021",Women's Athletic Footwear,Northeast,Sports Direct,Outlet,Massachusetts,34,26,8
"January 17, 2021",Women's Athletic Footwear,Northeast,Sports Direct,Outlet,Rhode Island,25,8,3
"December 6, 2021",Women's Athletic Footwear,Northeast,Sports Direct,Outlet,Rhode Island,34,26,8
"November 7, 2021",Women's Athletic Footwear,Northeast,Sports Direct,Outlet,Rhode Island,36,24,7
"March 3, 2021",Women's Street Footwear,Northeast,Sports Direct,Outlet,Connecticut,23,17,8
"September 3, 2021",Women's Street Footwear,Northeast,Sports Direct,Outlet,Connecticut,33,21,6
"June 5, 2021",Women's Street Footwear,Northeast,Sports Direct,Outlet,Connecticut,35,34,10
"July 3, 2021",Women's Street Footwear,Northeast,Sports Direct,Outlet,Connecticut,29,32,11
"May 3, 2021",Women's Street Footwear,Northeast,Sports Direct,Outlet,Connecticut,32,27,8
"August 4, 2021",Women's Street Footwear,Northeast,Sports Direct,Outlet,Connecticut,36,39,11
"April 4, 2021",Women's Street Footwear,Northeast,Sports Direct,Outlet,Connecticut,20,13,6
"October 5, 2021",Women's Street Footwear,Northeast,Sports Direct,Outlet,Connecticut,36,22,6
"September 13, 2021",Women's Street Footwear,Northeast,Sports Direct,Outlet,Massachusetts,30,14,5
"July 13, 2021",Women's Street Footwear,Northeast,Sports Direct,Outlet,Massachusetts,32,28,9
"October 15, 2021",Women's Street Footwear,Northeast,Sports Direct,Outlet,Massachusetts,41,16,4
"April 14, 2021",Women's Street Footwear,Northeast,Sports Direct,Outlet,Massachusetts,22,11,5
"August 14, 2021",Women's Street Footwear,Northeast,Sports Direct,Outlet,Massachusetts,29,25,9
"May 13, 2021",Women's Street Footwear,Northeast,Sports Direct,Outlet,Massachusetts,30,20,7
"June 15, 2021",Women's Street Footwear,Northeast,Sports Direct,Outlet,Massachusetts,36,27,8
"March 13, 2021",Women's Street Footwear,Northeast,Sports Direct,Outlet,Massachusetts,23,14,6
"January 17, 2021",Women's Street Footwear,Northeast,Sports Direct,Outlet,Rhode Island,22,17,8
"February 15, 2021",Women's Street Footwear,Northeast,Sports Direct,Outlet,Rhode Island,24,17,7
"November 7, 2021",Women's Street Footwear,Northeast,Sports Direct,Outlet,Rhode Island,37,25,7
"December 6, 2021",Women's Street Footwear,Northeast,Sports Direct,Outlet,Rhode Island,40,35,9
"April 25, 2020",Men's Apparel,Northeast,Walmart,Outlet,New York,51,147,29
"April 17, 2020",Men's Apparel,Northeast,Walmart,Outlet,New York,43,120,28
"May 1, 2020",Men's Apparel,Northeast,Walmart,Outlet,New York,47,132,28
"April 23, 2020",Men's Apparel,Northeast,Walmart,Outlet,New York,44,139,32
"May 7, 2020",Men's Apparel,Northeast,Walmart,Outlet,New York,48,134,28
"April 20, 2020",Men's Athletic Footwear,Northeast,Walmart,Outlet,New York,43,151,35
"May 4, 2020",Men's Athletic Footwear,Northeast,Walmart,Outlet,New York,43,133,31
"April 28, 2020",Men's Athletic Footwear,Northeast,Walmart,Outlet,New York,40,125,31
"April 19, 2020",Men's Street Footwear,Northeast,Walmart,Outlet,New York,39,159,41
"April 27, 2020",Men's Street Footwear,Northeast,Walmart,Outlet,New York,46,185,40
"May 3, 2020",Men's Street Footwear,Northeast,Walmart,Outlet,New York,48,202,42
"April 26, 2020",Women's Apparel,Northeast,Walmart,Outlet,New York,50,165,33
"May 2, 2020",Women's Apparel,Northeast,Walmart,Outlet,New York,53,171,32
"April 24, 2020",Women's Apparel,Northeast,Walmart,Outlet,New York,45,158,35
"July 18, 2020",Women's Apparel,Northeast,Walmart,Outlet,New York,48,163,34
"April 18, 2020",Women's Apparel,Northeast,Walmart,Outlet,New York,48,170,36
"April 30, 2020",Women's Athletic Footwear,Northeast,Walmart,Outlet,New York,41,111,27
"April 22, 2020",Women's Athletic Footwear,Northeast,Walmart,Outlet,New York,34,104,31
"May 6, 2020",Women's Athletic Footwear,Northeast,Walmart,Outlet,New York,41,125,31
"April 21, 2020",Women's Street Footwear,Northeast,Walmart,Outlet,New York,36,113,32
"May 5, 2020",Women's Street Footwear,Northeast,Walmart,Outlet,New York,42,140,33
"April 29, 2020",Women's Street Footwear,Northeast,Walmart,Outlet,New York,43,126,29
"November 11, 2021",Men's Athletic Footwear,Northeast,West Gear,Outlet,Vermont,47,46,10
"November 11, 2021",Men's Street Footwear,Northeast,West Gear,Outlet,Vermont,54,76,14
"October 12, 2021",Women's Apparel,Northeast,West Gear,Outlet,Vermont,54,49,9
"November 11, 2021",Women's Street Footwear,Northeast,West Gear,Outlet,Vermont,46,47,10
"October 13, 2021",Men's Athletic Footwear,South,Amazon,Outlet,Alabama,40,"1,000",25
"October 13, 2021",Men's Athletic Footwear,South,Amazon,Outlet,Alabama,30,26,9
"October 12, 2021",Men's Street Footwear,South,Amazon,Outlet,Alabama,40,"1,800",45
"October 12, 2021",Men's Street Footwear,South,Amazon,Outlet,Alabama,27,38,14
"October 15, 2021",Women's Athletic Footwear,South,Amazon,Outlet,Alabama,35,350,10
"October 15, 2021",Women's Athletic Footwear,South,Amazon,Outlet,Alabama,25,8,3
"October 14, 2021",Women's Street Footwear,South,Amazon,Outlet,Alabama,30,750,25
"October 14, 2021",Women's Street Footwear,South,Amazon,Outlet,Alabama,23,19,8
"March 16, 2021",Men's Apparel,South,Foot Locker,Outlet,Mississippi,25,26,10
"June 18, 2021",Men's Apparel,South,Foot Locker,Outlet,Mississippi,47,63,14
"February 18, 2021",Men's Apparel,South,Foot Locker,Outlet,Mississippi,26,35,14
"April 17, 2021",Men's Apparel,South,Foot Locker,Outlet,Mississippi,30,29,10
"May 16, 2021",Men's Apparel,South,Foot Locker,Outlet,Mississippi,34,45,13
"March 16, 2021",Men's Athletic Footwear,South,Foot Locker,Outlet,Mississippi,20,26,13
"June 18, 2021",Men's Athletic Footwear,South,Foot Locker,Outlet,Mississippi,29,44,15
"April 17, 2021",Men's Athletic Footwear,South,Foot Locker,Outlet,Mississippi,20,23,12
"May 16, 2021",Men's Athletic Footwear,South,Foot Locker,Outlet,Mississippi,28,39,14
"May 22, 2021",Men's Athletic Footwear,South,Foot Locker,Outlet,Tennessee,35,788,23
"May 22, 2021",Men's Athletic Footwear,South,Foot Locker,Outlet,Tennessee,23,16,7
"October 23, 2021",Men's Athletic Footwear,South,Foot Locker,Outlet,Texas,34,23,7
"May 16, 2021",Men's Street Footwear,South,Foot Locker,Outlet,Mississippi,27,64,24
"April 17, 2021",Men's Street Footwear,South,Foot Locker,Outlet,Mississippi,19,42,22
"June 18, 2021",Men's Street Footwear,South,Foot Locker,Outlet,Mississippi,31,82,26
"March 16, 2021",Men's Street Footwear,South,Foot Locker,Outlet,Mississippi,20,45,22
"July 16, 2021",Men's Street Footwear,South,Foot Locker,Outlet,Mississippi,47,136,29
"May 21, 2021",Men's Street Footwear,South,Foot Locker,Outlet,Tennessee,35,"1,488",43
"May 21, 2021",Men's Street Footwear,South,Foot Locker,Outlet,Tennessee,27,38,14
"October 22, 2021",Men's Street Footwear,South,Foot Locker,Outlet,Texas,34,44,13
"April 17, 2021",Women's Apparel,South,Foot Locker,Outlet,Mississippi,22,32,15
"June 18, 2021",Women's Apparel,South,Foot Locker,Outlet,Mississippi,51,112,22
"March 16, 2021",Women's Apparel,South,Foot Locker,Outlet,Mississippi,17,23,14
"May 16, 2021",Women's Apparel,South,Foot Locker,Outlet,Mississippi,35,53,15
"February 18, 2021",Women's Apparel,South,Foot Locker,Outlet,Mississippi,20,32,16
"April 17, 2021",Women's Athletic Footwear,South,Foot Locker,Outlet,Mississippi,16,15,10
"June 18, 2021",Women's Athletic Footwear,South,Foot Locker,Outlet,Mississippi,34,51,15
"March 16, 2021",Women's Athletic Footwear,South,Foot Locker,Outlet,Mississippi,15,13,9
"February 18, 2021",Women's Athletic Footwear,South,Foot Locker,Outlet,Mississippi,19,19,10
"May 16, 2021",Women's Athletic Footwear,South,Foot Locker,Outlet,Mississippi,24,28,12
"May 24, 2021",Women's Athletic Footwear,South,Foot Locker,Outlet,Tennessee,30,225,8
"May 24, 2021",Women's Athletic Footwear,South,Foot Locker,Outlet,Tennessee,22,5,2
"October 25, 2021",Women's Athletic Footwear,South,Foot Locker,Outlet,Texas,28,6,2
"May 16, 2021",Women's Street Footwear,South,Foot Locker,Outlet,Mississippi,26,35,14
"April 17, 2021",Women's Street Footwear,South,Foot Locker,Outlet,Mississippi,11,14,12
"June 18, 2021",Women's Street Footwear,South,Foot Locker,Outlet,Mississippi,33,52,16
"March 16, 2021",Women's Street Footwear,South,Foot Locker,Outlet,Mississippi,11,15,14
"May 23, 2021",Women's Street Footwear,South,Foot Locker,Outlet,Tennessee,25,563,23
"May 23, 2021",Women's Street Footwear,South,Foot Locker,Outlet,Tennessee,19,14,7
"October 24, 2021",Women's Street Footwear,South,Foot Locker,Outlet,Texas,28,20,7
"December 16, 2021",Men's Apparel,South,Sports Direct,Outlet,Mississippi,54,85,16
"November 17, 2021",Men's Apparel,South,Sports Direct,Outlet,Mississippi,59,78,13
"December 16, 2021",Men's Athletic Footwear,South,Sports Direct,Outlet,Mississippi,44,88,20
"November 17, 2021",Men's Athletic Footwear,South,Sports Direct,Outlet,Mississippi,15,23,15
"November 17, 2021",Men's Street Footwear,South,Sports Direct,Outlet,Mississippi,22,45,21
"December 16, 2021",Men's Street Footwear,South,Sports Direct,Outlet,Mississippi,48,123,26
"October 18, 2021",Women's Apparel,South,Sports Direct,Outlet,Mississippi,27,44,16
"December 16, 2021",Women's Apparel,South,Sports Direct,Outlet,Mississippi,53,94,18
"November 17, 2021",Women's Apparel,South,Sports Direct,Outlet,Mississippi,51,86,17
"November 17, 2021",Women's Athletic Footwear,South,Sports Direct,Outlet,Mississippi,43,66,15
"December 16, 2021",Women's Athletic Footwear,South,Sports Direct,Outlet,Mississippi,41,59,14
"November 17, 2021",Women's Street Footwear,South,Sports Direct,Outlet,Mississippi,22,26,12
"December 16, 2021",Women's Street Footwear,South,Sports Direct,Outlet,Mississippi,43,68,16
"July 16, 2021",Men's Apparel,South,Walmart,Outlet,Mississippi,46,69,15
"September 16, 2021",Men's Apparel,South,Walmart,Outlet,Mississippi,22,29,13
"October 18, 2021",Men's Apparel,South,Walmart,Outlet,Mississippi,25,26,11
"August 17, 2021",Men's Apparel,South,Walmart,Outlet,Mississippi,35,55,16
"October 18, 2021",Men's Athletic Footwear,South,Walmart,Outlet,Mississippi,17,28,17
"July 16, 2021",Men's Athletic Footwear,South,Walmart,Outlet,Mississippi,42,81,19
"September 16, 2021",Men's Athletic Footwear,South,Walmart,Outlet,Mississippi,33,52,16
"August 17, 2021",Men's Athletic Footwear,South,Walmart,Outlet,Mississippi,44,87,20
"September 16, 2021",Men's Street Footwear,South,Walmart,Outlet,Mississippi,40,93,23
"August 17, 2021",Men's Street Footwear,South,Walmart,Outlet,Mississippi,41,105,26
"October 18, 2021",Men's Street Footwear,South,Walmart,Outlet,Mississippi,24,52,22
"July 16, 2021",Women's Apparel,South,Walmart,Outlet,Mississippi,49,102,21
"August 17, 2021",Women's Apparel,South,Walmart,Outlet,Mississippi,42,87,21
"September 16, 2021",Women's Apparel,South,Walmart,Outlet,Mississippi,26,42,16
"August 17, 2021",Women's Athletic Footwear,South,Walmart,Outlet,Mississippi,32,47,15
"July 16, 2021",Women's Athletic Footwear,South,Walmart,Outlet,Mississippi,33,47,14
"September 16, 2021",Women's Athletic Footwear,South,Walmart,Outlet,Mississippi,16,19,12
"October 18, 2021",Women's Athletic Footwear,South,Walmart,Outlet,Mississippi,20,22,11
"July 16, 2021",Women's Street Footwear,South,Walmart,Outlet,Mississippi,37,62,17
"August 17, 2021",Women's Street Footwear,South,Walmart,Outlet,Mississippi,37,66,18
"September 16, 2021",Women's Street Footwear,South,Walmart,Outlet,Mississippi,15,22,15
"October 18, 2021",Women's Street Footwear,South,Walmart,Outlet,Mississippi,19,23,12
"January 9, 2021",Men's Apparel,Southeast,Foot Locker,Outlet,Georgia,35,86,25
"February 7, 2021",Men's Athletic Footwear,Southeast,Foot Locker,Outlet,Georgia,27,67,25
"January 9, 2021",Men's Athletic Footwear,Southeast,Foot Locker,Outlet,Georgia,30,77,26
"January 9, 2021",Men's Street Footwear,Southeast,Foot Locker,Outlet,Georgia,26,91,35
"February 7, 2021",Men's Street Footwear,Southeast,Foot Locker,Outlet,Georgia,31,117,38
"January 9, 2021",Women's Apparel,Southeast,Foot Locker,Outlet,Georgia,30,84,28
"January 9, 2021",Women's Athletic Footwear,Southeast,Foot Locker,Outlet,Georgia,25,52,21
"February 7, 2021",Women's Street Footwear,Southeast,Foot Locker,Outlet,Georgia,21,52,25
"January 9, 2021",Women's Street Footwear,Southeast,Foot Locker,Outlet,Georgia,24,63,26
"January 19, 2021",Men's Apparel,Southeast,Sports Direct,Outlet,Virginia,30,42,14
"February 17, 2021",Men's Athletic Footwear,Southeast,Sports Direct,Outlet,Virginia,27,41,15
"January 19, 2021",Men's Athletic Footwear,Southeast,Sports Direct,Outlet,Virginia,28,52,19
"January 19, 2021",Men's Street Footwear,Southeast,Sports Direct,Outlet,Virginia,23,54,23
"February 17, 2021",Men's Street Footwear,Southeast,Sports Direct,Outlet,Virginia,26,67,26
"January 19, 2021",Women's Apparel,Southeast,Sports Direct,Outlet,Virginia,25,48,19
"January 19, 2021",Women's Athletic Footwear,Southeast,Sports Direct,Outlet,Virginia,21,29,14
"January 19, 2021",Women's Street Footwear,Southeast,Sports Direct,Outlet,Virginia,18,32,18
"February 17, 2021",Women's Street Footwear,Southeast,Sports Direct,Outlet,Virginia,17,29,17
"January 12, 2021",Men's Apparel,Southeast,West Gear,Outlet,Florida,36,69,19
"January 12, 2021",Men's Athletic Footwear,Southeast,West Gear,Outlet,Florida,36,80,22
"February 10, 2021",Men's Athletic Footwear,Southeast,West Gear,Outlet,Florida,31,51,17
"February 10, 2021",Men's Street Footwear,Southeast,West Gear,Outlet,Florida,36,104,29
"January 12, 2021",Men's Street Footwear,Southeast,West Gear,Outlet,Florida,30,82,27
"January 12, 2021",Women's Apparel,Southeast,West Gear,Outlet,Florida,35,77,22
"January 12, 2021",Women's Athletic Footwear,Southeast,West Gear,Outlet,Florida,30,51,17
"January 12, 2021",Women's Street Footwear,Southeast,West Gear,Outlet,Florida,26,53,20
"February 10, 2021",Women's Street Footwear,Southeast,West Gear,Outlet,Florida,23,47,20
"June 1, 2021",Men's Athletic Footwear,West,Foot Locker,Outlet,California,31,28,9
"May 31, 2021",Men's Street Footwear,West,Foot Locker,Outlet,California,36,53,15
"June 3, 2021",Women's Athletic Footwear,West,Foot Locker,Outlet,California,27,11,4
"June 2, 2021",Women's Street Footwear,West,Foot Locker,Outlet,California,24,23,9
"June 11, 2021",Men's Apparel,West,West Gear,Outlet,Utah,24,32,13
"November 11, 2021",Men's Apparel,West,West Gear,Outlet,Utah,28,34,12
"July 10, 2021",Men's Apparel,West,West Gear,Outlet,Utah,28,39,14
"October 11, 2021",Men's Apparel,West,West Gear,Outlet,Utah,20,17,9
"August 11, 2021",Men's Apparel,West,West Gear,Outlet,Utah,23,25,11
"April 11, 2021",Men's Apparel,West,West Gear,Outlet,Utah,24,21,9
"March 10, 2021",Men's Apparel,West,West Gear,Outlet,Utah,28,25,9
"September 12, 2021",Men's Apparel,West,West Gear,Outlet,Utah,16,18,11
"December 10, 2021",Men's Apparel,West,West Gear,Outlet,Utah,27,33,12
"February 11, 2021",Men's Apparel,West,West Gear,Outlet,Utah,28,34,12
"May 12, 2021",Men's Apparel,West,West Gear,Outlet,Utah,29,26,9
"April 11, 2021",Men's Athletic Footwear,West,West Gear,Outlet,Utah,20,22,11
"September 12, 2021",Men's Athletic Footwear,West,West Gear,Outlet,Utah,19,30,16
"November 11, 2021",Men's Athletic Footwear,West,West Gear,Outlet,Utah,14,19,14
"July 10, 2021",Men's Athletic Footwear,West,West Gear,Outlet,Utah,20,36,18
"October 11, 2021",Men's Athletic Footwear,West,West Gear,Outlet,Utah,14,18,13
"June 11, 2021",Men's Athletic Footwear,West,West Gear,Outlet,Utah,18,24,13
"March 10, 2021",Men's Athletic Footwear,West,West Gear,Outlet,Utah,22,23,11
"May 12, 2021",Men's Athletic Footwear,West,West Gear,Outlet,Utah,22,28,13
"December 10, 2021",Men's Athletic Footwear,West,West Gear,Outlet,Utah,22,37,17
"August 11, 2021",Men's Athletic Footwear,West,West Gear,Outlet,Utah,28,50,18
"March 10, 2021",Men's Street Footwear,West,West Gear,Outlet,Utah,20,46,23
"June 11, 2021",Men's Street Footwear,West,West Gear,Outlet,Utah,21,44,21
"November 11, 2021",Men's Street Footwear,West,West Gear,Outlet,Utah,22,36,17
"May 12, 2021",Men's Street Footwear,West,West Gear,Outlet,Utah,27,62,23
"July 10, 2021",Men's Street Footwear,West,West Gear,Outlet,Utah,28,69,25
"September 12, 2021",Men's Street Footwear,West,West Gear,Outlet,Utah,23,52,23
"April 11, 2021",Men's Street Footwear,West,West Gear,Outlet,Utah,20,39,19
"December 10, 2021",Men's Street Footwear,West,West Gear,Outlet,Utah,29,67,23
"October 11, 2021",Men's Street Footwear,West,West Gear,Outlet,Utah,24,48,20
"August 11, 2021",Men's Street Footwear,West,West Gear,Outlet,Utah,27,67,25
"April 11, 2021",Women's Apparel,West,West Gear,Outlet,Utah,20,27,14
"December 10, 2021",Women's Apparel,West,West Gear,Outlet,Utah,29,49,17
"October 11, 2021",Women's Apparel,West,West Gear,Outlet,Utah,25,35,14
"June 11, 2021",Women's Apparel,West,West Gear,Outlet,Utah,32,61,19
"February 11, 2021",Women's Apparel,West,West Gear,Outlet,Utah,18,27,15
"July 10, 2021",Women's Apparel,West,West Gear,Outlet,Utah,32,65,20
"November 11, 2021",Women's Apparel,West,West Gear,Outlet,Utah,35,55,16
"September 12, 2021",Women's Apparel,West,West Gear,Outlet,Utah,18,24,13
"March 10, 2021",Women's Apparel,West,West Gear,Outlet,Utah,21,29,14
"August 11, 2021",Women's Apparel,West,West Gear,Outlet,Utah,27,50,18
"May 12, 2021",Women's Apparel,West,West Gear,Outlet,Utah,32,41,13
"November 11, 2021",Women's Athletic Footwear,West,West Gear,Outlet,Utah,15,19,12
"February 11, 2021",Women's Athletic Footwear,West,West Gear,Outlet,Utah,16,15,9
"March 10, 2021",Women's Athletic Footwear,West,West Gear,Outlet,Utah,20,15,8
"December 10, 2021",Women's Athletic Footwear,West,West Gear,Outlet,Utah,22,30,14
"June 11, 2021",Women's Athletic Footwear,West,West Gear,Outlet,Utah,13,17,13
"May 12, 2021",Women's Athletic Footwear,West,West Gear,Outlet,Utah,19,18,9
"April 11, 2021",Women's Athletic Footwear,West,West Gear,Outlet,Utah,14,11,8
"September 12, 2021",Women's Athletic Footwear,West,West Gear,Outlet,Utah,7,8,11
"October 11, 2021",Women's Athletic Footwear,West,West Gear,Outlet,Utah,13,12,9
"August 11, 2021",Women's Athletic Footwear,West,West Gear,Outlet,Utah,14,17,12
"July 10, 2021",Women's Athletic Footwear,West,West Gear,Outlet,Utah,16,20,13
"June 11, 2021",Women's Street Footwear,West,West Gear,Outlet,Utah,13,17,13
"December 10, 2021",Women's Street Footwear,West,West Gear,Outlet,Utah,20,31,15
"May 12, 2021",Women's Street Footwear,West,West Gear,Outlet,Utah,19,21,11
"March 10, 2021",Women's Street Footwear,West,West Gear,Outlet,Utah,16,22,14
"July 10, 2021",Women's Street Footwear,West,West Gear,Outlet,Utah,19,30,16
"April 11, 2021",Women's Street Footwear,West,West Gear,Outlet,Utah,10,11,11
"October 11, 2021",Women's Street Footwear,West,West Gear,Outlet,Utah,13,12,9
"August 11, 2021",Women's Street Footwear,West,West Gear,Outlet,Utah,23,36,16
"September 12, 2021",Women's Street Footwear,West,West Gear,Outlet,Utah,7,7,11
"November 11, 2021",Women's Street Footwear,West,West Gear,Outlet,Utah,14,15,11
"March 17, 2021",Men's Apparel,West,Kohl's,Outlet,California,40,56,14
"May 23, 2021",Men's Apparel,West,Kohl's,Outlet,California,46,94,20
"March 23, 2021",Men's Apparel,West,Kohl's,Outlet,California,36,46,13
"March 11, 2021",Men's Apparel,West,Kohl's,Outlet,California,36,56,16
"April 17, 2021",Men's Apparel,West,Kohl's,Outlet,California,38,53,14
"April 29, 2021",Men's Apparel,West,Kohl's,Outlet,California,38,85,22
"April 23, 2021",Men's Apparel,West,Kohl's,Outlet,California,39,64,17
"April 11, 2021",Men's Apparel,West,Kohl's,Outlet,California,38,57,15
"May 29, 2021",Men's Apparel,West,Kohl's,Outlet,California,43,94,22
"May 5, 2021",Men's Apparel,West,Kohl's,Outlet,California,43,99,23
"May 11, 2021",Men's Apparel,West,Kohl's,Outlet,California,44,86,20
"May 17, 2021",Men's Apparel,West,Kohl's,Outlet,California,46,97,21
"May 8, 2021",Men's Athletic Footwear,West,Kohl's,Outlet,California,39,103,26
"March 20, 2021",Men's Athletic Footwear,West,Kohl's,Outlet,California,36,82,23
"May 26, 2021",Men's Athletic Footwear,West,Kohl's,Outlet,California,42,121,29
"April 8, 2021",Men's Athletic Footwear,West,Kohl's,Outlet,California,34,71,21
"April 26, 2021",Men's Athletic Footwear,West,Kohl's,Outlet,California,37,101,27
"April 14, 2021",Men's Athletic Footwear,West,Kohl's,Outlet,California,34,75,22
"April 20, 2021",Men's Athletic Footwear,West,Kohl's,Outlet,California,35,79,23
"May 20, 2021",Men's Athletic Footwear,West,Kohl's,Outlet,California,42,111,26
"May 14, 2021",Men's Athletic Footwear,West,Kohl's,Outlet,California,43,114,26
"March 14, 2021",Men's Athletic Footwear,West,Kohl's,Outlet,California,30,65,22
"May 2, 2021",Men's Athletic Footwear,West,Kohl's,Outlet,California,41,108,26
"February 18, 2021",Men's Athletic Footwear,West,Kohl's,Outlet,California,35,78,22
"March 19, 2021",Men's Street Footwear,West,Kohl's,Outlet,California,24,63,26
"April 19, 2021",Men's Street Footwear,West,Kohl's,Outlet,California,36,107,30
"May 1, 2021",Men's Street Footwear,West,Kohl's,Outlet,California,36,110,31
"March 13, 2021",Men's Street Footwear,West,Kohl's,Outlet,California,28,67,24
"April 7, 2021",Men's Street Footwear,West,Kohl's,Outlet,California,31,77,25
"May 7, 2021",Men's Street Footwear,West,Kohl's,Outlet,California,38,110,29
"May 25, 2021",Men's Street Footwear,West,Kohl's,Outlet,California,39,123,32
"May 19, 2021",Men's Street Footwear,West,Kohl's,Outlet,California,40,109,27
"April 25, 2021",Men's Street Footwear,West,Kohl's,Outlet,California,30,86,29
"April 13, 2021",Men's Street Footwear,West,Kohl's,Outlet,California,32,77,24
"May 13, 2021",Men's Street Footwear,West,Kohl's,Outlet,California,36,92,26
"February 17, 2021",Men's Street Footwear,West,Kohl's,Outlet,California,26,58,22
"April 18, 2021",Women's Apparel,West,Kohl's,Outlet,California,43,89,21
"April 24, 2021",Women's Apparel,West,Kohl's,Outlet,California,48,127,26
"May 12, 2021",Women's Apparel,West,Kohl's,Outlet,California,49,103,21
"March 12, 2021",Women's Apparel,West,Kohl's,Outlet,California,29,61,21
"April 6, 2021",Women's Apparel,West,Kohl's,Outlet,California,33,64,19
"May 6, 2021",Women's Apparel,West,Kohl's,Outlet,California,46,96,21
"April 30, 2021",Women's Apparel,West,Kohl's,Outlet,California,51,114,22
"May 18, 2021",Women's Apparel,West,Kohl's,Outlet,California,46,96,21
"May 24, 2021",Women's Apparel,West,Kohl's,Outlet,California,49,117,24
"May 30, 2021",Women's Apparel,West,Kohl's,Outlet,California,44,102,23
"March 18, 2021",Women's Apparel,West,Kohl's,Outlet,California,32,67,21
"April 12, 2021",Women's Apparel,West,Kohl's,Outlet,California,49,97,20
"April 22, 2021",Women's Athletic Footwear,West,Kohl's,Outlet,California,32,62,19
"April 10, 2021",Women's Athletic Footwear,West,Kohl's,Outlet,California,31,54,17
"April 16, 2021",Women's Athletic Footwear,West,Kohl's,Outlet,California,33,64,19
"May 4, 2021",Women's Athletic Footwear,West,Kohl's,Outlet,California,36,80,22
"March 22, 2021",Women's Athletic Footwear,West,Kohl's,Outlet,California,36,63,18
"April 28, 2021",Women's Athletic Footwear,West,Kohl's,Outlet,California,29,66,23
"May 28, 2021",Women's Athletic Footwear,West,Kohl's,Outlet,California,35,78,22
"May 10, 2021",Women's Athletic Footwear,West,Kohl's,Outlet,California,39,76,20
"March 16, 2021",Women's Athletic Footwear,West,Kohl's,Outlet,California,34,61,18
"May 16, 2021",Women's Athletic Footwear,West,Kohl's,Outlet,California,33,70,21
"May 22, 2021",Women's Athletic Footwear,West,Kohl's,Outlet,California,33,73,22
"March 10, 2021",Women's Athletic Footwear,West,Kohl's,Outlet,California,33,60,18
"May 15, 2021",Women's Street Footwear,West,Kohl's,Outlet,California,33,69,21
"March 15, 2021",Women's Street Footwear,West,Kohl's,Outlet,California,33,74,22
"April 21, 2021",Women's Street Footwear,West,Kohl's,Outlet,California,35,82,23
"May 3, 2021",Women's Street Footwear,West,Kohl's,Outlet,California,34,79,23
"April 15, 2021",Women's Street Footwear,West,Kohl's,Outlet,California,36,77,22
"May 9, 2021",Women's Street Footwear,West,Kohl's,Outlet,California,38,80,21
"March 21, 2021",Women's Street Footwear,West,Kohl's,Outlet,California,33,73,22
"April 27, 2021",Women's Street Footwear,West,Kohl's,Outlet,California,33,79,24
"May 21, 2021",Women's Street Footwear,West,Kohl's,Outlet,California,35,78,22
"May 27, 2021",Women's Street Footwear,West,Kohl's,Outlet,California,39,90,23
"April 9, 2021",Women's Street Footwear,West,Kohl's,Outlet,California,38,78,21
"March 9, 2021",Women's Street Footwear,West,Kohl's,Outlet,California,36,78,22
"August 2, 2021",Men's Athletic Footwear,Midwest,Sports Direct,Outlet,Nebraska,30,"2,025",68
"August 1, 2021",Men's Street Footwear,Midwest,Sports Direct,Outlet,Nebraska,20,"1,350",68
"August 4, 2021",Women's Athletic Footwear,Midwest,Sports Direct,Outlet,Nebraska,35,"1,663",48
"August 3, 2021",Women's Street Footwear,Midwest,Sports Direct,Outlet,Nebraska,30,"1,425",48
"July 20, 2020",Men's Athletic Footwear,Northeast,Sports Direct,Outlet,New York,26,70,27
"July 19, 2020",Men's Street Footwear,Northeast,Sports Direct,Outlet,New York,20,54,27
"July 22, 2020",Women's Athletic Footwear,Northeast,Sports Direct,Outlet,New York,27,57,21
"July 21, 2020",Women's Street Footwear,Northeast,Sports Direct,Outlet,New York,27,64,24
"January 5, 2021",Men's Apparel,South,Foot Locker,Outlet,Louisiana,28,31,11
"February 4, 2021",Men's Athletic Footwear,South,Foot Locker,Outlet,Louisiana,28,50,18
"January 5, 2021",Men's Athletic Footwear,South,Foot Locker,Outlet,Louisiana,20,42,21
"February 4, 2021",Men's Street Footwear,South,Foot Locker,Outlet,Louisiana,18,36,20
"January 5, 2021",Men's Street Footwear,South,Foot Locker,Outlet,Louisiana,14,31,22
"January 5, 2021",Women's Athletic Footwear,South,Foot Locker,Outlet,Louisiana,26,43,17
"February 4, 2021",Women's Street Footwear,South,Foot Locker,Outlet,Louisiana,28,36,13
"January 5, 2021",Women's Street Footwear,South,Foot Locker,Outlet,Louisiana,21,34,16
"December 19, 2021",Men's Apparel,South,Kohl's,Outlet,Oklahoma,55,54,10
"November 20, 2021",Men's Apparel,South,Kohl's,Outlet,Oklahoma,60,51,9
"January 16, 2021",Men's Apparel,South,Kohl's,Outlet,Oklahoma,28,25,9
"November 20, 2021",Men's Athletic Footwear,South,Kohl's,Outlet,Oklahoma,11,11,10
"January 16, 2021",Men's Athletic Footwear,South,Kohl's,Outlet,Oklahoma,16,17,11
"December 19, 2021",Men's Athletic Footwear,South,Kohl's,Outlet,Oklahoma,47,70,15
"February 14, 2021",Men's Athletic Footwear,South,Kohl's,Outlet,Oklahoma,17,13,8
"January 16, 2021",Men's Street Footwear,South,Kohl's,Outlet,Oklahoma,17,30,18
"February 14, 2021",Men's Street Footwear,South,Kohl's,Outlet,Oklahoma,18,37,20
"December 19, 2021",Men's Street Footwear,South,Kohl's,Outlet,Oklahoma,55,110,20
"November 20, 2021",Men's Street Footwear,South,Kohl's,Outlet,Oklahoma,16,27,17
"January 16, 2021",Women's Apparel,South,Kohl's,Outlet,Oklahoma,17,20,12
"December 19, 2021",Women's Apparel,South,Kohl's,Outlet,Oklahoma,51,65,13
"November 20, 2021",Women's Apparel,South,Kohl's,Outlet,Oklahoma,60,77,13
"October 21, 2021",Women's Apparel,South,Kohl's,Outlet,Oklahoma,22,22,10
"January 16, 2021",Women's Athletic Footwear,South,Kohl's,Outlet,Oklahoma,16,11,7
"December 19, 2021",Women's Athletic Footwear,South,Kohl's,Outlet,Oklahoma,45,51,11
"November 20, 2021",Women's Athletic Footwear,South,Kohl's,Outlet,Oklahoma,37,33,9
"February 14, 2021",Women's Street Footwear,South,Kohl's,Outlet,Oklahoma,11,10,9
"January 16, 2021",Women's Street Footwear,South,Kohl's,Outlet,Oklahoma,12,14,12
"November 20, 2021",Women's Street Footwear,South,Kohl's,Outlet,Oklahoma,19,15,8
"December 19, 2021",Women's Street Footwear,South,Kohl's,Outlet,Oklahoma,44,58,13
"August 11, 2021",Men's Apparel,South,Sports Direct,Outlet,Alabama,40,"1,000",25
"August 5, 2021",Men's Apparel,South,Sports Direct,Outlet,Alabama,40,"1,300",33
"August 11, 2021",Men's Apparel,South,Sports Direct,Outlet,Alabama,29,25,9
"August 23, 2021",Men's Apparel,South,Sports Direct,Outlet,Alabama,25,688,28
"August 17, 2021",Men's Apparel,South,Sports Direct,Outlet,Alabama,40,"1,000",25
"August 29, 2021",Men's Apparel,South,Sports Direct,Outlet,Alabama,50,"2,000",40
"September 4, 2021",Men's Apparel,South,Sports Direct,Outlet,Alabama,50,"2,500",50
"August 5, 2021",Men's Apparel,South,Sports Direct,Outlet,Alabama,31,35,11
"August 23, 2021",Men's Apparel,South,Sports Direct,Outlet,Alabama,19,17,9
"August 29, 2021",Men's Apparel,South,Sports Direct,Outlet,Alabama,39,51,13
"September 28, 2021",Men's Apparel,South,Sports Direct,Outlet,Alabama,30,900,30
"September 22, 2021",Men's Apparel,South,Sports Direct,Outlet,Alabama,45,"1,575",35
"October 4, 2021",Men's Apparel,South,Sports Direct,Outlet,Alabama,50,"2,125",43
"September 10, 2021",Men's Apparel,South,Sports Direct,Outlet,Alabama,50,"2,625",53
"September 16, 2021",Men's Apparel,South,Sports Direct,Outlet,Alabama,55,"2,338",43
"October 10, 2021",Men's Apparel,South,Sports Direct,Outlet,Alabama,60,"3,000",50
"August 17, 2021",Men's Apparel,South,Sports Direct,Outlet,Alabama,28,25,9
"September 4, 2021",Men's Apparel,South,Sports Direct,Outlet,Alabama,38,63,17
"October 10, 2021",Men's Apparel,South,Sports Direct,Outlet,Alabama,40,62,16
"September 22, 2021",Men's Apparel,South,Sports Direct,Outlet,Alabama,35,41,12
"October 4, 2021",Men's Apparel,South,Sports Direct,Outlet,Alabama,37,55,15
"September 28, 2021",Men's Apparel,South,Sports Direct,Outlet,Alabama,22,23,11
"September 16, 2021",Men's Apparel,South,Sports Direct,Outlet,Alabama,42,59,14
"September 10, 2021",Men's Apparel,South,Sports Direct,Outlet,Alabama,35,63,18
"January 23, 2021",Men's Apparel,South,Sports Direct,Outlet,Mississippi,26,32,12
"March 20, 2021",Men's Apparel,South,Sports Direct,Outlet,Tennessee,29,27,9
"March 14, 2021",Men's Apparel,South,Sports Direct,Outlet,Tennessee,30,37,12
"April 1, 2021",Men's Apparel,South,Sports Direct,Outlet,Tennessee,20,21,11
"April 13, 2021",Men's Apparel,South,Sports Direct,Outlet,Tennessee,30,45,15
"May 19, 2021",Men's Apparel,South,Sports Direct,Outlet,Tennessee,55,"2,750",50
"March 26, 2021",Men's Apparel,South,Sports Direct,Outlet,Tennessee,27,24,9
"April 7, 2021",Men's Apparel,South,Sports Direct,Outlet,Tennessee,33,44,13
"May 1, 2021",Men's Apparel,South,Sports Direct,Outlet,Tennessee,39,47,12
"May 7, 2021",Men's Apparel,South,Sports Direct,Outlet,Tennessee,28,31,11
"April 19, 2021",Men's Apparel,South,Sports Direct,Outlet,Tennessee,33,60,18
"April 25, 2021",Men's Apparel,South,Sports Direct,Outlet,Tennessee,35,50,14
"May 13, 2021",Men's Apparel,South,Sports Direct,Outlet,Tennessee,43,60,14
"May 19, 2021",Men's Apparel,South,Sports Direct,Outlet,Tennessee,38,61,16
"August 15, 2021",Men's Apparel,South,Sports Direct,Outlet,Texas,26,29,11
"August 21, 2021",Men's Apparel,South,Sports Direct,Outlet,Texas,26,24,9
"September 2, 2021",Men's Apparel,South,Sports Direct,Outlet,Texas,26,28,11
"September 8, 2021",Men's Apparel,South,Sports Direct,Outlet,Texas,38,58,15
"August 27, 2021",Men's Apparel,South,Sports Direct,Outlet,Texas,29,28,10
"September 14, 2021",Men's Apparel,South,Sports Direct,Outlet,Texas,40,60,15
"October 20, 2021",Men's Apparel,South,Sports Direct,Outlet,Texas,47,79,17
"September 20, 2021",Men's Apparel,South,Sports Direct,Outlet,Texas,39,72,18
"October 14, 2021",Men's Apparel,South,Sports Direct,Outlet,Texas,46,75,16
"October 8, 2021",Men's Apparel,South,Sports Direct,Outlet,Texas,30,38,13
"October 2, 2021",Men's Apparel,South,Sports Direct,Outlet,Texas,37,55,15
"September 26, 2021",Men's Apparel,South,Sports Direct,Outlet,Texas,43,68,16
"August 4, 2020",Men's Apparel,South,Sports Direct,Outlet,Texas,35,54,16
"July 29, 2020",Men's Apparel,South,Sports Direct,Outlet,Texas,28,45,16
"July 23, 2020",Men's Apparel,South,Sports Direct,Outlet,Texas,26,46,18
"August 8, 2021",Men's Athletic Footwear,South,Sports Direct,Outlet,Alabama,35,"2,100",60
"August 8, 2021",Men's Athletic Footwear,South,Sports Direct,Outlet,Alabama,26,50,19
"August 20, 2021",Men's Athletic Footwear,South,Sports Direct,Outlet,Alabama,20,"1,300",65
"August 26, 2021",Men's Athletic Footwear,South,Sports Direct,Outlet,Alabama,20,"1,450",73
"August 14, 2021",Men's Athletic Footwear,South,Sports Direct,Outlet,Alabama,40,"2,500",63
"September 1, 2021",Men's Athletic Footwear,South,Sports Direct,Outlet,Alabama,50,"3,750",75
"August 20, 2021",Men's Athletic Footwear,South,Sports Direct,Outlet,Alabama,16,32,20
"August 14, 2021",Men's Athletic Footwear,South,Sports Direct,Outlet,Alabama,32,62,19
"September 1, 2021",Men's Athletic Footwear,South,Sports Direct,Outlet,Alabama,35,82,23
"August 26, 2021",Men's Athletic Footwear,South,Sports Direct,Outlet,Alabama,16,35,22
"October 1, 2021",Men's Athletic Footwear,South,Sports Direct,Outlet,Alabama,20,"1,250",63
"September 25, 2021",Men's Athletic Footwear,South,Sports Direct,Outlet,Alabama,30,"1,575",53
"September 7, 2021",Men's Athletic Footwear,South,Sports Direct,Outlet,Alabama,50,"4,125",83
"September 19, 2021",Men's Athletic Footwear,South,Sports Direct,Outlet,Alabama,55,"3,163",58
"September 13, 2021",Men's Athletic Footwear,South,Sports Direct,Outlet,Alabama,55,"4,125",75
"October 7, 2021",Men's Athletic Footwear,South,Sports Direct,Outlet,Alabama,60,"4,650",78
"October 1, 2021",Men's Athletic Footwear,South,Sports Direct,Outlet,Alabama,14,28,20
"October 7, 2021",Men's Athletic Footwear,South,Sports Direct,Outlet,Alabama,40,99,25
"September 13, 2021",Men's Athletic Footwear,South,Sports Direct,Outlet,Alabama,39,91,23
"September 25, 2021",Men's Athletic Footwear,South,Sports Direct,Outlet,Alabama,23,40,17
"September 19, 2021",Men's Athletic Footwear,South,Sports Direct,Outlet,Alabama,36,62,17
"September 7, 2021",Men's Athletic Footwear,South,Sports Direct,Outlet,Alabama,37,98,26
"February 21, 2021",Men's Athletic Footwear,South,Sports Direct,Outlet,Mississippi,17,19,11
"January 23, 2021",Men's Athletic Footwear,South,Sports Direct,Outlet,Mississippi,18,24,14
"March 17, 2021",Men's Athletic Footwear,South,Sports Direct,Outlet,Tennessee,23,50,22
"March 29, 2021",Men's Athletic Footwear,South,Sports Direct,Outlet,Tennessee,17,35,20
"April 4, 2021",Men's Athletic Footwear,South,Sports Direct,Outlet,Tennessee,20,48,24
"March 23, 2021",Men's Athletic Footwear,South,Sports Direct,Outlet,Tennessee,31,60,20
"April 10, 2021",Men's Athletic Footwear,South,Sports Direct,Outlet,Tennessee,32,77,24
"April 28, 2021",Men's Athletic Footwear,South,Sports Direct,Outlet,Tennessee,33,70,21
"May 4, 2021",Men's Athletic Footwear,South,Sports Direct,Outlet,Tennessee,25,45,18
"May 10, 2021",Men's Athletic Footwear,South,Sports Direct,Outlet,Tennessee,21,47,22
"May 16, 2021",Men's Athletic Footwear,South,Sports Direct,Outlet,Tennessee,37,98,26
"April 16, 2021",Men's Athletic Footwear,South,Sports Direct,Outlet,Tennessee,30,79,26
"April 22, 2021",Men's Athletic Footwear,South,Sports Direct,Outlet,Tennessee,44,119,27
"August 18, 2021",Men's Athletic Footwear,South,Sports Direct,Outlet,Texas,23,49,22
"August 30, 2021",Men's Athletic Footwear,South,Sports Direct,Outlet,Texas,21,44,21
"August 24, 2021",Men's Athletic Footwear,South,Sports Direct,Outlet,Texas,31,73,24
"September 11, 2021",Men's Athletic Footwear,South,Sports Direct,Outlet,Texas,40,112,28
"September 5, 2021",Men's Athletic Footwear,South,Sports Direct,Outlet,Texas,22,55,25
"September 17, 2021",Men's Athletic Footwear,South,Sports Direct,Outlet,Texas,34,90,26
"October 17, 2021",Men's Athletic Footwear,South,Sports Direct,Outlet,Texas,39,97,25
"October 11, 2021",Men's Athletic Footwear,South,Sports Direct,Outlet,Texas,27,59,22
"September 23, 2021",Men's Athletic Footwear,South,Sports Direct,Outlet,Texas,43,110,26
"October 5, 2021",Men's Athletic Footwear,South,Sports Direct,Outlet,Texas,29,64,22
"September 29, 2021",Men's Athletic Footwear,South,Sports Direct,Outlet,Texas,38,77,20
"August 1, 2020",Men's Athletic Footwear,South,Sports Direct,Outlet,Texas,30,79,26
"August 7, 2020",Men's Athletic Footwear,South,Sports Direct,Outlet,Texas,29,89,31
"July 26, 2020",Men's Athletic Footwear,South,Sports Direct,Outlet,Texas,23,66,29
"August 7, 2021",Men's Street Footwear,South,Sports Direct,Outlet,Alabama,25,"1,563",63
"August 25, 2021",Men's Street Footwear,South,Sports Direct,Outlet,Alabama,10,700,70
"August 19, 2021",Men's Street Footwear,South,Sports Direct,Outlet,Alabama,20,"1,300",65
"August 13, 2021",Men's Street Footwear,South,Sports Direct,Outlet,Alabama,30,"1,875",63
"August 31, 2021",Men's Street Footwear,South,Sports Direct,Outlet,Alabama,45,"3,375",75
"August 25, 2021",Men's Street Footwear,South,Sports Direct,Outlet,Alabama,7,16,22
"August 7, 2021",Men's Street Footwear,South,Sports Direct,Outlet,Alabama,16,33,21
"August 31, 2021",Men's Street Footwear,South,Sports Direct,Outlet,Alabama,30,68,23
"August 13, 2021",Men's Street Footwear,South,Sports Direct,Outlet,Alabama,23,45,19
"September 30, 2021",Men's Street Footwear,South,Sports Direct,Outlet,Alabama,20,"1,250",63
"September 24, 2021",Men's Street Footwear,South,Sports Direct,Outlet,Alabama,30,"1,575",53
"September 12, 2021",Men's Street Footwear,South,Sports Direct,Outlet,Alabama,40,"3,000",75
"September 6, 2021",Men's Street Footwear,South,Sports Direct,Outlet,Alabama,45,"3,713",83
"September 18, 2021",Men's Street Footwear,South,Sports Direct,Outlet,Alabama,55,"3,438",63
"October 6, 2021",Men's Street Footwear,South,Sports Direct,Outlet,Alabama,60,"4,650",78
"September 24, 2021",Men's Street Footwear,South,Sports Direct,Outlet,Alabama,20,37,18
"August 19, 2021",Men's Street Footwear,South,Sports Direct,Outlet,Alabama,15,32,22
"September 6, 2021",Men's Street Footwear,South,Sports Direct,Outlet,Alabama,31,79,26
"September 12, 2021",Men's Street Footwear,South,Sports Direct,Outlet,Alabama,27,63,23
"September 18, 2021",Men's Street Footwear,South,Sports Direct,Outlet,Alabama,38,78,21
"October 6, 2021",Men's Street Footwear,South,Sports Direct,Outlet,Alabama,46,110,24
"September 30, 2021",Men's Street Footwear,South,Sports Direct,Outlet,Alabama,14,26,19
"January 23, 2021",Men's Street Footwear,South,Sports Direct,Outlet,Mississippi,17,37,22
"February 21, 2021",Men's Street Footwear,South,Sports Direct,Outlet,Mississippi,17,36,21
"March 16, 2021",Men's Street Footwear,South,Sports Direct,Outlet,Tennessee,18,36,20
"March 22, 2021",Men's Street Footwear,South,Sports Direct,Outlet,Tennessee,20,44,22
"April 3, 2021",Men's Street Footwear,South,Sports Direct,Outlet,Tennessee,12,30,25
"March 28, 2021",Men's Street Footwear,South,Sports Direct,Outlet,Tennessee,13,26,20
"April 9, 2021",Men's Street Footwear,South,Sports Direct,Outlet,Tennessee,28,72,26
"May 9, 2021",Men's Street Footwear,South,Sports Direct,Outlet,Tennessee,24,49,20
"May 15, 2021",Men's Street Footwear,South,Sports Direct,Outlet,Tennessee,39,97,25
"April 15, 2021",Men's Street Footwear,South,Sports Direct,Outlet,Tennessee,29,79,27
"April 27, 2021",Men's Street Footwear,South,Sports Direct,Outlet,Tennessee,40,84,21
"April 21, 2021",Men's Street Footwear,South,Sports Direct,Outlet,Tennessee,29,68,23
"May 3, 2021",Men's Street Footwear,South,Sports Direct,Outlet,Tennessee,28,56,20
"August 17, 2021",Men's Street Footwear,South,Sports Direct,Outlet,Texas,19,44,23
"September 10, 2021",Men's Street Footwear,South,Sports Direct,Outlet,Texas,30,77,26
"September 4, 2021",Men's Street Footwear,South,Sports Direct,Outlet,Texas,13,30,23
"August 23, 2021",Men's Street Footwear,South,Sports Direct,Outlet,Texas,21,43,20
"August 29, 2021",Men's Street Footwear,South,Sports Direct,Outlet,Texas,13,30,23
"September 16, 2021",Men's Street Footwear,South,Sports Direct,Outlet,Texas,34,87,26
"October 10, 2021",Men's Street Footwear,South,Sports Direct,Outlet,Texas,31,70,23
"September 22, 2021",Men's Street Footwear,South,Sports Direct,Outlet,Texas,34,84,25
"October 4, 2021",Men's Street Footwear,South,Sports Direct,Outlet,Texas,30,64,21
"September 28, 2021",Men's Street Footwear,South,Sports Direct,Outlet,Texas,38,88,23
"October 16, 2021",Men's Street Footwear,South,Sports Direct,Outlet,Texas,46,129,28
"August 6, 2020",Men's Street Footwear,South,Sports Direct,Outlet,Texas,23,70,31
"July 25, 2020",Men's Street Footwear,South,Sports Direct,Outlet,Texas,20,51,26
"July 31, 2020",Men's Street Footwear,South,Sports Direct,Outlet,Texas,20,61,31
"August 12, 2021",Women's Apparel,South,Sports Direct,Outlet,Alabama,35,"1,575",45
"August 6, 2021",Women's Apparel,South,Sports Direct,Outlet,Alabama,35,"1,663",48
"August 12, 2021",Women's Apparel,South,Sports Direct,Outlet,Alabama,27,39,14
"August 6, 2021",Women's Apparel,South,Sports Direct,Outlet,Alabama,24,36,15
"August 24, 2021",Women's Apparel,South,Sports Direct,Outlet,Alabama,20,"1,100",55
"August 18, 2021",Women's Apparel,South,Sports Direct,Outlet,Alabama,35,"1,400",40
"August 30, 2021",Women's Apparel,South,Sports Direct,Outlet,Alabama,45,"3,375",75
"September 5, 2021",Women's Apparel,South,Sports Direct,Outlet,Alabama,55,"4,813",88
"September 5, 2021",Women's Apparel,South,Sports Direct,Outlet,Alabama,36,101,28
"September 29, 2021",Women's Apparel,South,Sports Direct,Outlet,Alabama,40,"1,900",48
"September 23, 2021",Women's Apparel,South,Sports Direct,Outlet,Alabama,40,"2,300",58
"October 5, 2021",Women's Apparel,South,Sports Direct,Outlet,Alabama,60,"3,750",63
"September 17, 2021",Women's Apparel,South,Sports Direct,Outlet,Alabama,60,"4,050",68
"September 11, 2021",Women's Apparel,South,Sports Direct,Outlet,Alabama,60,"4,800",80
"October 11, 2021",Women's Apparel,South,Sports Direct,Outlet,Alabama,70,"5,250",75
"August 18, 2021",Women's Apparel,South,Sports Direct,Outlet,Alabama,26,31,12
"August 30, 2021",Women's Apparel,South,Sports Direct,Outlet,Alabama,36,95,26
"August 24, 2021",Women's Apparel,South,Sports Direct,Outlet,Alabama,14,23,17
"October 5, 2021",Women's Apparel,South,Sports Direct,Outlet,Alabama,45,85,19
"September 11, 2021",Women's Apparel,South,Sports Direct,Outlet,Alabama,47,132,28
"September 17, 2021",Women's Apparel,South,Sports Direct,Outlet,Alabama,39,79,20
"September 29, 2021",Women's Apparel,South,Sports Direct,Outlet,Alabama,26,38,15
"September 23, 2021",Women's Apparel,South,Sports Direct,Outlet,Alabama,26,49,19
"October 11, 2021",Women's Apparel,South,Sports Direct,Outlet,Alabama,56,126,23
"January 23, 2021",Women's Apparel,South,Sports Direct,Outlet,Mississippi,18,28,16
"March 15, 2021",Women's Apparel,South,Sports Direct,Outlet,Tennessee,24,41,17
"March 21, 2021",Women's Apparel,South,Sports Direct,Outlet,Tennessee,28,40,14
"April 8, 2021",Women's Apparel,South,Sports Direct,Outlet,Tennessee,31,84,27
"April 14, 2021",Women's Apparel,South,Sports Direct,Outlet,Tennessee,37,113,31
"May 20, 2021",Women's Apparel,South,Sports Direct,Outlet,Tennessee,65,"4,875",75
"April 2, 2021",Women's Apparel,South,Sports Direct,Outlet,Tennessee,18,35,20
"March 27, 2021",Women's Apparel,South,Sports Direct,Outlet,Tennessee,25,36,15
"May 2, 2021",Women's Apparel,South,Sports Direct,Outlet,Tennessee,30,66,22
"April 20, 2021",Women's Apparel,South,Sports Direct,Outlet,Tennessee,38,103,27
"May 20, 2021",Women's Apparel,South,Sports Direct,Outlet,Tennessee,49,110,23
"May 14, 2021",Women's Apparel,South,Sports Direct,Outlet,Tennessee,43,87,20
"May 8, 2021",Women's Apparel,South,Sports Direct,Outlet,Tennessee,29,52,18
"April 26, 2021",Women's Apparel,South,Sports Direct,Outlet,Tennessee,40,93,23
"August 16, 2021",Women's Apparel,South,Sports Direct,Outlet,Texas,24,39,16
"August 22, 2021",Women's Apparel,South,Sports Direct,Outlet,Texas,26,40,16
"September 9, 2021",Women's Apparel,South,Sports Direct,Outlet,Texas,34,90,26
"August 28, 2021",Women's Apparel,South,Sports Direct,Outlet,Texas,27,41,15
"September 15, 2021",Women's Apparel,South,Sports Direct,Outlet,Texas,42,118,28
"September 3, 2021",Women's Apparel,South,Sports Direct,Outlet,Texas,22,46,21
"September 21, 2021",Women's Apparel,South,Sports Direct,Outlet,Texas,47,128,27
"October 9, 2021",Women's Apparel,South,Sports Direct,Outlet,Texas,39,74,19
"October 3, 2021",Women's Apparel,South,Sports Direct,Outlet,Texas,33,78,24
"September 27, 2021",Women's Apparel,South,Sports Direct,Outlet,Texas,43,103,24
"October 21, 2021",Women's Apparel,South,Sports Direct,Outlet,Texas,54,138,26
"October 15, 2021",Women's Apparel,South,Sports Direct,Outlet,Texas,51,120,24
"July 30, 2020",Women's Apparel,South,Sports Direct,Outlet,Texas,26,60,23
"August 5, 2020",Women's Apparel,South,Sports Direct,Outlet,Texas,29,66,23
"July 24, 2020",Women's Apparel,South,Sports Direct,Outlet,Texas,25,56,22
"August 10, 2021",Women's Athletic Footwear,South,Sports Direct,Outlet,Alabama,35,"1,313",38
"August 10, 2021",Women's Athletic Footwear,South,Sports Direct,Outlet,Alabama,24,27,11
"August 22, 2021",Women's Athletic Footwear,South,Sports Direct,Outlet,Alabama,20,750,38
"August 16, 2021",Women's Athletic Footwear,South,Sports Direct,Outlet,Alabama,35,"1,225",35
"August 28, 2021",Women's Athletic Footwear,South,Sports Direct,Outlet,Alabama,35,"1,750",50
"September 3, 2021",Women's Athletic Footwear,South,Sports Direct,Outlet,Alabama,45,"2,700",60
"August 22, 2021",Women's Athletic Footwear,South,Sports Direct,Outlet,Alabama,15,17,12
"September 3, 2021",Women's Athletic Footwear,South,Sports Direct,Outlet,Alabama,31,65,21
"September 27, 2021",Women's Athletic Footwear,South,Sports Direct,Outlet,Alabama,35,"1,138",33
"September 9, 2021",Women's Athletic Footwear,South,Sports Direct,Outlet,Alabama,45,"2,588",58
"October 3, 2021",Women's Athletic Footwear,South,Sports Direct,Outlet,Alabama,45,"2,025",45
"September 15, 2021",Women's Athletic Footwear,South,Sports Direct,Outlet,Alabama,50,"2,125",43
"September 21, 2021",Women's Athletic Footwear,South,Sports Direct,Outlet,Alabama,60,"2,100",35
"October 9, 2021",Women's Athletic Footwear,South,Sports Direct,Outlet,Alabama,65,"3,575",55
"August 16, 2021",Women's Athletic Footwear,South,Sports Direct,Outlet,Alabama,23,27,12
"August 28, 2021",Women's Athletic Footwear,South,Sports Direct,Outlet,Alabama,26,43,17
"October 9, 2021",Women's Athletic Footwear,South,Sports Direct,Outlet,Alabama,52,100,19
"September 15, 2021",Women's Athletic Footwear,South,Sports Direct,Outlet,Alabama,37,52,14
"September 21, 2021",Women's Athletic Footwear,South,Sports Direct,Outlet,Alabama,44,46,11
"September 27, 2021",Women's Athletic Footwear,South,Sports Direct,Outlet,Alabama,26,25,10
"October 3, 2021",Women's Athletic Footwear,South,Sports Direct,Outlet,Alabama,36,49,14
"September 9, 2021",Women's Athletic Footwear,South,Sports Direct,Outlet,Alabama,36,71,20
"January 23, 2021",Women's Athletic Footwear,South,Sports Direct,Outlet,Mississippi,13,13,10
"March 19, 2021",Women's Athletic Footwear,South,Sports Direct,Outlet,Tennessee,28,36,13
"April 6, 2021",Women's Athletic Footwear,South,Sports Direct,Outlet,Tennessee,20,36,18
"May 18, 2021",Women's Athletic Footwear,South,Sports Direct,Outlet,Tennessee,60,"3,300",55
"March 31, 2021",Women's Athletic Footwear,South,Sports Direct,Outlet,Tennessee,20,26,13
"March 25, 2021",Women's Athletic Footwear,South,Sports Direct,Outlet,Tennessee,25,31,12
"April 12, 2021",Women's Athletic Footwear,South,Sports Direct,Outlet,Tennessee,29,57,20
"April 30, 2021",Women's Athletic Footwear,South,Sports Direct,Outlet,Tennessee,40,54,14
"April 24, 2021",Women's Athletic Footwear,South,Sports Direct,Outlet,Tennessee,32,52,16
"May 6, 2021",Women's Athletic Footwear,South,Sports Direct,Outlet,Tennessee,30,39,13
"May 18, 2021",Women's Athletic Footwear,South,Sports Direct,Outlet,Tennessee,44,77,18
"April 18, 2021",Women's Athletic Footwear,South,Sports Direct,Outlet,Tennessee,32,63,20
"May 12, 2021",Women's Athletic Footwear,South,Sports Direct,Outlet,Tennessee,38,60,16
"August 20, 2021",Women's Athletic Footwear,South,Sports Direct,Outlet,Texas,28,38,14
"August 26, 2021",Women's Athletic Footwear,South,Sports Direct,Outlet,Texas,26,36,14
"September 1, 2021",Women's Athletic Footwear,South,Sports Direct,Outlet,Texas,20,30,15
"September 7, 2021",Women's Athletic Footwear,South,Sports Direct,Outlet,Texas,27,49,18
"September 13, 2021",Women's Athletic Footwear,South,Sports Direct,Outlet,Texas,29,56,19
"October 13, 2021",Women's Athletic Footwear,South,Sports Direct,Outlet,Texas,50,80,16
"October 7, 2021",Women's Athletic Footwear,South,Sports Direct,Outlet,Texas,30,44,15
"September 25, 2021",Women's Athletic Footwear,South,Sports Direct,Outlet,Texas,38,60,16
"September 19, 2021",Women's Athletic Footwear,South,Sports Direct,Outlet,Texas,32,64,20
"October 1, 2021",Women's Athletic Footwear,South,Sports Direct,Outlet,Texas,41,55,14
"October 19, 2021",Women's Athletic Footwear,South,Sports Direct,Outlet,Texas,44,84,19
"August 9, 2020",Women's Athletic Footwear,South,Sports Direct,Outlet,Texas,28,60,21
"August 3, 2020",Women's Athletic Footwear,South,Sports Direct,Outlet,Texas,30,61,20
"July 28, 2020",Women's Athletic Footwear,South,Sports Direct,Outlet,Texas,26,55,21
"August 9, 2021",Women's Street Footwear,South,Sports Direct,Outlet,Alabama,35,"1,488",43
"August 9, 2021",Women's Street Footwear,South,Sports Direct,Outlet,Alabama,26,35,14
"August 21, 2021",Women's Street Footwear,South,Sports Direct,Outlet,Alabama,15,713,48
"August 27, 2021",Women's Street Footwear,South,Sports Direct,Outlet,Alabama,15,863,58
"August 15, 2021",Women's Street Footwear,South,Sports Direct,Outlet,Alabama,30,"1,350",45
"September 2, 2021",Women's Street Footwear,South,Sports Direct,Outlet,Alabama,45,"2,925",65
"August 21, 2021",Women's Street Footwear,South,Sports Direct,Outlet,Alabama,11,17,15
"September 26, 2021",Women's Street Footwear,South,Sports Direct,Outlet,Alabama,35,"1,663",48
"September 8, 2021",Women's Street Footwear,South,Sports Direct,Outlet,Alabama,45,"4,388",98
"October 2, 2021",Women's Street Footwear,South,Sports Direct,Outlet,Alabama,45,"2,588",58
"September 14, 2021",Women's Street Footwear,South,Sports Direct,Outlet,Alabama,55,"5,088",93
"September 20, 2021",Women's Street Footwear,South,Sports Direct,Outlet,Alabama,60,"3,750",63
"October 8, 2021",Women's Street Footwear,South,Sports Direct,Outlet,Alabama,65,"4,550",70
"August 15, 2021",Women's Street Footwear,South,Sports Direct,Outlet,Alabama,20,29,14
"September 2, 2021",Women's Street Footwear,South,Sports Direct,Outlet,Alabama,35,80,23
"August 27, 2021",Women's Street Footwear,South,Sports Direct,Outlet,Alabama,11,21,19
"September 14, 2021",Women's Street Footwear,South,Sports Direct,Outlet,Alabama,36,100,28
"September 26, 2021",Women's Street Footwear,South,Sports Direct,Outlet,Alabama,24,40,17
"October 8, 2021",Women's Street Footwear,South,Sports Direct,Outlet,Alabama,47,102,22
"October 2, 2021",Women's Street Footwear,South,Sports Direct,Outlet,Alabama,33,65,20
"September 8, 2021",Women's Street Footwear,South,Sports Direct,Outlet,Alabama,31,100,32
"September 20, 2021",Women's Street Footwear,South,Sports Direct,Outlet,Alabama,47,100,21
"February 21, 2021",Women's Street Footwear,South,Sports Direct,Outlet,Mississippi,11,15,14
"January 23, 2021",Women's Street Footwear,South,Sports Direct,Outlet,Mississippi,11,15,14
"March 18, 2021",Women's Street Footwear,South,Sports Direct,Outlet,Tennessee,23,32,14
"March 24, 2021",Women's Street Footwear,South,Sports Direct,Outlet,Tennessee,22,37,17
"March 30, 2021",Women's Street Footwear,South,Sports Direct,Outlet,Tennessee,15,26,17
"April 11, 2021",Women's Street Footwear,South,Sports Direct,Outlet,Tennessee,26,53,20
"May 17, 2021",Women's Street Footwear,South,Sports Direct,Outlet,Tennessee,60,"4,200",70
"April 5, 2021",Women's Street Footwear,South,Sports Direct,Outlet,Tennessee,14,29,20
"May 11, 2021",Women's Street Footwear,South,Sports Direct,Outlet,Tennessee,37,75,20
"April 23, 2021",Women's Street Footwear,South,Sports Direct,Outlet,Tennessee,39,122,31
"May 5, 2021",Women's Street Footwear,South,Sports Direct,Outlet,Tennessee,27,44,16
"April 17, 2021",Women's Street Footwear,South,Sports Direct,Outlet,Tennessee,30,97,32
"April 29, 2021",Women's Street Footwear,South,Sports Direct,Outlet,Tennessee,40,81,20
"May 17, 2021",Women's Street Footwear,South,Sports Direct,Outlet,Tennessee,44,92,21
"August 19, 2021",Women's Street Footwear,South,Sports Direct,Outlet,Texas,27,39,14
"August 25, 2021",Women's Street Footwear,South,Sports Direct,Outlet,Texas,20,31,16
"August 31, 2021",Women's Street Footwear,South,Sports Direct,Outlet,Texas,20,36,18
"September 12, 2021",Women's Street Footwear,South,Sports Direct,Outlet,Texas,30,65,22
"September 6, 2021",Women's Street Footwear,South,Sports Direct,Outlet,Texas,19,38,20
"September 18, 2021",Women's Street Footwear,South,Sports Direct,Outlet,Texas,33,106,32
"October 6, 2021",Women's Street Footwear,South,Sports Direct,Outlet,Texas,32,61,19
"October 18, 2021",Women's Street Footwear,South,Sports Direct,Outlet,Texas,46,110,24
"October 12, 2021",Women's Street Footwear,South,Sports Direct,Outlet,Texas,51,116,23
"September 30, 2021",Women's Street Footwear,South,Sports Direct,Outlet,Texas,47,119,25
"September 24, 2021",Women's Street Footwear,South,Sports Direct,Outlet,Texas,35,116,33
"August 8, 2020",Women's Street Footwear,South,Sports Direct,Outlet,Texas,24,56,23
"July 27, 2020",Women's Street Footwear,South,Sports Direct,Outlet,Texas,27,64,24
"August 2, 2020",Women's Street Footwear,South,Sports Direct,Outlet,Texas,23,52,22
"October 21, 2021",Men's Apparel,South,Walmart,Outlet,Arkansas,21,19,9
"February 21, 2021",Men's Apparel,South,Walmart,Outlet,Arkansas,23,26,11
"April 20, 2021",Men's Apparel,South,Walmart,Outlet,Arkansas,31,23,8
"August 20, 2021",Men's Apparel,South,Walmart,Outlet,Arkansas,40,45,11
"September 19, 2021",Men's Apparel,South,Walmart,Outlet,Arkansas,18,20,11
"May 19, 2021",Men's Apparel,South,Walmart,Outlet,Arkansas,32,36,11
"June 21, 2021",Men's Apparel,South,Walmart,Outlet,Arkansas,37,43,12
"March 19, 2021",Men's Apparel,South,Walmart,Outlet,Arkansas,24,21,9
"July 19, 2021",Men's Apparel,South,Walmart,Outlet,Arkansas,40,60,15
"August 22, 2020",Men's Apparel,South,Walmart,Outlet,Texas,29,64,22
"October 24, 2020",Men's Apparel,South,Walmart,Outlet,Texas,30,59,20
"August 10, 2020",Men's Apparel,South,Walmart,Outlet,Texas,34,61,18
"September 3, 2020",Men's Apparel,South,Walmart,Outlet,Texas,35,80,23
"August 16, 2020",Men's Apparel,South,Walmart,Outlet,Texas,35,63,18
"October 30, 2020",Men's Apparel,South,Walmart,Outlet,Texas,30,62,21
"August 28, 2020",Men's Apparel,South,Walmart,Outlet,Texas,33,72,22
"September 9, 2020",Men's Apparel,South,Walmart,Outlet,Texas,36,74,21
"September 15, 2020",Men's Apparel,South,Walmart,Outlet,Texas,35,64,18
"March 19, 2021",Men's Athletic Footwear,South,Walmart,Outlet,Arkansas,14,15,11
"July 19, 2021",Men's Athletic Footwear,South,Walmart,Outlet,Arkansas,36,59,16
"June 21, 2021",Men's Athletic Footwear,South,Walmart,Outlet,Arkansas,25,37,15
"August 20, 2021",Men's Athletic Footwear,South,Walmart,Outlet,Arkansas,42,68,16
"October 21, 2021",Men's Athletic Footwear,South,Walmart,Outlet,Arkansas,14,18,13
"April 20, 2021",Men's Athletic Footwear,South,Walmart,Outlet,Arkansas,20,20,10
"September 19, 2021",Men's Athletic Footwear,South,Walmart,Outlet,Arkansas,26,35,14
"May 19, 2021",Men's Athletic Footwear,South,Walmart,Outlet,Arkansas,28,32,12
"September 6, 2020",Men's Athletic Footwear,South,Walmart,Outlet,Texas,32,82,26
"August 31, 2020",Men's Athletic Footwear,South,Walmart,Outlet,Texas,33,101,31
"September 12, 2020",Men's Athletic Footwear,South,Walmart,Outlet,Texas,29,72,25
"October 21, 2020",Men's Athletic Footwear,South,Walmart,Outlet,Texas,31,95,31
"August 13, 2020",Men's Athletic Footwear,South,Walmart,Outlet,Texas,30,86,29
"August 25, 2020",Men's Athletic Footwear,South,Walmart,Outlet,Texas,32,91,29
"August 19, 2020",Men's Athletic Footwear,South,Walmart,Outlet,Texas,33,107,32
"October 27, 2020",Men's Athletic Footwear,South,Walmart,Outlet,Texas,34,113,33
"July 19, 2021",Men's Street Footwear,South,Walmart,Outlet,Arkansas,39,106,27
"September 19, 2021",Men's Street Footwear,South,Walmart,Outlet,Arkansas,35,77,22
"June 21, 2021",Men's Street Footwear,South,Walmart,Outlet,Arkansas,28,66,24
"April 20, 2021",Men's Street Footwear,South,Walmart,Outlet,Arkansas,19,39,20
"October 21, 2021",Men's Street Footwear,South,Walmart,Outlet,Arkansas,21,38,18
"August 20, 2021",Men's Street Footwear,South,Walmart,Outlet,Arkansas,43,100,23
"May 19, 2021",Men's Street Footwear,South,Walmart,Outlet,Arkansas,26,59,23
"March 19, 2021",Men's Street Footwear,South,Walmart,Outlet,Arkansas,15,31,21
"August 30, 2020",Men's Street Footwear,South,Walmart,Outlet,Texas,27,82,31
"October 20, 2020",Men's Street Footwear,South,Walmart,Outlet,Texas,34,92,27
"August 12, 2020",Men's Street Footwear,South,Walmart,Outlet,Texas,24,76,32
"September 11, 2020",Men's Street Footwear,South,Walmart,Outlet,Texas,31,84,27
"August 24, 2020",Men's Street Footwear,South,Walmart,Outlet,Texas,29,86,30
"October 26, 2020",Men's Street Footwear,South,Walmart,Outlet,Texas,32,107,33
"August 18, 2020",Men's Street Footwear,South,Walmart,Outlet,Texas,28,83,30
"September 5, 2020",Men's Street Footwear,South,Walmart,Outlet,Texas,33,87,26
"February 21, 2021",Women's Apparel,South,Walmart,Outlet,Arkansas,16,23,15
"September 19, 2021",Women's Apparel,South,Walmart,Outlet,Arkansas,22,31,14
"June 21, 2021",Women's Apparel,South,Walmart,Outlet,Arkansas,48,79,17
"April 20, 2021",Women's Apparel,South,Walmart,Outlet,Arkansas,24,29,12
"March 19, 2021",Women's Apparel,South,Walmart,Outlet,Arkansas,20,22,11
"July 19, 2021",Women's Apparel,South,Walmart,Outlet,Arkansas,50,99,20
"May 19, 2021",Women's Apparel,South,Walmart,Outlet,Arkansas,33,48,15
"August 20, 2021",Women's Apparel,South,Walmart,Outlet,Arkansas,40,77,19
"August 29, 2020",Women's Apparel,South,Walmart,Outlet,Texas,36,109,30
"September 4, 2020",Women's Apparel,South,Walmart,Outlet,Texas,39,105,27
"September 16, 2020",Women's Apparel,South,Walmart,Outlet,Texas,43,100,23
"August 11, 2020",Women's Apparel,South,Walmart,Outlet,Texas,27,73,27
"October 31, 2020",Women's Apparel,South,Walmart,Outlet,Texas,41,125,31
"August 17, 2020",Women's Apparel,South,Walmart,Outlet,Texas,32,94,30
"August 23, 2020",Women's Apparel,South,Walmart,Outlet,Texas,38,133,35
"September 10, 2020",Women's Apparel,South,Walmart,Outlet,Texas,42,125,30
"October 25, 2020",Women's Apparel,South,Walmart,Outlet,Texas,44,127,29
"September 19, 2021",Women's Athletic Footwear,South,Walmart,Outlet,Arkansas,12,12,10
"July 19, 2021",Women's Athletic Footwear,South,Walmart,Outlet,Arkansas,35,42,12
"June 21, 2021",Women's Athletic Footwear,South,Walmart,Outlet,Arkansas,29,36,12
"October 21, 2021",Women's Athletic Footwear,South,Walmart,Outlet,Arkansas,15,14,9
"August 20, 2021",Women's Athletic Footwear,South,Walmart,Outlet,Arkansas,29,38,13
"April 20, 2021",Women's Athletic Footwear,South,Walmart,Outlet,Arkansas,13,10,8
"March 19, 2021",Women's Athletic Footwear,South,Walmart,Outlet,Arkansas,15,11,7
"February 21, 2021",Women's Athletic Footwear,South,Walmart,Outlet,Arkansas,15,12,8
"May 19, 2021",Women's Athletic Footwear,South,Walmart,Outlet,Arkansas,24,22,9
"September 14, 2020",Women's Athletic Footwear,South,Walmart,Outlet,Texas,36,73,20
"August 21, 2020",Women's Athletic Footwear,South,Walmart,Outlet,Texas,26,68,26
"September 2, 2020",Women's Athletic Footwear,South,Walmart,Outlet,Texas,30,65,22
"October 23, 2020",Women's Athletic Footwear,South,Walmart,Outlet,Texas,36,83,23
"September 8, 2020",Women's Athletic Footwear,South,Walmart,Outlet,Texas,37,74,20
"August 15, 2020",Women's Athletic Footwear,South,Walmart,Outlet,Texas,31,76,25
"August 27, 2020",Women's Athletic Footwear,South,Walmart,Outlet,Texas,28,63,22
"October 29, 2020",Women's Athletic Footwear,South,Walmart,Outlet,Texas,36,76,21
"May 19, 2021",Women's Street Footwear,South,Walmart,Outlet,Arkansas,27,32,12
"July 19, 2021",Women's Street Footwear,South,Walmart,Outlet,Arkansas,32,45,14
"August 20, 2021",Women's Street Footwear,South,Walmart,Outlet,Arkansas,40,54,14
"March 19, 2021",Women's Street Footwear,South,Walmart,Outlet,Arkansas,8,9,11
"June 21, 2021",Women's Street Footwear,South,Walmart,Outlet,Arkansas,28,35,12
"October 21, 2021",Women's Street Footwear,South,Walmart,Outlet,Arkansas,16,16,10
"April 20, 2021",Women's Street Footwear,South,Walmart,Outlet,Arkansas,11,11,10
"September 19, 2021",Women's Street Footwear,South,Walmart,Outlet,Arkansas,11,14,12
"August 14, 2020",Women's Street Footwear,South,Walmart,Outlet,Texas,23,55,24
"September 13, 2020",Women's Street Footwear,South,Walmart,Outlet,Texas,39,99,26
"September 7, 2020",Women's Street Footwear,South,Walmart,Outlet,Texas,36,113,32
"October 28, 2020",Women's Street Footwear,South,Walmart,Outlet,Texas,38,113,30
"October 22, 2020",Women's Street Footwear,South,Walmart,Outlet,Texas,34,96,28
"August 20, 2020",Women's Street Footwear,South,Walmart,Outlet,Texas,27,71,26
"August 26, 2020",Women's Street Footwear,South,Walmart,Outlet,Texas,29,108,37
"September 1, 2020",Women's Street Footwear,South,Walmart,Outlet,Texas,29,108,37
"December 19, 2021",Men's Apparel,South,West Gear,Outlet,Arkansas,50,66,13
"January 23, 2021",Men's Apparel,South,West Gear,Outlet,Arkansas,23,21,9
"November 20, 2021",Men's Apparel,South,West Gear,Outlet,Arkansas,56,59,11
"August 20, 2021",Men's Apparel,South,West Gear,Outlet,Oklahoma,40,42,11
"September 19, 2021",Men's Apparel,South,West Gear,Outlet,Oklahoma,20,16,8
"October 21, 2021",Men's Apparel,South,West Gear,Outlet,Oklahoma,22,15,7
"June 21, 2021",Men's Apparel,South,West Gear,Outlet,Oklahoma,41,43,11
"April 20, 2021",Men's Apparel,South,West Gear,Outlet,Oklahoma,27,15,5
"February 21, 2021",Men's Apparel,South,West Gear,Outlet,Oklahoma,24,20,9
"May 19, 2021",Men's Apparel,South,West Gear,Outlet,Oklahoma,33,26,8
"July 19, 2021",Men's Apparel,South,West Gear,Outlet,Oklahoma,43,50,12
"March 19, 2021",Men's Apparel,South,West Gear,Outlet,Oklahoma,26,16,6
"January 23, 2021",Men's Athletic Footwear,South,West Gear,Outlet,Arkansas,18,22,12
"February 21, 2021",Men's Athletic Footwear,South,West Gear,Outlet,Arkansas,17,14,8
"December 19, 2021",Men's Athletic Footwear,South,West Gear,Outlet,Arkansas,46,71,16
"November 20, 2021",Men's Athletic Footwear,South,West Gear,Outlet,Arkansas,11,13,12
"May 19, 2021",Men's Athletic Footwear,South,West Gear,Outlet,Oklahoma,29,27,9
"July 19, 2021",Men's Athletic Footwear,South,West Gear,Outlet,Oklahoma,35,47,14
"April 20, 2021",Men's Athletic Footwear,South,West Gear,Outlet,Oklahoma,18,14,8
"June 21, 2021",Men's Athletic Footwear,South,West Gear,Outlet,Oklahoma,25,31,12
"March 19, 2021",Men's Athletic Footwear,South,West Gear,Outlet,Oklahoma,15,12,8
"September 19, 2021",Men's Athletic Footwear,South,West Gear,Outlet,Oklahoma,28,36,13
"October 21, 2021",Men's Athletic Footwear,South,West Gear,Outlet,Oklahoma,14,16,11
"August 20, 2021",Men's Athletic Footwear,South,West Gear,Outlet,Oklahoma,37,52,14
"February 21, 2021",Men's Street Footwear,South,West Gear,Outlet,Arkansas,18,37,21
"November 20, 2021",Men's Street Footwear,South,West Gear,Outlet,Arkansas,18,32,18
"December 19, 2021",Men's Street Footwear,South,West Gear,Outlet,Arkansas,55,131,24
"January 23, 2021",Men's Street Footwear,South,West Gear,Outlet,Arkansas,17,30,18
"August 20, 2021",Men's Street Footwear,South,West Gear,Outlet,Oklahoma,41,94,23
"July 19, 2021",Men's Street Footwear,South,West Gear,Outlet,Oklahoma,43,102,24
"May 19, 2021",Men's Street Footwear,South,West Gear,Outlet,Oklahoma,28,50,18
"March 19, 2021",Men's Street Footwear,South,West Gear,Outlet,Oklahoma,14,25,18
"April 20, 2021",Men's Street Footwear,South,West Gear,Outlet,Oklahoma,20,37,18
"June 21, 2021",Men's Street Footwear,South,West Gear,Outlet,Oklahoma,32,61,19
"September 19, 2021",Men's Street Footwear,South,West Gear,Outlet,Oklahoma,35,69,20
"October 21, 2021",Men's Street Footwear,South,West Gear,Outlet,Oklahoma,20,35,17
"January 23, 2021",Women's Apparel,South,West Gear,Outlet,Arkansas,18,22,12
"October 21, 2021",Women's Apparel,South,West Gear,Outlet,Arkansas,20,26,13
"November 20, 2021",Women's Apparel,South,West Gear,Outlet,Arkansas,53,72,14
"December 19, 2021",Women's Apparel,South,West Gear,Outlet,Arkansas,55,94,17
"January 5, 2021",Women's Apparel,South,West Gear,Outlet,Louisiana,23,34,15
"June 21, 2021",Women's Apparel,South,West Gear,Outlet,Oklahoma,40,57,14
"April 20, 2021",Women's Apparel,South,West Gear,Outlet,Oklahoma,22,24,11
"May 19, 2021",Women's Apparel,South,West Gear,Outlet,Oklahoma,33,38,12
"February 21, 2021",Women's Apparel,South,West Gear,Outlet,Oklahoma,14,16,11
"March 19, 2021",Women's Apparel,South,West Gear,Outlet,Oklahoma,18,16,9
"September 19, 2021",Women's Apparel,South,West Gear,Outlet,Oklahoma,23,27,12
"August 20, 2021",Women's Apparel,South,West Gear,Outlet,Oklahoma,40,66,17
"July 19, 2021",Women's Apparel,South,West Gear,Outlet,Oklahoma,45,73,16
"January 23, 2021",Women's Athletic Footwear,South,West Gear,Outlet,Arkansas,13,10,7
"November 20, 2021",Women's Athletic Footwear,South,West Gear,Outlet,Arkansas,41,52,13
"December 19, 2021",Women's Athletic Footwear,South,West Gear,Outlet,Arkansas,40,50,12
"September 19, 2021",Women's Athletic Footwear,South,West Gear,Outlet,Oklahoma,12,10,8
"October 21, 2021",Women's Athletic Footwear,South,West Gear,Outlet,Oklahoma,15,9,6
"May 19, 2021",Women's Athletic Footwear,South,West Gear,Outlet,Oklahoma,26,19,7
"August 20, 2021",Women's Athletic Footwear,South,West Gear,Outlet,Oklahoma,32,36,11
"April 20, 2021",Women's Athletic Footwear,South,West Gear,Outlet,Oklahoma,15,7,5
"June 21, 2021",Women's Athletic Footwear,South,West Gear,Outlet,Oklahoma,29,30,10
"February 21, 2021",Women's Athletic Footwear,South,West Gear,Outlet,Oklahoma,15,9,6
"July 19, 2021",Women's Athletic Footwear,South,West Gear,Outlet,Oklahoma,36,39,11
"March 19, 2021",Women's Athletic Footwear,South,West Gear,Outlet,Oklahoma,16,6,4
"January 23, 2021",Women's Street Footwear,South,West Gear,Outlet,Arkansas,10,13,13
"November 20, 2021",Women's Street Footwear,South,West Gear,Outlet,Arkansas,19,19,10
"December 19, 2021",Women's Street Footwear,South,West Gear,Outlet,Arkansas,43,64,15
"February 21, 2021",Women's Street Footwear,South,West Gear,Outlet,Arkansas,12,12,10
"September 19, 2021",Women's Street Footwear,South,West Gear,Outlet,Oklahoma,12,11,9
"October 21, 2021",Women's Street Footwear,South,West Gear,Outlet,Oklahoma,14,10,7
"May 19, 2021",Women's Street Footwear,South,West Gear,Outlet,Oklahoma,27,24,9
"June 21, 2021",Women's Street Footwear,South,West Gear,Outlet,Oklahoma,27,29,11
"July 19, 2021",Women's Street Footwear,South,West Gear,Outlet,Oklahoma,33,43,13
"March 19, 2021",Women's Street Footwear,South,West Gear,Outlet,Oklahoma,7,6,8
"April 20, 2021",Women's Street Footwear,South,West Gear,Outlet,Oklahoma,10,7,7
"August 20, 2021",Women's Street Footwear,South,West Gear,Outlet,Oklahoma,38,43,11
"February 4, 2021",Men's Apparel,West,Foot Locker,Outlet,Idaho,31,27,9
"December 4, 2021",Men's Apparel,West,Foot Locker,Outlet,Idaho,43,63,15
"March 6, 2021",Men's Athletic Footwear,West,Foot Locker,Outlet,Idaho,27,51,19
"August 8, 2021",Men's Athletic Footwear,West,Foot Locker,Outlet,Idaho,37,94,26
"December 4, 2021",Men's Athletic Footwear,West,Foot Locker,Outlet,Idaho,41,98,24
"March 6, 2021",Men's Street Footwear,West,Foot Locker,Outlet,Idaho,21,42,20
"August 8, 2021",Men's Street Footwear,West,Foot Locker,Outlet,Idaho,38,89,23
"December 4, 2021",Men's Street Footwear,West,Foot Locker,Outlet,Idaho,40,96,24
"February 4, 2021",Women's Apparel,West,Foot Locker,Outlet,Idaho,26,35,14
"July 6, 2021",Women's Apparel,West,Foot Locker,Outlet,Idaho,51,135,26
"December 4, 2021",Women's Apparel,West,Foot Locker,Outlet,Idaho,47,109,23
"February 4, 2021",Women's Athletic Footwear,West,Foot Locker,Outlet,Idaho,27,31,12
"March 6, 2021",Women's Athletic Footwear,West,Foot Locker,Outlet,Idaho,26,29,11
"December 4, 2021",Women's Athletic Footwear,West,Foot Locker,Outlet,Idaho,44,81,18
"August 8, 2021",Women's Athletic Footwear,West,Foot Locker,Outlet,Idaho,33,53,16
"March 6, 2021",Women's Street Footwear,West,Foot Locker,Outlet,Idaho,20,27,14
"August 8, 2021",Women's Street Footwear,West,Foot Locker,Outlet,Idaho,39,119,31
"December 4, 2021",Women's Street Footwear,West,Foot Locker,Outlet,Idaho,47,105,22
"November 5, 2021",Men's Apparel,West,Sports Direct,Outlet,Idaho,41,61,15
"October 4, 2021",Men's Apparel,West,Sports Direct,Outlet,Idaho,25,31,12
"September 5, 2021",Men's Apparel,West,Sports Direct,Outlet,Idaho,42,59,14
"August 8, 2021",Men's Apparel,West,Sports Direct,Outlet,Idaho,39,65,17
"October 4, 2021",Men's Athletic Footwear,West,Sports Direct,Outlet,Idaho,27,51,19
"November 5, 2021",Men's Athletic Footwear,West,Sports Direct,Outlet,Idaho,28,62,22
"September 5, 2021",Men's Athletic Footwear,West,Sports Direct,Outlet,Idaho,38,83,22
"November 5, 2021",Men's Street Footwear,West,Sports Direct,Outlet,Idaho,27,55,20
"October 4, 2021",Men's Street Footwear,West,Sports Direct,Outlet,Idaho,30,60,20
"September 5, 2021",Men's Street Footwear,West,Sports Direct,Outlet,Idaho,41,94,23
"September 5, 2021",Women's Apparel,West,Sports Direct,Outlet,Idaho,36,72,20
"October 4, 2021",Women's Apparel,West,Sports Direct,Outlet,Idaho,34,61,18
"November 5, 2021",Women's Apparel,West,Sports Direct,Outlet,Idaho,51,99,19
"August 8, 2021",Women's Apparel,West,Sports Direct,Outlet,Idaho,44,105,24
"November 5, 2021",Women's Athletic Footwear,West,Sports Direct,Outlet,Idaho,43,68,16
"October 4, 2021",Women's Athletic Footwear,West,Sports Direct,Outlet,Idaho,35,41,12
"September 5, 2021",Women's Athletic Footwear,West,Sports Direct,Outlet,Idaho,40,54,14
"October 4, 2021",Women's Street Footwear,West,Sports Direct,Outlet,Idaho,31,55,18
"November 5, 2021",Women's Street Footwear,West,Sports Direct,Outlet,Idaho,42,88,21
"September 5, 2021",Women's Street Footwear,West,Sports Direct,Outlet,Idaho,43,87,20
"April 5, 2021",Men's Apparel,West,West Gear,Outlet,Idaho,27,25,9
"June 4, 2021",Men's Apparel,West,West Gear,Outlet,Idaho,43,68,16
"March 6, 2021",Men's Apparel,West,West Gear,Outlet,Idaho,32,28,9
"May 5, 2021",Men's Apparel,West,West Gear,Outlet,Idaho,34,41,12
"July 6, 2021",Men's Apparel,West,West Gear,Outlet,Idaho,43,74,17
"April 5, 2021",Men's Athletic Footwear,West,West Gear,Outlet,Idaho,21,45,22
"May 5, 2021",Men's Athletic Footwear,West,West Gear,Outlet,Idaho,22,54,25
"June 4, 2021",Men's Athletic Footwear,West,West Gear,Outlet,Idaho,35,92,26
"July 6, 2021",Men's Athletic Footwear,West,West Gear,Outlet,Idaho,40,108,27
"June 4, 2021",Men's Street Footwear,West,West Gear,Outlet,Idaho,31,72,23
"May 5, 2021",Men's Street Footwear,West,West Gear,Outlet,Idaho,14,29,21
"April 5, 2021",Men's Street Footwear,West,West Gear,Outlet,Idaho,15,32,22
"July 6, 2021",Men's Street Footwear,West,West Gear,Outlet,Idaho,35,92,26
"March 6, 2021",Women's Apparel,West,West Gear,Outlet,Idaho,25,31,12
"May 5, 2021",Women's Apparel,West,West Gear,Outlet,Idaho,33,79,24
"June 4, 2021",Women's Apparel,West,West Gear,Outlet,Idaho,39,97,25
"April 5, 2021",Women's Apparel,West,West Gear,Outlet,Idaho,23,40,18
"April 5, 2021",Women's Athletic Footwear,West,West Gear,Outlet,Idaho,20,23,12
"June 4, 2021",Women's Athletic Footwear,West,West Gear,Outlet,Idaho,33,62,19
"May 5, 2021",Women's Athletic Footwear,West,West Gear,Outlet,Idaho,24,37,16
"July 6, 2021",Women's Athletic Footwear,West,West Gear,Outlet,Idaho,38,60,16
"April 5, 2021",Women's Street Footwear,West,West Gear,Outlet,Idaho,19,31,16
"May 5, 2021",Women's Street Footwear,West,West Gear,Outlet,Idaho,18,33,18
"June 4, 2021",Women's Street Footwear,West,West Gear,Outlet,Idaho,34,63,19
"July 6, 2021",Women's Street Footwear,West,West Gear,Outlet,Idaho,34,95,28
